employee_id,month,working_days,present_days,absent_days,leave_days,attendance_rate_percent,absenteeism_rate_percent
EMP001,2025-01,22,18,1,3,81.8,4.5
EMP001,2025-02,20,18,2,0,90.0,10.0
EMP001,2025-03,21,19,0,2,90.5,0.0
EMP001,2025-04,22,20,1,1,90.9,4.5
EMP001,2025-05,22,19,1,2,86.4,4.5
EMP001,2025-06,21,20,1,0,95.2,4.8
EMP001,2025-07,23,20,1,2,87.0,4.3
EMP001,2025-08,21,18,1,2,85.7,4.8
EMP001,2025-09,21,20,1,0,95.2,4.8
EMP001,2025-10,22,19,1,2,86.4,4.5
EMP001,2025-11,20,17,1,2,85.0,5.0
EMP001,2025-12,21,16,2,3,76.2,9.5
EMP002,2025-01,22,20,2,0,90.9,9.1
EMP002,2025-02,20,18,2,0,90.0,10.0
EMP002,2025-03,21,16,2,3,76.2,9.5
EMP002,2025-04,22,21,1,0,95.5,4.5
EMP002,2025-05,22,19,2,1,86.4,9.1
EMP002,2025-06,21,17,2,2,81.0,9.5
EMP002,2025-07,23,18,2,3,78.3,8.7
EMP002,2025-08,21,19,2,0,90.5,9.5
EMP002,2025-09,21,18,2,1,85.7,9.5
EMP002,2025-10,22,19,1,2,86.4,4.5
EMP002,2025-11,20,17,2,1,85.0,10.0
EMP002,2025-12,21,16,2,3,76.2,9.5
EMP003,2025-01,22,17,3,2,77.3,13.6
EMP003,2025-02,20,14,3,3,70.0,15.0
EMP003,2025-03,21,19,2,0,90.5,9.5
EMP003,2025-04,22,19,1,2,86.4,4.5
EMP003,2025-05,22,19,2,1,86.4,9.1
EMP003,2025-06,21,19,2,0,90.5,9.5
EMP003,2025-07,23,18,2,3,78.3,8.7
EMP003,2025-08,21,18,1,2,85.7,4.8
EMP003,2025-09,21,18,2,1,85.7,9.5
EMP003,2025-10,22,19,2,1,86.4,9.1
EMP003,2025-11,20,16,1,3,80.0,5.0
EMP003,2025-12,21,17,3,1,81.0,14.3
EMP004,2025-01,22,21,1,0,95.5,4.5
EMP004,2025-02,20,17,1,2,85.0,5.0
EMP004,2025-03,21,21,0,0,100.0,0.0
EMP004,2025-04,22,19,1,2,86.4,4.5
EMP004,2025-05,22,20,1,1,90.9,4.5
EMP004,2025-06,21,20,0,1,95.2,0.0
EMP004,2025-07,23,19,1,3,82.6,4.3
EMP004,2025-08,21,18,1,2,85.7,4.8
EMP004,2025-09,21,21,0,0,100.0,0.0
EMP004,2025-10,22,19,0,3,86.4,0.0
EMP004,2025-11,20,18,1,1,90.0,5.0
EMP004,2025-12,21,19,0,2,90.5,0.0
EMP005,2025-01,22,19,0,3,86.4,0.0
EMP005,2025-02,20,18,1,1,90.0,5.0
EMP005,2025-03,21,16,2,3,76.2,9.5
EMP005,2025-04,22,19,1,2,86.4,4.5
EMP005,2025-05,22,19,1,2,86.4,4.5
EMP005,2025-06,21,17,1,3,81.0,4.8
EMP005,2025-07,23,21,1,1,91.3,4.3
EMP005,2025-08,21,16,2,3,76.2,9.5
EMP005,2025-09,21,16,2,3,76.2,9.5
EMP005,2025-10,22,19,1,2,86.4,4.5
EMP005,2025-11,20,17,1,2,85.0,5.0
EMP005,2025-12,21,18,1,2,85.7,4.8
EMP006,2025-01,22,19,2,1,86.4,9.1
EMP006,2025-02,20,19,1,0,95.0,5.0
EMP006,2025-03,21,15,3,3,71.4,14.3
EMP006,2025-04,22,18,2,2,81.8,9.1
EMP006,2025-05,22,19,3,0,86.4,13.6
EMP006,2025-06,21,16,2,3,76.2,9.5
EMP006,2025-07,23,17,3,3,73.9,13.0
EMP006,2025-08,21,16,2,3,76.2,9.5
EMP006,2025-09,21,18,2,1,85.7,9.5
EMP006,2025-10,22,21,1,0,95.5,4.5
EMP006,2025-11,20,17,3,0,85.0,15.0
EMP006,2025-12,21,16,2,3,76.2,9.5
EMP007,2025-01,22,20,1,1,90.9,4.5
EMP007,2025-02,20,18,0,2,90.0,0.0
EMP007,2025-03,21,21,0,0,100.0,0.0
EMP007,2025-04,22,22,0,0,100.0,0.0
EMP007,2025-05,22,20,0,2,90.9,0.0
EMP007,2025-06,21,19,1,1,90.5,4.8
EMP007,2025-07,23,20,0,3,87.0,0.0
EMP007,2025-08,21,20,0,1,95.2,0.0
EMP007,2025-09,21,18,1,2,85.7,4.8
EMP007,2025-10,22,21,0,1,95.5,0.0
EMP007,2025-11,20,17,0,3,85.0,0.0
EMP007,2025-12,21,19,0,2,90.5,0.0
EMP008,2025-01,22,20,1,1,90.9,4.5
EMP008,2025-02,20,15,3,2,75.0,15.0
EMP008,2025-03,21,17,1,3,81.0,4.8
EMP008,2025-04,22,18,2,2,81.8,9.1
EMP008,2025-05,22,18,2,2,81.8,9.1
EMP008,2025-06,21,17,2,2,81.0,9.5
EMP008,2025-07,23,21,2,0,91.3,8.7
EMP008,2025-08,21,17,3,1,81.0,14.3
EMP008,2025-09,21,16,2,3,76.2,9.5
EMP008,2025-10,22,20,2,0,90.9,9.1
EMP008,2025-11,20,17,1,2,85.0,5.0
EMP008,2025-12,21,18,2,1,85.7,9.5
EMP009,2025-01,22,17,3,2,77.3,13.6
EMP009,2025-02,20,13,4,3,65.0,20.0
EMP009,2025-03,21,17,3,1,81.0,14.3
EMP009,2025-04,22,18,3,1,81.8,13.6
EMP009,2025-05,22,18,2,2,81.8,9.1
EMP009,2025-06,21,14,4,3,66.7,19.0
EMP009,2025-07,23,17,3,3,73.9,13.0
EMP009,2025-08,21,17,4,0,81.0,19.0
EMP009,2025-09,21,16,4,1,76.2,19.0
EMP009,2025-10,22,17,3,2,77.3,13.6
EMP009,2025-11,20,17,2,1,85.0,10.0
EMP009,2025-12,21,14,4,3,66.7,19.0
EMP010,2025-01,22,19,2,1,86.4,9.1
EMP010,2025-02,20,15,2,3,75.0,10.0
EMP010,2025-03,21,19,2,0,90.5,9.5
EMP010,2025-04,22,18,2,2,81.8,9.1
EMP010,2025-05,22,17,3,2,77.3,13.6
EMP010,2025-06,21,18,2,1,85.7,9.5
EMP010,2025-07,23,18,3,2,78.3,13.0
EMP010,2025-08,21,17,3,1,81.0,14.3
EMP010,2025-09,21,17,2,2,81.0,9.5
EMP010,2025-10,22,18,2,2,81.8,9.1
EMP010,2025-11,20,19,1,0,95.0,5.0
EMP010,2025-12,21,17,2,2,81.0,9.5
EMP011,2025-01,22,20,1,1,90.9,4.5
EMP011,2025-02,20,16,1,3,80.0,5.0
EMP011,2025-03,21,17,1,3,81.0,4.8
EMP011,2025-04,22,20,1,1,90.9,4.5
EMP011,2025-05,22,19,0,3,86.4,0.0
EMP011,2025-06,21,17,2,2,81.0,9.5
EMP011,2025-07,23,21,1,1,91.3,4.3
EMP011,2025-08,21,17,1,3,81.0,4.8
EMP011,2025-09,21,19,1,1,90.5,4.8
EMP011,2025-10,22,19,1,2,86.4,4.5
EMP011,2025-11,20,18,1,1,90.0,5.0
EMP011,2025-12,21,17,1,3,81.0,4.8
EMP012,2025-01,22,20,1,1,90.9,4.5
EMP012,2025-02,20,18,2,0,90.0,10.0
EMP012,2025-03,21,18,1,2,85.7,4.8
EMP012,2025-04,22,21,1,0,95.5,4.5
EMP012,2025-05,22,19,2,1,86.4,9.1
EMP012,2025-06,21,17,1,3,81.0,4.8
EMP012,2025-07,23,20,0,3,87.0,0.0
EMP012,2025-08,21,19,2,0,90.5,9.5
EMP012,2025-09,21,21,0,0,100.0,0.0
EMP012,2025-10,22,22,0,0,100.0,0.0
EMP012,2025-11,20,17,2,1,85.0,10.0
EMP012,2025-12,21,20,1,0,95.2,4.8
EMP013,2025-01,22,22,0,0,100.0,0.0
EMP013,2025-02,20,18,1,1,90.0,5.0
EMP013,2025-03,21,18,2,1,85.7,9.5
EMP013,2025-04,22,19,0,3,86.4,0.0
EMP013,2025-05,22,18,1,3,81.8,4.5
EMP013,2025-06,21,20,0,1,95.2,0.0
EMP013,2025-07,23,21,0,2,91.3,0.0
EMP013,2025-08,21,20,1,0,95.2,4.8
EMP013,2025-09,21,17,2,2,81.0,9.5
EMP013,2025-10,22,20,2,0,90.9,9.1
EMP013,2025-11,20,17,1,2,85.0,5.0
EMP013,2025-12,21,19,0,2,90.5,0.0
EMP014,2025-01,22,19,1,2,86.4,4.5
EMP014,2025-02,20,18,0,2,90.0,0.0
EMP014,2025-03,21,20,1,0,95.2,4.8
EMP014,2025-04,22,19,2,1,86.4,9.1
EMP014,2025-05,22,20,0,2,90.9,0.0
EMP014,2025-06,21,17,2,2,81.0,9.5
EMP014,2025-07,23,20,1,2,87.0,4.3
EMP014,2025-08,21,20,1,0,95.2,4.8
EMP014,2025-09,21,18,0,3,85.7,0.0
EMP014,2025-10,22,20,1,1,90.9,4.5
EMP014,2025-11,20,15,2,3,75.0,10.0
EMP014,2025-12,21,20,0,1,95.2,0.0
EMP015,2025-01,22,20,1,1,90.9,4.5
EMP015,2025-02,20,19,0,1,95.0,0.0
EMP015,2025-03,21,19,1,1,90.5,4.8
EMP015,2025-04,22,18,1,3,81.8,4.5
EMP015,2025-05,22,22,0,0,100.0,0.0
EMP015,2025-06,21,20,1,0,95.2,4.8
EMP015,2025-07,23,22,1,0,95.7,4.3
EMP015,2025-08,21,17,1,3,81.0,4.8
EMP015,2025-09,21,18,0,3,85.7,0.0
EMP015,2025-10,22,19,1,2,86.4,4.5
EMP015,2025-11,20,16,1,3,80.0,5.0
EMP015,2025-12,21,19,1,1,90.5,4.8
EMP016,2025-01,22,21,1,0,95.5,4.5
EMP016,2025-02,20,17,1,2,85.0,5.0
EMP016,2025-03,21,20,1,0,95.2,4.8
EMP016,2025-04,22,19,1,2,86.4,4.5
EMP016,2025-05,22,20,1,1,90.9,4.5
EMP016,2025-06,21,20,1,0,95.2,4.8
EMP016,2025-07,23,21,1,1,91.3,4.3
EMP016,2025-08,21,19,1,1,90.5,4.8
EMP016,2025-09,21,18,0,3,85.7,0.0
EMP016,2025-10,22,20,0,2,90.9,0.0
EMP016,2025-11,20,17,1,2,85.0,5.0
EMP016,2025-12,21,20,1,0,95.2,4.8
EMP017,2025-01,22,19,2,1,86.4,9.1
EMP017,2025-02,20,15,2,3,75.0,10.0
EMP017,2025-03,21,18,1,2,85.7,4.8
EMP017,2025-04,22,20,2,0,90.9,9.1
EMP017,2025-05,22,16,3,3,72.7,13.6
EMP017,2025-06,21,18,2,1,85.7,9.5
EMP017,2025-07,23,19,2,2,82.6,8.7
EMP017,2025-08,21,18,1,2,85.7,4.8
EMP017,2025-09,21,16,2,3,76.2,9.5
EMP017,2025-10,22,19,2,1,86.4,9.1
EMP017,2025-11,20,18,1,1,90.0,5.0
EMP017,2025-12,21,17,3,1,81.0,14.3
EMP018,2025-01,22,19,3,0,86.4,13.6
EMP018,2025-02,20,17,2,1,85.0,10.0
EMP018,2025-03,21,15,3,3,71.4,14.3
EMP018,2025-04,22,19,1,2,86.4,4.5
EMP018,2025-05,22,19,1,2,86.4,4.5
EMP018,2025-06,21,17,2,2,81.0,9.5
EMP018,2025-07,23,19,2,2,82.6,8.7
EMP018,2025-08,21,18,2,1,85.7,9.5
EMP018,2025-09,21,16,2,3,76.2,9.5
EMP018,2025-10,22,18,2,2,81.8,9.1
EMP018,2025-11,20,17,2,1,85.0,10.0
EMP018,2025-12,21,18,1,2,85.7,4.8
EMP019,2025-01,22,17,2,3,77.3,9.1
EMP019,2025-02,20,15,3,2,75.0,15.0
EMP019,2025-03,21,16,3,2,76.2,14.3
EMP019,2025-04,22,18,3,1,81.8,13.6
EMP019,2025-05,22,16,4,2,72.7,18.2
EMP019,2025-06,21,18,3,0,85.7,14.3
EMP019,2025-07,23,20,3,0,87.0,13.0
EMP019,2025-08,21,17,2,2,81.0,9.5
EMP019,2025-09,21,16,3,2,76.2,14.3
EMP019,2025-10,22,16,3,3,72.7,13.6
EMP019,2025-11,20,15,4,1,75.0,20.0
EMP019,2025-12,21,17,4,0,81.0,19.0
EMP020,2025-01,22,20,0,2,90.9,0.0
EMP020,2025-02,20,20,0,0,100.0,0.0
EMP020,2025-03,21,19,0,2,90.5,0.0
EMP020,2025-04,22,22,0,0,100.0,0.0
EMP020,2025-05,22,20,0,2,90.9,0.0
EMP020,2025-06,21,18,0,3,85.7,0.0
EMP020,2025-07,23,21,0,2,91.3,0.0
EMP020,2025-08,21,20,0,1,95.2,0.0
EMP020,2025-09,21,19,1,1,90.5,4.8
EMP020,2025-10,22,20,0,2,90.9,0.0
EMP020,2025-11,20,20,0,0,100.0,0.0
EMP020,2025-12,21,21,0,0,100.0,0.0
EMP021,2025-01,22,19,2,1,86.4,9.1
EMP021,2025-02,20,15,2,3,75.0,10.0
EMP021,2025-03,21,19,2,0,90.5,9.5
EMP021,2025-04,22,19,1,2,86.4,4.5
EMP021,2025-05,22,20,0,2,90.9,0.0
EMP021,2025-06,21,18,1,2,85.7,4.8
EMP021,2025-07,23,22,1,0,95.7,4.3
EMP021,2025-08,21,16,2,3,76.2,9.5
EMP021,2025-09,21,17,1,3,81.0,4.8
EMP021,2025-10,22,18,1,3,81.8,4.5
EMP021,2025-11,20,17,1,2,85.0,5.0
EMP021,2025-12,21,20,1,0,95.2,4.8
EMP022,2025-01,22,18,1,3,81.8,4.5
EMP022,2025-02,20,18,2,0,90.0,10.0
EMP022,2025-03,21,17,2,2,81.0,9.5
EMP022,2025-04,22,17,2,3,77.3,9.1
EMP022,2025-05,22,19,1,2,86.4,4.5
EMP022,2025-06,21,19,0,2,90.5,0.0
EMP022,2025-07,23,20,1,2,87.0,4.3
EMP022,2025-08,21,19,1,1,90.5,4.8
EMP022,2025-09,21,20,1,0,95.2,4.8
EMP022,2025-10,22,20,0,2,90.9,0.0
EMP022,2025-11,20,16,1,3,80.0,5.0
EMP022,2025-12,21,20,1,0,95.2,4.8
EMP023,2025-01,22,19,1,2,86.4,4.5
EMP023,2025-02,20,19,1,0,95.0,5.0
EMP023,2025-03,21,18,0,3,85.7,0.0
EMP023,2025-04,22,20,1,1,90.9,4.5
EMP023,2025-05,22,20,1,1,90.9,4.5
EMP023,2025-06,21,20,1,0,95.2,4.8
EMP023,2025-07,23,21,0,2,91.3,0.0
EMP023,2025-08,21,16,2,3,76.2,9.5
EMP023,2025-09,21,20,1,0,95.2,4.8
EMP023,2025-10,22,21,1,0,95.5,4.5
EMP023,2025-11,20,18,2,0,90.0,10.0
EMP023,2025-12,21,20,1,0,95.2,4.8
EMP024,2025-01,22,19,1,2,86.4,4.5
EMP024,2025-02,20,18,1,1,90.0,5.0
EMP024,2025-03,21,21,0,0,100.0,0.0
EMP024,2025-04,22,20,1,1,90.9,4.5
EMP024,2025-05,22,21,0,1,95.5,0.0
EMP024,2025-06,21,17,1,3,81.0,4.8
EMP024,2025-07,23,19,1,3,82.6,4.3
EMP024,2025-08,21,19,0,2,90.5,0.0
EMP024,2025-09,21,18,1,2,85.7,4.8
EMP024,2025-10,22,17,2,3,77.3,9.1
EMP024,2025-11,20,17,1,2,85.0,5.0
EMP024,2025-12,21,20,1,0,95.2,4.8
EMP025,2025-01,22,22,0,0,100.0,0.0
EMP025,2025-02,20,16,1,3,80.0,5.0
EMP025,2025-03,21,19,0,2,90.5,0.0
EMP025,2025-04,22,20,1,1,90.9,4.5
EMP025,2025-05,22,20,1,1,90.9,4.5
EMP025,2025-06,21,20,1,0,95.2,4.8
EMP025,2025-07,23,20,1,2,87.0,4.3
EMP025,2025-08,21,17,1,3,81.0,4.8
EMP025,2025-09,21,18,1,2,85.7,4.8
EMP025,2025-10,22,20,1,1,90.9,4.5
EMP025,2025-11,20,17,1,2,85.0,5.0
EMP025,2025-12,21,20,1,0,95.2,4.8
EMP026,2025-01,22,18,1,3,81.8,4.5
EMP026,2025-02,20,16,2,2,80.0,10.0
EMP026,2025-03,21,20,1,0,95.2,4.8
EMP026,2025-04,22,20,1,1,90.9,4.5
EMP026,2025-05,22,19,0,3,86.4,0.0
EMP026,2025-06,21,20,0,1,95.2,0.0
EMP026,2025-07,23,22,0,1,95.7,0.0
EMP026,2025-08,21,19,1,1,90.5,4.8
EMP026,2025-09,21,20,0,1,95.2,0.0
EMP026,2025-10,22,19,1,2,86.4,4.5
EMP026,2025-11,20,16,1,3,80.0,5.0
EMP026,2025-12,21,20,0,1,95.2,0.0
EMP027,2025-01,22,20,0,2,90.9,0.0
EMP027,2025-02,20,20,0,0,100.0,0.0
EMP027,2025-03,21,17,1,3,81.0,4.8
EMP027,2025-04,22,19,2,1,86.4,9.1
EMP027,2025-05,22,18,2,2,81.8,9.1
EMP027,2025-06,21,19,1,1,90.5,4.8
EMP027,2025-07,23,21,1,1,91.3,4.3
EMP027,2025-08,21,19,1,1,90.5,4.8
EMP027,2025-09,21,19,2,0,90.5,9.5
EMP027,2025-10,22,18,1,3,81.8,4.5
EMP027,2025-11,20,17,2,1,85.0,10.0
EMP027,2025-12,21,19,1,1,90.5,4.8
EMP028,2025-01,22,22,0,0,100.0,0.0
EMP028,2025-02,20,20,0,0,100.0,0.0
EMP028,2025-03,21,21,0,0,100.0,0.0
EMP028,2025-04,22,22,0,0,100.0,0.0
EMP028,2025-05,22,19,0,3,86.4,0.0
EMP028,2025-06,21,21,0,0,100.0,0.0
EMP028,2025-07,23,23,0,0,100.0,0.0
EMP028,2025-08,21,18,1,2,85.7,4.8
EMP028,2025-09,21,18,0,3,85.7,0.0
EMP028,2025-10,22,20,0,2,90.9,0.0
EMP028,2025-11,20,17,0,3,85.0,0.0
EMP028,2025-12,21,18,0,3,85.7,0.0
EMP029,2025-01,22,20,1,1,90.9,4.5
EMP029,2025-02,20,18,1,1,90.0,5.0
EMP029,2025-03,21,18,1,2,85.7,4.8
EMP029,2025-04,22,20,1,1,90.9,4.5
EMP029,2025-05,22,17,2,3,77.3,9.1
EMP029,2025-06,21,17,2,2,81.0,9.5
EMP029,2025-07,23,22,1,0,95.7,4.3
EMP029,2025-08,21,16,2,3,76.2,9.5
EMP029,2025-09,21,20,1,0,95.2,4.8
EMP029,2025-10,22,20,1,1,90.9,4.5
EMP029,2025-11,20,18,0,2,90.0,0.0
EMP029,2025-12,21,17,2,2,81.0,9.5
EMP030,2025-01,22,19,1,2,86.4,4.5
EMP030,2025-02,20,19,1,0,95.0,5.0
EMP030,2025-03,21,17,1,3,81.0,4.8
EMP030,2025-04,22,18,1,3,81.8,4.5
EMP030,2025-05,22,18,1,3,81.8,4.5
EMP030,2025-06,21,17,1,3,81.0,4.8
EMP030,2025-07,23,19,2,2,82.6,8.7
EMP030,2025-08,21,17,1,3,81.0,4.8
EMP030,2025-09,21,17,1,3,81.0,4.8
EMP030,2025-10,22,19,1,2,86.4,4.5
EMP030,2025-11,20,17,0,3,85.0,0.0
EMP030,2025-12,21,18,1,2,85.7,4.8
EMP031,2025-01,22,21,0,1,95.5,0.0
EMP031,2025-02,20,16,1,3,80.0,5.0
EMP031,2025-03,21,20,1,0,95.2,4.8
EMP031,2025-04,22,21,1,0,95.5,4.5
EMP031,2025-05,22,19,1,2,86.4,4.5
EMP031,2025-06,21,17,2,2,81.0,9.5
EMP031,2025-07,23,21,1,1,91.3,4.3
EMP031,2025-08,21,19,0,2,90.5,0.0
EMP031,2025-09,21,19,0,2,90.5,0.0
EMP031,2025-10,22,21,1,0,95.5,4.5
EMP031,2025-11,20,17,1,2,85.0,5.0
EMP031,2025-12,21,17,2,2,81.0,9.5
EMP032,2025-01,22,18,2,2,81.8,9.1
EMP032,2025-02,20,14,3,3,70.0,15.0
EMP032,2025-03,21,16,3,2,76.2,14.3
EMP032,2025-04,22,17,3,2,77.3,13.6
EMP032,2025-05,22,18,3,1,81.8,13.6
EMP032,2025-06,21,18,3,0,85.7,14.3
EMP032,2025-07,23,18,3,2,78.3,13.0
EMP032,2025-08,21,15,3,3,71.4,14.3
EMP032,2025-09,21,15,3,3,71.4,14.3
EMP032,2025-10,22,19,3,0,86.4,13.6
EMP032,2025-11,20,16,3,1,80.0,15.0
EMP032,2025-12,21,16,2,3,76.2,9.5
EMP033,2025-01,22,17,2,3,77.3,9.1
EMP033,2025-02,20,18,2,0,90.0,10.0
EMP033,2025-03,21,17,3,1,81.0,14.3
EMP033,2025-04,22,19,2,1,86.4,9.1
EMP033,2025-05,22,18,1,3,81.8,4.5
EMP033,2025-06,21,17,2,2,81.0,9.5
EMP033,2025-07,23,19,2,2,82.6,8.7
EMP033,2025-08,21,17,3,1,81.0,14.3
EMP033,2025-09,21,17,2,2,81.0,9.5
EMP033,2025-10,22,16,3,3,72.7,13.6
EMP033,2025-11,20,18,1,1,90.0,5.0
EMP033,2025-12,21,19,1,1,90.5,4.8
EMP034,2025-01,22,19,0,3,86.4,0.0
EMP034,2025-02,20,17,1,2,85.0,5.0
EMP034,2025-03,21,16,2,3,76.2,9.5
EMP034,2025-04,22,18,1,3,81.8,4.5
EMP034,2025-05,22,21,1,0,95.5,4.5
EMP034,2025-06,21,20,0,1,95.2,0.0
EMP034,2025-07,23,22,1,0,95.7,4.3
EMP034,2025-08,21,17,1,3,81.0,4.8
EMP034,2025-09,21,19,1,1,90.5,4.8
EMP034,2025-10,22,19,1,2,86.4,4.5
EMP034,2025-11,20,18,1,1,90.0,5.0
EMP034,2025-12,21,19,1,1,90.5,4.8
EMP035,2025-01,22,18,1,3,81.8,4.5
EMP035,2025-02,20,18,2,0,90.0,10.0
EMP035,2025-03,21,19,2,0,90.5,9.5
EMP035,2025-04,22,21,0,1,95.5,0.0
EMP035,2025-05,22,21,1,0,95.5,4.5
EMP035,2025-06,21,17,1,3,81.0,4.8
EMP035,2025-07,23,20,1,2,87.0,4.3
EMP035,2025-08,21,18,1,2,85.7,4.8
EMP035,2025-09,21,18,2,1,85.7,9.5
EMP035,2025-10,22,21,1,0,95.5,4.5
EMP035,2025-11,20,19,1,0,95.0,5.0
EMP035,2025-12,21,20,1,0,95.2,4.8
EMP036,2025-01,22,18,2,2,81.8,9.1
EMP036,2025-02,20,17,1,2,85.0,5.0
EMP036,2025-03,21,17,1,3,81.0,4.8
EMP036,2025-04,22,21,1,0,95.5,4.5
EMP036,2025-05,22,19,0,3,86.4,0.0
EMP036,2025-06,21,18,1,2,85.7,4.8
EMP036,2025-07,23,22,1,0,95.7,4.3
EMP036,2025-08,21,20,1,0,95.2,4.8
EMP036,2025-09,21,18,0,3,85.7,0.0
EMP036,2025-10,22,21,1,0,95.5,4.5
EMP036,2025-11,20,17,1,2,85.0,5.0
EMP036,2025-12,21,17,1,3,81.0,4.8
EMP037,2025-01,22,19,0,3,86.4,0.0
EMP037,2025-02,20,17,2,1,85.0,10.0
EMP037,2025-03,21,19,1,1,90.5,4.8
EMP037,2025-04,22,18,1,3,81.8,4.5
EMP037,2025-05,22,21,1,0,95.5,4.5
EMP037,2025-06,21,20,1,0,95.2,4.8
EMP037,2025-07,23,19,1,3,82.6,4.3
EMP037,2025-08,21,17,1,3,81.0,4.8
EMP037,2025-09,21,20,1,0,95.2,4.8
EMP037,2025-10,22,20,1,1,90.9,4.5
EMP037,2025-11,20,19,1,0,95.0,5.0
EMP037,2025-12,21,18,1,2,85.7,4.8
EMP038,2025-01,22,21,0,1,95.5,0.0
EMP038,2025-02,20,17,0,3,85.0,0.0
EMP038,2025-03,21,18,0,3,85.7,0.0
EMP038,2025-04,22,21,0,1,95.5,0.0
EMP038,2025-05,22,21,0,1,95.5,0.0
EMP038,2025-06,21,20,0,1,95.2,0.0
EMP038,2025-07,23,19,1,3,82.6,4.3
EMP038,2025-08,21,18,1,2,85.7,4.8
EMP038,2025-09,21,18,1,2,85.7,4.8
EMP038,2025-10,22,19,0,3,86.4,0.0
EMP038,2025-11,20,19,0,1,95.0,0.0
EMP038,2025-12,21,19,1,1,90.5,4.8
EMP039,2025-01,22,19,0,3,86.4,0.0
EMP039,2025-02,20,18,0,2,90.0,0.0
EMP039,2025-03,21,18,0,3,85.7,0.0
EMP039,2025-04,22,20,0,2,90.9,0.0
EMP039,2025-05,22,21,0,1,95.5,0.0
EMP039,2025-06,21,18,0,3,85.7,0.0
EMP039,2025-07,23,22,1,0,95.7,4.3
EMP039,2025-08,21,20,0,1,95.2,0.0
EMP039,2025-09,21,20,0,1,95.2,0.0
EMP039,2025-10,22,19,1,2,86.4,4.5
EMP039,2025-11,20,19,0,1,95.0,0.0
EMP039,2025-12,21,19,0,2,90.5,0.0
EMP040,2025-01,22,17,2,3,77.3,9.1
EMP040,2025-02,20,18,2,0,90.0,10.0
EMP040,2025-03,21,17,2,2,81.0,9.5
EMP040,2025-04,22,21,1,0,95.5,4.5
EMP040,2025-05,22,18,3,1,81.8,13.6
EMP040,2025-06,21,17,3,1,81.0,14.3
EMP040,2025-07,23,19,1,3,82.6,4.3
EMP040,2025-08,21,19,2,0,90.5,9.5
EMP040,2025-09,21,16,2,3,76.2,9.5
EMP040,2025-10,22,17,2,3,77.3,9.1
EMP040,2025-11,20,18,2,0,90.0,10.0
EMP040,2025-12,21,18,2,1,85.7,9.5
EMP041,2025-01,22,20,2,0,90.9,9.1
EMP041,2025-02,20,17,3,0,85.0,15.0
EMP041,2025-03,21,18,2,1,85.7,9.5
EMP041,2025-04,22,20,2,0,90.9,9.1
EMP041,2025-05,22,19,1,2,86.4,4.5
EMP041,2025-06,21,19,2,0,90.5,9.5
EMP041,2025-07,23,18,2,3,78.3,8.7
EMP041,2025-08,21,16,3,2,76.2,14.3
EMP041,2025-09,21,19,1,1,90.5,4.8
EMP041,2025-10,22,17,2,3,77.3,9.1
EMP041,2025-11,20,17,3,0,85.0,15.0
EMP041,2025-12,21,16,3,2,76.2,14.3
EMP042,2025-01,22,18,1,3,81.8,4.5
EMP042,2025-02,20,18,0,2,90.0,0.0
EMP042,2025-03,21,19,1,1,90.5,4.8
EMP042,2025-04,22,19,0,3,86.4,0.0
EMP042,2025-05,22,21,1,0,95.5,4.5
EMP042,2025-06,21,20,1,0,95.2,4.8
EMP042,2025-07,23,21,1,1,91.3,4.3
EMP042,2025-08,21,18,2,1,85.7,9.5
EMP042,2025-09,21,20,1,0,95.2,4.8
EMP042,2025-10,22,19,1,2,86.4,4.5
EMP042,2025-11,20,19,1,0,95.0,5.0
EMP042,2025-12,21,17,1,3,81.0,4.8
EMP043,2025-01,22,21,1,0,95.5,4.5
EMP043,2025-02,20,18,2,0,90.0,10.0
EMP043,2025-03,21,19,2,0,90.5,9.5
EMP043,2025-04,22,19,2,1,86.4,9.1
EMP043,2025-05,22,19,2,1,86.4,9.1
EMP043,2025-06,21,17,1,3,81.0,4.8
EMP043,2025-07,23,18,3,2,78.3,13.0
EMP043,2025-08,21,18,1,2,85.7,4.8
EMP043,2025-09,21,19,1,1,90.5,4.8
EMP043,2025-10,22,18,1,3,81.8,4.5
EMP043,2025-11,20,15,3,2,75.0,15.0
EMP043,2025-12,21,17,1,3,81.0,4.8
EMP044,2025-01,22,20,2,0,90.9,9.1
EMP044,2025-02,20,16,1,3,80.0,5.0
EMP044,2025-03,21,17,1,3,81.0,4.8
EMP044,2025-04,22,19,0,3,86.4,0.0
EMP044,2025-05,22,20,2,0,90.9,9.1
EMP044,2025-06,21,18,1,2,85.7,4.8
EMP044,2025-07,23,20,1,2,87.0,4.3
EMP044,2025-08,21,20,0,1,95.2,0.0
EMP044,2025-09,21,18,1,2,85.7,4.8
EMP044,2025-10,22,18,1,3,81.8,4.5
EMP044,2025-11,20,17,2,1,85.0,10.0
EMP044,2025-12,21,16,2,3,76.2,9.5
EMP045,2025-01,22,19,0,3,86.4,0.0
EMP045,2025-02,20,18,0,2,90.0,0.0
EMP045,2025-03,21,20,1,0,95.2,4.8
EMP045,2025-04,22,21,1,0,95.5,4.5
EMP045,2025-05,22,19,0,3,86.4,0.0
EMP045,2025-06,21,18,1,2,85.7,4.8
EMP045,2025-07,23,20,1,2,87.0,4.3
EMP045,2025-08,21,20,1,0,95.2,4.8
EMP045,2025-09,21,19,1,1,90.5,4.8
EMP045,2025-10,22,19,0,3,86.4,0.0
EMP045,2025-11,20,17,0,3,85.0,0.0
EMP045,2025-12,21,18,1,2,85.7,4.8
EMP046,2025-01,22,19,2,1,86.4,9.1
EMP046,2025-02,20,18,2,0,90.0,10.0
EMP046,2025-03,21,17,2,2,81.0,9.5
EMP046,2025-04,22,18,2,2,81.8,9.1
EMP046,2025-05,22,17,2,3,77.3,9.1
EMP046,2025-06,21,18,2,1,85.7,9.5
EMP046,2025-07,23,21,2,0,91.3,8.7
EMP046,2025-08,21,18,1,2,85.7,4.8
EMP046,2025-09,21,17,3,1,81.0,14.3
EMP046,2025-10,22,20,2,0,90.9,9.1
EMP046,2025-11,20,18,2,0,90.0,10.0
EMP046,2025-12,21,19,2,0,90.5,9.5
EMP047,2025-01,22,21,0,1,95.5,0.0
EMP047,2025-02,20,17,1,2,85.0,5.0
EMP047,2025-03,21,19,0,2,90.5,0.0
EMP047,2025-04,22,20,0,2,90.9,0.0
EMP047,2025-05,22,21,0,1,95.5,0.0
EMP047,2025-06,21,20,0,1,95.2,0.0
EMP047,2025-07,23,22,0,1,95.7,0.0
EMP047,2025-08,21,18,0,3,85.7,0.0
EMP047,2025-09,21,18,0,3,85.7,0.0
EMP047,2025-10,22,19,0,3,86.4,0.0
EMP047,2025-11,20,17,1,2,85.0,5.0
EMP047,2025-12,21,19,0,2,90.5,0.0
EMP048,2025-01,22,18,2,2,81.8,9.1
EMP048,2025-02,20,15,2,3,75.0,10.0
EMP048,2025-03,21,18,2,1,85.7,9.5
EMP048,2025-04,22,20,2,0,90.9,9.1
EMP048,2025-05,22,18,2,2,81.8,9.1
EMP048,2025-06,21,17,3,1,81.0,14.3
EMP048,2025-07,23,21,1,1,91.3,4.3
EMP048,2025-08,21,16,2,3,76.2,9.5
EMP048,2025-09,21,16,2,3,76.2,9.5
EMP048,2025-10,22,20,2,0,90.9,9.1
EMP048,2025-11,20,17,3,0,85.0,15.0
EMP048,2025-12,21,17,2,2,81.0,9.5
EMP049,2025-01,22,21,1,0,95.5,4.5
EMP049,2025-02,20,19,1,0,95.0,5.0
EMP049,2025-03,21,16,2,3,76.2,9.5
EMP049,2025-04,22,18,2,2,81.8,9.1
EMP049,2025-05,22,21,1,0,95.5,4.5
EMP049,2025-06,21,17,2,2,81.0,9.5
EMP049,2025-07,23,20,1,2,87.0,4.3
EMP049,2025-08,21,16,3,2,76.2,14.3
EMP049,2025-09,21,18,3,0,85.7,14.3
EMP049,2025-10,22,16,3,3,72.7,13.6
EMP049,2025-11,20,14,3,3,70.0,15.0
EMP049,2025-12,21,17,1,3,81.0,4.8
EMP050,2025-01,22,17,2,3,77.3,9.1
EMP050,2025-02,20,16,3,1,80.0,15.0
EMP050,2025-03,21,17,2,2,81.0,9.5
EMP050,2025-04,22,15,4,3,68.2,18.2
EMP050,2025-05,22,19,2,1,86.4,9.1
EMP050,2025-06,21,18,2,1,85.7,9.5
EMP050,2025-07,23,18,2,3,78.3,8.7
EMP050,2025-08,21,17,4,0,81.0,19.0
EMP050,2025-09,21,18,3,0,85.7,14.3
EMP050,2025-10,22,18,3,1,81.8,13.6
EMP050,2025-11,20,14,3,3,70.0,15.0
EMP050,2025-12,21,17,2,2,81.0,9.5
EMP051,2025-01,22,18,2,2,81.8,9.1
EMP051,2025-02,20,16,2,2,80.0,10.0
EMP051,2025-03,21,16,2,3,76.2,9.5
EMP051,2025-04,22,19,2,1,86.4,9.1
EMP051,2025-05,22,16,3,3,72.7,13.6
EMP051,2025-06,21,17,2,2,81.0,9.5
EMP051,2025-07,23,20,2,1,87.0,8.7
EMP051,2025-08,21,18,2,1,85.7,9.5
EMP051,2025-09,21,17,3,1,81.0,14.3
EMP051,2025-10,22,18,2,2,81.8,9.1
EMP051,2025-11,20,15,2,3,75.0,10.0
EMP051,2025-12,21,17,3,1,81.0,14.3
EMP052,2025-01,22,19,3,0,86.4,13.6
EMP052,2025-02,20,15,3,2,75.0,15.0
EMP052,2025-03,21,18,3,0,85.7,14.3
EMP052,2025-04,22,19,3,0,86.4,13.6
EMP052,2025-05,22,19,3,0,86.4,13.6
EMP052,2025-06,21,16,3,2,76.2,14.3
EMP052,2025-07,23,20,3,0,87.0,13.0
EMP052,2025-08,21,17,3,1,81.0,14.3
EMP052,2025-09,21,17,3,1,81.0,14.3
EMP052,2025-10,22,19,3,0,86.4,13.6
EMP052,2025-11,20,15,3,2,75.0,15.0
EMP052,2025-12,21,16,2,3,76.2,9.5
EMP053,2025-01,22,18,2,2,81.8,9.1
EMP053,2025-02,20,16,2,2,80.0,10.0
EMP053,2025-03,21,19,1,1,90.5,4.8
EMP053,2025-04,22,19,1,2,86.4,4.5
EMP053,2025-05,22,21,1,0,95.5,4.5
EMP053,2025-06,21,17,2,2,81.0,9.5
EMP053,2025-07,23,20,1,2,87.0,4.3
EMP053,2025-08,21,17,1,3,81.0,4.8
EMP053,2025-09,21,19,1,1,90.5,4.8
EMP053,2025-10,22,18,1,3,81.8,4.5
EMP053,2025-11,20,16,1,3,80.0,5.0
EMP053,2025-12,21,18,1,2,85.7,4.8
EMP054,2025-01,22,18,3,1,81.8,13.6
EMP054,2025-02,20,13,4,3,65.0,20.0
EMP054,2025-03,21,16,3,2,76.2,14.3
EMP054,2025-04,22,19,2,1,86.4,9.1
EMP054,2025-05,22,19,2,1,86.4,9.1
EMP054,2025-06,21,18,3,0,85.7,14.3
EMP054,2025-07,23,18,2,3,78.3,8.7
EMP054,2025-08,21,16,3,2,76.2,14.3
EMP054,2025-09,21,18,3,0,85.7,14.3
EMP054,2025-10,22,17,2,3,77.3,9.1
EMP054,2025-11,20,13,4,3,65.0,20.0
EMP054,2025-12,21,18,3,0,85.7,14.3
EMP055,2025-01,22,21,1,0,95.5,4.5
EMP055,2025-02,20,16,1,3,80.0,5.0
EMP055,2025-03,21,18,0,3,85.7,0.0
EMP055,2025-04,22,21,1,0,95.5,4.5
EMP055,2025-05,22,21,0,1,95.5,0.0
EMP055,2025-06,21,17,1,3,81.0,4.8
EMP055,2025-07,23,19,1,3,82.6,4.3
EMP055,2025-08,21,17,2,2,81.0,9.5
EMP055,2025-09,21,18,1,2,85.7,4.8
EMP055,2025-10,22,18,1,3,81.8,4.5
EMP055,2025-11,20,19,1,0,95.0,5.0
EMP055,2025-12,21,18,1,2,85.7,4.8
EMP056,2025-01,22,17,3,2,77.3,13.6
EMP056,2025-02,20,15,3,2,75.0,15.0
EMP056,2025-03,21,18,3,0,85.7,14.3
EMP056,2025-04,22,16,4,2,72.7,18.2
EMP056,2025-05,22,16,4,2,72.7,18.2
EMP056,2025-06,21,16,2,3,76.2,9.5
EMP056,2025-07,23,20,2,1,87.0,8.7
EMP056,2025-08,21,18,2,1,85.7,9.5
EMP056,2025-09,21,15,4,2,71.4,19.0
EMP056,2025-10,22,18,3,1,81.8,13.6
EMP056,2025-11,20,13,4,3,65.0,20.0
EMP056,2025-12,21,15,4,2,71.4,19.0
EMP057,2025-01,22,18,1,3,81.8,4.5
EMP057,2025-02,20,19,1,0,95.0,5.0
EMP057,2025-03,21,19,1,1,90.5,4.8
EMP057,2025-04,22,21,1,0,95.5,4.5
EMP057,2025-05,22,21,0,1,95.5,0.0
EMP057,2025-06,21,17,1,3,81.0,4.8
EMP057,2025-07,23,22,1,0,95.7,4.3
EMP057,2025-08,21,18,1,2,85.7,4.8
EMP057,2025-09,21,19,1,1,90.5,4.8
EMP057,2025-10,22,20,1,1,90.9,4.5
EMP057,2025-11,20,19,1,0,95.0,5.0
EMP057,2025-12,21,19,2,0,90.5,9.5
EMP058,2025-01,22,16,3,3,72.7,13.6
EMP058,2025-02,20,14,3,3,70.0,15.0
EMP058,2025-03,21,16,4,1,76.2,19.0
EMP058,2025-04,22,18,2,2,81.8,9.1
EMP058,2025-05,22,16,3,3,72.7,13.6
EMP058,2025-06,21,19,2,0,90.5,9.5
EMP058,2025-07,23,18,4,1,78.3,17.4
EMP058,2025-08,21,17,3,1,81.0,14.3
EMP058,2025-09,21,17,2,2,81.0,9.5
EMP058,2025-10,22,20,2,0,90.9,9.1
EMP058,2025-11,20,15,2,3,75.0,10.0
EMP058,2025-12,21,15,3,3,71.4,14.3
EMP059,2025-01,22,19,0,3,86.4,0.0
EMP059,2025-02,20,18,0,2,90.0,0.0
EMP059,2025-03,21,19,0,2,90.5,0.0
EMP059,2025-04,22,19,0,3,86.4,0.0
EMP059,2025-05,22,20,1,1,90.9,4.5
EMP059,2025-06,21,18,0,3,85.7,0.0
EMP059,2025-07,23,21,0,2,91.3,0.0
EMP059,2025-08,21,18,0,3,85.7,0.0
EMP059,2025-09,21,20,0,1,95.2,0.0
EMP059,2025-10,22,22,0,0,100.0,0.0
EMP059,2025-11,20,16,1,3,80.0,5.0
EMP059,2025-12,21,18,0,3,85.7,0.0
EMP060,2025-01,22,21,0,1,95.5,0.0
EMP060,2025-02,20,19,1,0,95.0,5.0
EMP060,2025-03,21,18,0,3,85.7,0.0
EMP060,2025-04,22,20,1,1,90.9,4.5
EMP060,2025-05,22,22,0,0,100.0,0.0
EMP060,2025-06,21,19,0,2,90.5,0.0
EMP060,2025-07,23,22,1,0,95.7,4.3
EMP060,2025-08,21,19,2,0,90.5,9.5
EMP060,2025-09,21,18,1,2,85.7,4.8
EMP060,2025-10,22,19,1,2,86.4,4.5
EMP060,2025-11,20,17,1,2,85.0,5.0
EMP060,2025-12,21,17,1,3,81.0,4.8
EMP061,2025-01,22,19,0,3,86.4,0.0
EMP061,2025-02,20,20,0,0,100.0,0.0
EMP061,2025-03,21,19,1,1,90.5,4.8
EMP061,2025-04,22,20,1,1,90.9,4.5
EMP061,2025-05,22,19,1,2,86.4,4.5
EMP061,2025-06,21,19,0,2,90.5,0.0
EMP061,2025-07,23,21,1,1,91.3,4.3
EMP061,2025-08,21,16,2,3,76.2,9.5
EMP061,2025-09,21,18,1,2,85.7,4.8
EMP061,2025-10,22,18,1,3,81.8,4.5
EMP061,2025-11,20,16,1,3,80.0,5.0
EMP061,2025-12,21,20,1,0,95.2,4.8
EMP062,2025-01,22,18,3,1,81.8,13.6
EMP062,2025-02,20,17,3,0,85.0,15.0
EMP062,2025-03,21,18,3,0,85.7,14.3
EMP062,2025-04,22,19,2,1,86.4,9.1
EMP062,2025-05,22,19,3,0,86.4,13.6
EMP062,2025-06,21,18,2,1,85.7,9.5
EMP062,2025-07,23,19,3,1,82.6,13.0
EMP062,2025-08,21,15,3,3,71.4,14.3
EMP062,2025-09,21,16,3,2,76.2,14.3
EMP062,2025-10,22,18,3,1,81.8,13.6
EMP062,2025-11,20,14,4,2,70.0,20.0
EMP062,2025-12,21,17,4,0,81.0,19.0
EMP063,2025-01,22,17,3,2,77.3,13.6
EMP063,2025-02,20,13,4,3,65.0,20.0
EMP063,2025-03,21,15,4,2,71.4,19.0
EMP063,2025-04,22,17,3,2,77.3,13.6
EMP063,2025-05,22,16,3,3,72.7,13.6
EMP063,2025-06,21,17,3,1,81.0,14.3
EMP063,2025-07,23,19,2,2,82.6,8.7
EMP063,2025-08,21,16,2,3,76.2,9.5
EMP063,2025-09,21,17,3,1,81.0,14.3
EMP063,2025-10,22,17,3,2,77.3,13.6
EMP063,2025-11,20,17,3,0,85.0,15.0
EMP063,2025-12,21,17,3,1,81.0,14.3
EMP064,2025-01,22,16,3,3,72.7,13.6
EMP064,2025-02,20,16,2,2,80.0,10.0
EMP064,2025-03,21,18,2,1,85.7,9.5
EMP064,2025-04,22,19,3,0,86.4,13.6
EMP064,2025-05,22,20,2,0,90.9,9.1
EMP064,2025-06,21,17,1,3,81.0,4.8
EMP064,2025-07,23,19,1,3,82.6,4.3
EMP064,2025-08,21,19,2,0,90.5,9.5
EMP064,2025-09,21,17,3,1,81.0,14.3
EMP064,2025-10,22,18,2,2,81.8,9.1
EMP064,2025-11,20,17,2,1,85.0,10.0
EMP064,2025-12,21,15,3,3,71.4,14.3
EMP065,2025-01,22,17,4,1,77.3,18.2
EMP065,2025-02,20,16,3,1,80.0,15.0
EMP065,2025-03,21,15,3,3,71.4,14.3
EMP065,2025-04,22,18,3,1,81.8,13.6
EMP065,2025-05,22,18,3,1,81.8,13.6
EMP065,2025-06,21,18,3,0,85.7,14.3
EMP065,2025-07,23,17,3,3,73.9,13.0
EMP065,2025-08,21,17,3,1,81.0,14.3
EMP065,2025-09,21,16,3,2,76.2,14.3
EMP065,2025-10,22,17,3,2,77.3,13.6
EMP065,2025-11,20,15,4,1,75.0,20.0
EMP065,2025-12,21,17,3,1,81.0,14.3
EMP066,2025-01,22,22,0,0,100.0,0.0
EMP066,2025-02,20,18,2,0,90.0,10.0
EMP066,2025-03,21,20,1,0,95.2,4.8
EMP066,2025-04,22,18,1,3,81.8,4.5
EMP066,2025-05,22,21,1,0,95.5,4.5
EMP066,2025-06,21,19,2,0,90.5,9.5
EMP066,2025-07,23,19,1,3,82.6,4.3
EMP066,2025-08,21,16,2,3,76.2,9.5
EMP066,2025-09,21,18,2,1,85.7,9.5
EMP066,2025-10,22,21,1,0,95.5,4.5
EMP066,2025-11,20,18,1,1,90.0,5.0
EMP066,2025-12,21,17,1,3,81.0,4.8
EMP067,2025-01,22,21,1,0,95.5,4.5
EMP067,2025-02,20,20,0,0,100.0,0.0
EMP067,2025-03,21,20,0,1,95.2,0.0
EMP067,2025-04,22,19,0,3,86.4,0.0
EMP067,2025-05,22,20,0,2,90.9,0.0
EMP067,2025-06,21,19,1,1,90.5,4.8
EMP067,2025-07,23,19,1,3,82.6,4.3
EMP067,2025-08,21,19,0,2,90.5,0.0
EMP067,2025-09,21,18,0,3,85.7,0.0
EMP067,2025-10,22,22,0,0,100.0,0.0
EMP067,2025-11,20,17,0,3,85.0,0.0
EMP067,2025-12,21,18,0,3,85.7,0.0
EMP068,2025-01,22,19,1,2,86.4,4.5
EMP068,2025-02,20,19,1,0,95.0,5.0
EMP068,2025-03,21,18,2,1,85.7,9.5
EMP068,2025-04,22,20,2,0,90.9,9.1
EMP068,2025-05,22,20,2,0,90.9,9.1
EMP068,2025-06,21,19,2,0,90.5,9.5
EMP068,2025-07,23,22,1,0,95.7,4.3
EMP068,2025-08,21,17,2,2,81.0,9.5
EMP068,2025-09,21,18,3,0,85.7,14.3
EMP068,2025-10,22,20,1,1,90.9,4.5
EMP068,2025-11,20,18,2,0,90.0,10.0
EMP068,2025-12,21,18,2,1,85.7,9.5
EMP069,2025-01,22,19,1,2,86.4,4.5
EMP069,2025-02,20,18,1,1,90.0,5.0
EMP069,2025-03,21,18,1,2,85.7,4.8
EMP069,2025-04,22,21,1,0,95.5,4.5
EMP069,2025-05,22,18,2,2,81.8,9.1
EMP069,2025-06,21,20,0,1,95.2,0.0
EMP069,2025-07,23,22,1,0,95.7,4.3
EMP069,2025-08,21,20,0,1,95.2,0.0
EMP069,2025-09,21,19,1,1,90.5,4.8
EMP069,2025-10,22,19,2,1,86.4,9.1
EMP069,2025-11,20,17,0,3,85.0,0.0
EMP069,2025-12,21,19,2,0,90.5,9.5
EMP070,2025-01,22,19,3,0,86.4,13.6
EMP070,2025-02,20,14,3,3,70.0,15.0
EMP070,2025-03,21,17,3,1,81.0,14.3
EMP070,2025-04,22,16,3,3,72.7,13.6
EMP070,2025-05,22,17,3,2,77.3,13.6
EMP070,2025-06,21,15,4,2,71.4,19.0
EMP070,2025-07,23,18,3,2,78.3,13.0
EMP070,2025-08,21,17,3,1,81.0,14.3
EMP070,2025-09,21,15,4,2,71.4,19.0
EMP070,2025-10,22,15,4,3,68.2,18.2
EMP070,2025-11,20,17,3,0,85.0,15.0
EMP070,2025-12,21,18,3,0,85.7,14.3
EMP071,2025-01,22,19,1,2,86.4,4.5
EMP071,2025-02,20,19,1,0,95.0,5.0
EMP071,2025-03,21,16,3,2,76.2,14.3
EMP071,2025-04,22,18,3,1,81.8,13.6
EMP071,2025-05,22,19,2,1,86.4,9.1
EMP071,2025-06,21,18,2,1,85.7,9.5
EMP071,2025-07,23,21,2,0,91.3,8.7
EMP071,2025-08,21,18,2,1,85.7,9.5
EMP071,2025-09,21,16,3,2,76.2,14.3
EMP071,2025-10,22,17,2,3,77.3,9.1
EMP071,2025-11,20,15,2,3,75.0,10.0
EMP071,2025-12,21,17,1,3,81.0,4.8
EMP072,2025-01,22,21,1,0,95.5,4.5
EMP072,2025-02,20,17,1,2,85.0,5.0
EMP072,2025-03,21,18,1,2,85.7,4.8
EMP072,2025-04,22,19,1,2,86.4,4.5
EMP072,2025-05,22,21,1,0,95.5,4.5
EMP072,2025-06,21,16,2,3,76.2,9.5
EMP072,2025-07,23,21,2,0,91.3,8.7
EMP072,2025-08,21,19,1,1,90.5,4.8
EMP072,2025-09,21,19,0,2,90.5,0.0
EMP072,2025-10,22,18,2,2,81.8,9.1
EMP072,2025-11,20,15,2,3,75.0,10.0
EMP072,2025-12,21,18,1,2,85.7,4.8
EMP073,2025-01,22,18,4,0,81.8,18.2
EMP073,2025-02,20,17,3,0,85.0,15.0
EMP073,2025-03,21,16,3,2,76.2,14.3
EMP073,2025-04,22,17,3,2,77.3,13.6
EMP073,2025-05,22,17,2,3,77.3,9.1
EMP073,2025-06,21,18,3,0,85.7,14.3
EMP073,2025-07,23,20,3,0,87.0,13.0
EMP073,2025-08,21,17,3,1,81.0,14.3
EMP073,2025-09,21,15,3,3,71.4,14.3
EMP073,2025-10,22,17,3,2,77.3,13.6
EMP073,2025-11,20,14,4,2,70.0,20.0
EMP073,2025-12,21,16,3,2,76.2,14.3
EMP074,2025-01,22,19,0,3,86.4,0.0
EMP074,2025-02,20,18,0,2,90.0,0.0
EMP074,2025-03,21,20,1,0,95.2,4.8
EMP074,2025-04,22,22,0,0,100.0,0.0
EMP074,2025-05,22,20,0,2,90.9,0.0
EMP074,2025-06,21,18,1,2,85.7,4.8
EMP074,2025-07,23,22,0,1,95.7,0.0
EMP074,2025-08,21,18,0,3,85.7,0.0
EMP074,2025-09,21,18,0,3,85.7,0.0
EMP074,2025-10,22,22,0,0,100.0,0.0
EMP074,2025-11,20,18,0,2,90.0,0.0
EMP074,2025-12,21,21,0,0,100.0,0.0
EMP075,2025-01,22,19,2,1,86.4,9.1
EMP075,2025-02,20,15,3,2,75.0,15.0
EMP075,2025-03,21,16,2,3,76.2,9.5
EMP075,2025-04,22,21,1,0,95.5,4.5
EMP075,2025-05,22,17,2,3,77.3,9.1
EMP075,2025-06,21,17,2,2,81.0,9.5
EMP075,2025-07,23,17,3,3,73.9,13.0
EMP075,2025-08,21,17,3,1,81.0,14.3
EMP075,2025-09,21,19,2,0,90.5,9.5
EMP075,2025-10,22,17,2,3,77.3,9.1
EMP075,2025-11,20,17,1,2,85.0,5.0
EMP075,2025-12,21,16,2,3,76.2,9.5
EMP076,2025-01,22,18,2,2,81.8,9.1
EMP076,2025-02,20,16,3,1,80.0,15.0
EMP076,2025-03,21,16,3,2,76.2,14.3
EMP076,2025-04,22,18,4,0,81.8,18.2
EMP076,2025-05,22,15,4,3,68.2,18.2
EMP076,2025-06,21,14,4,3,66.7,19.0
EMP076,2025-07,23,19,4,0,82.6,17.4
EMP076,2025-08,21,15,3,3,71.4,14.3
EMP076,2025-09,21,16,3,2,76.2,14.3
EMP076,2025-10,22,16,4,2,72.7,18.2
EMP076,2025-11,20,14,4,2,70.0,20.0
EMP076,2025-12,21,15,3,3,71.4,14.3
EMP077,2025-01,22,15,4,3,68.2,18.2
EMP077,2025-02,20,14,3,3,70.0,15.0
EMP077,2025-03,21,17,3,1,81.0,14.3
EMP077,2025-04,22,20,2,0,90.9,9.1
EMP077,2025-05,22,17,3,2,77.3,13.6
EMP077,2025-06,21,14,4,3,66.7,19.0
EMP077,2025-07,23,17,3,3,73.9,13.0
EMP077,2025-08,21,17,3,1,81.0,14.3
EMP077,2025-09,21,16,3,2,76.2,14.3
EMP077,2025-10,22,19,3,0,86.4,13.6
EMP077,2025-11,20,14,3,3,70.0,15.0
EMP077,2025-12,21,16,3,2,76.2,14.3
EMP078,2025-01,22,17,2,3,77.3,9.1
EMP078,2025-02,20,17,2,1,85.0,10.0
EMP078,2025-03,21,20,1,0,95.2,4.8
EMP078,2025-04,22,17,2,3,77.3,9.1
EMP078,2025-05,22,19,2,1,86.4,9.1
EMP078,2025-06,21,19,1,1,90.5,4.8
EMP078,2025-07,23,20,0,3,87.0,0.0
EMP078,2025-08,21,19,1,1,90.5,4.8
EMP078,2025-09,21,20,1,0,95.2,4.8
EMP078,2025-10,22,20,1,1,90.9,4.5
EMP078,2025-11,20,17,0,3,85.0,0.0
EMP078,2025-12,21,20,1,0,95.2,4.8
EMP079,2025-01,22,21,0,1,95.5,0.0
EMP079,2025-02,20,17,2,1,85.0,10.0
EMP079,2025-03,21,20,1,0,95.2,4.8
EMP079,2025-04,22,19,1,2,86.4,4.5
EMP079,2025-05,22,20,1,1,90.9,4.5
EMP079,2025-06,21,17,1,3,81.0,4.8
EMP079,2025-07,23,21,0,2,91.3,0.0
EMP079,2025-08,21,18,2,1,85.7,9.5
EMP079,2025-09,21,18,0,3,85.7,0.0
EMP079,2025-10,22,17,2,3,77.3,9.1
EMP079,2025-11,20,19,1,0,95.0,5.0
EMP079,2025-12,21,18,2,1,85.7,9.5
EMP080,2025-01,22,22,0,0,100.0,0.0
EMP080,2025-02,20,17,0,3,85.0,0.0
EMP080,2025-03,21,20,0,1,95.2,0.0
EMP080,2025-04,22,21,0,1,95.5,0.0
EMP080,2025-05,22,20,0,2,90.9,0.0
EMP080,2025-06,21,20,0,1,95.2,0.0
EMP080,2025-07,23,21,0,2,91.3,0.0
EMP080,2025-08,21,20,0,1,95.2,0.0
EMP080,2025-09,21,21,0,0,100.0,0.0
EMP080,2025-10,22,19,0,3,86.4,0.0
EMP080,2025-11,20,17,0,3,85.0,0.0
EMP080,2025-12,21,18,0,3,85.7,0.0
EMP081,2025-01,22,18,2,2,81.8,9.1
EMP081,2025-02,20,15,2,3,75.0,10.0
EMP081,2025-03,21,19,1,1,90.5,4.8
EMP081,2025-04,22,19,2,1,86.4,9.1
EMP081,2025-05,22,16,3,3,72.7,13.6
EMP081,2025-06,21,15,3,3,71.4,14.3
EMP081,2025-07,23,21,2,0,91.3,8.7
EMP081,2025-08,21,19,2,0,90.5,9.5
EMP081,2025-09,21,19,1,1,90.5,4.8
EMP081,2025-10,22,18,2,2,81.8,9.1
EMP081,2025-11,20,17,1,2,85.0,5.0
EMP081,2025-12,21,17,2,2,81.0,9.5
EMP082,2025-01,22,21,1,0,95.5,4.5
EMP082,2025-02,20,18,0,2,90.0,0.0
EMP082,2025-03,21,20,0,1,95.2,0.0
EMP082,2025-04,22,19,2,1,86.4,9.1
EMP082,2025-05,22,18,1,3,81.8,4.5
EMP082,2025-06,21,17,1,3,81.0,4.8
EMP082,2025-07,23,18,2,3,78.3,8.7
EMP082,2025-08,21,19,1,1,90.5,4.8
EMP082,2025-09,21,18,2,1,85.7,9.5
EMP082,2025-10,22,18,1,3,81.8,4.5
EMP082,2025-11,20,18,2,0,90.0,10.0
EMP082,2025-12,21,20,1,0,95.2,4.8
EMP083,2025-01,22,20,1,1,90.9,4.5
EMP083,2025-02,20,18,0,2,90.0,0.0
EMP083,2025-03,21,17,1,3,81.0,4.8
EMP083,2025-04,22,22,0,0,100.0,0.0
EMP083,2025-05,22,19,1,2,86.4,4.5
EMP083,2025-06,21,18,0,3,85.7,0.0
EMP083,2025-07,23,23,0,0,100.0,0.0
EMP083,2025-08,21,20,0,1,95.2,0.0
EMP083,2025-09,21,18,0,3,85.7,0.0
EMP083,2025-10,22,22,0,0,100.0,0.0
EMP083,2025-11,20,18,0,2,90.0,0.0
EMP083,2025-12,21,20,0,1,95.2,0.0
EMP084,2025-01,22,20,0,2,90.9,0.0
EMP084,2025-02,20,20,0,0,100.0,0.0
EMP084,2025-03,21,19,1,1,90.5,4.8
EMP084,2025-04,22,19,1,2,86.4,4.5
EMP084,2025-05,22,20,0,2,90.9,0.0
EMP084,2025-06,21,19,0,2,90.5,0.0
EMP084,2025-07,23,21,0,2,91.3,0.0
EMP084,2025-08,21,20,0,1,95.2,0.0
EMP084,2025-09,21,18,0,3,85.7,0.0
EMP084,2025-10,22,19,1,2,86.4,4.5
EMP084,2025-11,20,17,0,3,85.0,0.0
EMP084,2025-12,21,18,0,3,85.7,0.0
EMP085,2025-01,22,18,1,3,81.8,4.5
EMP085,2025-02,20,14,3,3,70.0,15.0
EMP085,2025-03,21,18,2,1,85.7,9.5
EMP085,2025-04,22,18,2,2,81.8,9.1
EMP085,2025-05,22,18,2,2,81.8,9.1
EMP085,2025-06,21,17,2,2,81.0,9.5
EMP085,2025-07,23,17,3,3,73.9,13.0
EMP085,2025-08,21,16,3,2,76.2,14.3
EMP085,2025-09,21,16,2,3,76.2,9.5
EMP085,2025-10,22,19,2,1,86.4,9.1
EMP085,2025-11,20,18,2,0,90.0,10.0
EMP085,2025-12,21,19,2,0,90.5,9.5
EMP086,2025-01,22,21,0,1,95.5,0.0
EMP086,2025-02,20,20,0,0,100.0,0.0
EMP086,2025-03,21,20,0,1,95.2,0.0
EMP086,2025-04,22,20,1,1,90.9,4.5
EMP086,2025-05,22,22,0,0,100.0,0.0
EMP086,2025-06,21,19,1,1,90.5,4.8
EMP086,2025-07,23,22,0,1,95.7,0.0
EMP086,2025-08,21,20,0,1,95.2,0.0
EMP086,2025-09,21,18,1,2,85.7,4.8
EMP086,2025-10,22,22,0,0,100.0,0.0
EMP086,2025-11,20,18,0,2,90.0,0.0
EMP086,2025-12,21,19,0,2,90.5,0.0
EMP087,2025-01,22,21,1,0,95.5,4.5
EMP087,2025-02,20,18,1,1,90.0,5.0
EMP087,2025-03,21,17,1,3,81.0,4.8
EMP087,2025-04,22,20,1,1,90.9,4.5
EMP087,2025-05,22,18,1,3,81.8,4.5
EMP087,2025-06,21,18,1,2,85.7,4.8
EMP087,2025-07,23,20,1,2,87.0,4.3
EMP087,2025-08,21,19,1,1,90.5,4.8
EMP087,2025-09,21,21,0,0,100.0,0.0
EMP087,2025-10,22,18,1,3,81.8,4.5
EMP087,2025-11,20,19,1,0,95.0,5.0
EMP087,2025-12,21,19,2,0,90.5,9.5
EMP088,2025-01,22,19,3,0,86.4,13.6
EMP088,2025-02,20,17,3,0,85.0,15.0
EMP088,2025-03,21,16,4,1,76.2,19.0
EMP088,2025-04,22,16,3,3,72.7,13.6
EMP088,2025-05,22,16,3,3,72.7,13.6
EMP088,2025-06,21,16,3,2,76.2,14.3
EMP088,2025-07,23,20,3,0,87.0,13.0
EMP088,2025-08,21,15,3,3,71.4,14.3
EMP088,2025-09,21,16,3,2,76.2,14.3
EMP088,2025-10,22,17,3,2,77.3,13.6
EMP088,2025-11,20,15,2,3,75.0,10.0
EMP088,2025-12,21,17,2,2,81.0,9.5
EMP089,2025-01,22,17,2,3,77.3,9.1
EMP089,2025-02,20,19,1,0,95.0,5.0
EMP089,2025-03,21,18,2,1,85.7,9.5
EMP089,2025-04,22,18,2,2,81.8,9.1
EMP089,2025-05,22,21,1,0,95.5,4.5
EMP089,2025-06,21,19,1,1,90.5,4.8
EMP089,2025-07,23,21,1,1,91.3,4.3
EMP089,2025-08,21,17,1,3,81.0,4.8
EMP089,2025-09,21,19,1,1,90.5,4.8
EMP089,2025-10,22,20,0,2,90.9,0.0
EMP089,2025-11,20,15,2,3,75.0,10.0
EMP089,2025-12,21,18,0,3,85.7,0.0
EMP090,2025-01,22,19,0,3,86.4,0.0
EMP090,2025-02,20,20,0,0,100.0,0.0
EMP090,2025-03,21,20,0,1,95.2,0.0
EMP090,2025-04,22,22,0,0,100.0,0.0
EMP090,2025-05,22,19,0,3,86.4,0.0
EMP090,2025-06,21,19,1,1,90.5,4.8
EMP090,2025-07,23,22,1,0,95.7,4.3
EMP090,2025-08,21,21,0,0,100.0,0.0
EMP090,2025-09,21,20,0,1,95.2,0.0
EMP090,2025-10,22,20,1,1,90.9,4.5
EMP090,2025-11,20,17,0,3,85.0,0.0
EMP090,2025-12,21,19,0,2,90.5,0.0
EMP091,2025-01,22,15,4,3,68.2,18.2
EMP091,2025-02,20,15,3,2,75.0,15.0
EMP091,2025-03,21,16,3,2,76.2,14.3
EMP091,2025-04,22,16,3,3,72.7,13.6
EMP091,2025-05,22,17,4,1,77.3,18.2
EMP091,2025-06,21,15,4,2,71.4,19.0
EMP091,2025-07,23,17,4,2,73.9,17.4
EMP091,2025-08,21,16,2,3,76.2,9.5
EMP091,2025-09,21,15,3,3,71.4,14.3
EMP091,2025-10,22,15,4,3,68.2,18.2
EMP091,2025-11,20,14,3,3,70.0,15.0
EMP091,2025-12,21,18,3,0,85.7,14.3
EMP092,2025-01,22,20,1,1,90.9,4.5
EMP092,2025-02,20,17,0,3,85.0,0.0
EMP092,2025-03,21,21,0,0,100.0,0.0
EMP092,2025-04,22,20,2,0,90.9,9.1
EMP092,2025-05,22,20,1,1,90.9,4.5
EMP092,2025-06,21,20,1,0,95.2,4.8
EMP092,2025-07,23,18,2,3,78.3,8.7
EMP092,2025-08,21,18,0,3,85.7,0.0
EMP092,2025-09,21,18,2,1,85.7,9.5
EMP092,2025-10,22,19,2,1,86.4,9.1
EMP092,2025-11,20,16,2,2,80.0,10.0
EMP092,2025-12,21,18,1,2,85.7,4.8
EMP093,2025-01,22,19,0,3,86.4,0.0
EMP093,2025-02,20,20,0,0,100.0,0.0
EMP093,2025-03,21,17,1,3,81.0,4.8
EMP093,2025-04,22,22,0,0,100.0,0.0
EMP093,2025-05,22,20,1,1,90.9,4.5
EMP093,2025-06,21,21,0,0,100.0,0.0
EMP093,2025-07,23,21,0,2,91.3,0.0
EMP093,2025-08,21,21,0,0,100.0,0.0
EMP093,2025-09,21,20,0,1,95.2,0.0
EMP093,2025-10,22,19,0,3,86.4,0.0
EMP093,2025-11,20,18,1,1,90.0,5.0
EMP093,2025-12,21,19,0,2,90.5,0.0
EMP094,2025-01,22,19,2,1,86.4,9.1
EMP094,2025-02,20,17,3,0,85.0,15.0
EMP094,2025-03,21,18,3,0,85.7,14.3
EMP094,2025-04,22,17,2,3,77.3,9.1
EMP094,2025-05,22,17,3,2,77.3,13.6
EMP094,2025-06,21,17,2,2,81.0,9.5
EMP094,2025-07,23,18,2,3,78.3,8.7
EMP094,2025-08,21,18,3,0,85.7,14.3
EMP094,2025-09,21,16,2,3,76.2,9.5
EMP094,2025-10,22,16,3,3,72.7,13.6
EMP094,2025-11,20,18,1,1,90.0,5.0
EMP094,2025-12,21,19,2,0,90.5,9.5
EMP095,2025-01,22,20,2,0,90.9,9.1
EMP095,2025-02,20,16,1,3,80.0,5.0
EMP095,2025-03,21,19,1,1,90.5,4.8
EMP095,2025-04,22,20,1,1,90.9,4.5
EMP095,2025-05,22,19,2,1,86.4,9.1
EMP095,2025-06,21,20,1,0,95.2,4.8
EMP095,2025-07,23,19,1,3,82.6,4.3
EMP095,2025-08,21,20,1,0,95.2,4.8
EMP095,2025-09,21,18,1,2,85.7,4.8
EMP095,2025-10,22,20,0,2,90.9,0.0
EMP095,2025-11,20,17,0,3,85.0,0.0
EMP095,2025-12,21,21,0,0,100.0,0.0
EMP096,2025-01,22,19,0,3,86.4,0.0
EMP096,2025-02,20,16,1,3,80.0,5.0
EMP096,2025-03,21,17,2,2,81.0,9.5
EMP096,2025-04,22,20,2,0,90.9,9.1
EMP096,2025-05,22,22,0,0,100.0,0.0
EMP096,2025-06,21,17,1,3,81.0,4.8
EMP096,2025-07,23,20,2,1,87.0,8.7
EMP096,2025-08,21,20,1,0,95.2,4.8
EMP096,2025-09,21,19,0,2,90.5,0.0
EMP096,2025-10,22,19,1,2,86.4,4.5
EMP096,2025-11,20,16,1,3,80.0,5.0
EMP096,2025-12,21,17,1,3,81.0,4.8
EMP097,2025-01,22,17,3,2,77.3,13.6
EMP097,2025-02,20,16,4,0,80.0,20.0
EMP097,2025-03,21,16,2,3,76.2,9.5
EMP097,2025-04,22,19,3,0,86.4,13.6
EMP097,2025-05,22,17,2,3,77.3,9.1
EMP097,2025-06,21,17,4,0,81.0,19.0
EMP097,2025-07,23,19,3,1,82.6,13.0
EMP097,2025-08,21,16,2,3,76.2,9.5
EMP097,2025-09,21,17,4,0,81.0,19.0
EMP097,2025-10,22,16,3,3,72.7,13.6
EMP097,2025-11,20,16,3,1,80.0,15.0
EMP097,2025-12,21,17,4,0,81.0,19.0
EMP098,2025-01,22,19,1,2,86.4,4.5
EMP098,2025-02,20,19,0,1,95.0,0.0
EMP098,2025-03,21,20,1,0,95.2,4.8
EMP098,2025-04,22,18,1,3,81.8,4.5
EMP098,2025-05,22,19,1,2,86.4,4.5
EMP098,2025-06,21,18,1,2,85.7,4.8
EMP098,2025-07,23,20,1,2,87.0,4.3
EMP098,2025-08,21,17,1,3,81.0,4.8
EMP098,2025-09,21,16,2,3,76.2,9.5
EMP098,2025-10,22,21,0,1,95.5,0.0
EMP098,2025-11,20,17,1,2,85.0,5.0
EMP098,2025-12,21,18,0,3,85.7,0.0
EMP099,2025-01,22,22,0,0,100.0,0.0
EMP099,2025-02,20,18,0,2,90.0,0.0
EMP099,2025-03,21,20,0,1,95.2,0.0
EMP099,2025-04,22,21,0,1,95.5,0.0
EMP099,2025-05,22,21,1,0,95.5,4.5
EMP099,2025-06,21,20,0,1,95.2,0.0
EMP099,2025-07,23,22,0,1,95.7,0.0
EMP099,2025-08,21,18,0,3,85.7,0.0
EMP099,2025-09,21,21,0,0,100.0,0.0
EMP099,2025-10,22,19,0,3,86.4,0.0
EMP099,2025-11,20,17,0,3,85.0,0.0
EMP099,2025-12,21,19,0,2,90.5,0.0
EMP100,2025-01,22,20,2,0,90.9,9.1
EMP100,2025-02,20,18,1,1,90.0,5.0
EMP100,2025-03,21,15,3,3,71.4,14.3
EMP100,2025-04,22,19,3,0,86.4,13.6
EMP100,2025-05,22,20,2,0,90.9,9.1
EMP100,2025-06,21,18,2,1,85.7,9.5
EMP100,2025-07,23,21,2,0,91.3,8.7
EMP100,2025-08,21,17,2,2,81.0,9.5
EMP100,2025-09,21,17,3,1,81.0,14.3
EMP100,2025-10,22,17,2,3,77.3,9.1
EMP100,2025-11,20,15,2,3,75.0,10.0
EMP100,2025-12,21,19,2,0,90.5,9.5
EMP101,2025-01,22,19,2,1,86.4,9.1
EMP101,2025-02,20,16,3,1,80.0,15.0
EMP101,2025-03,21,17,2,2,81.0,9.5
EMP101,2025-04,22,18,2,2,81.8,9.1
EMP101,2025-05,22,20,2,0,90.9,9.1
EMP101,2025-06,21,18,2,1,85.7,9.5
EMP101,2025-07,23,20,1,2,87.0,4.3
EMP101,2025-08,21,18,3,0,85.7,14.3
EMP101,2025-09,21,16,2,3,76.2,9.5
EMP101,2025-10,22,19,2,1,86.4,9.1
EMP101,2025-11,20,19,1,0,95.0,5.0
EMP101,2025-12,21,19,1,1,90.5,4.8
EMP102,2025-01,22,16,4,2,72.7,18.2
EMP102,2025-02,20,17,2,1,85.0,10.0
EMP102,2025-03,21,15,3,3,71.4,14.3
EMP102,2025-04,22,18,3,1,81.8,13.6
EMP102,2025-05,22,16,3,3,72.7,13.6
EMP102,2025-06,21,15,3,3,71.4,14.3
EMP102,2025-07,23,19,2,2,82.6,8.7
EMP102,2025-08,21,15,3,3,71.4,14.3
EMP102,2025-09,21,16,4,1,76.2,19.0
EMP102,2025-10,22,15,4,3,68.2,18.2
EMP102,2025-11,20,14,3,3,70.0,15.0
EMP102,2025-12,21,17,3,1,81.0,14.3
EMP103,2025-01,22,19,0,3,86.4,0.0
EMP103,2025-02,20,19,1,0,95.0,5.0
EMP103,2025-03,21,20,0,1,95.2,0.0
EMP103,2025-04,22,22,0,0,100.0,0.0
EMP103,2025-05,22,21,1,0,95.5,4.5
EMP103,2025-06,21,19,0,2,90.5,0.0
EMP103,2025-07,23,21,0,2,91.3,0.0
EMP103,2025-08,21,20,0,1,95.2,0.0
EMP103,2025-09,21,20,0,1,95.2,0.0
EMP103,2025-10,22,20,0,2,90.9,0.0
EMP103,2025-11,20,20,0,0,100.0,0.0
EMP103,2025-12,21,21,0,0,100.0,0.0
EMP104,2025-01,22,20,0,2,90.9,0.0
EMP104,2025-02,20,20,0,0,100.0,0.0
EMP104,2025-03,21,19,0,2,90.5,0.0
EMP104,2025-04,22,22,0,0,100.0,0.0
EMP104,2025-05,22,21,1,0,95.5,4.5
EMP104,2025-06,21,18,1,2,85.7,4.8
EMP104,2025-07,23,21,1,1,91.3,4.3
EMP104,2025-08,21,18,0,3,85.7,0.0
EMP104,2025-09,21,20,0,1,95.2,0.0
EMP104,2025-10,22,22,0,0,100.0,0.0
EMP104,2025-11,20,17,0,3,85.0,0.0
EMP104,2025-12,21,21,0,0,100.0,0.0
EMP105,2025-01,22,21,0,1,95.5,0.0
EMP105,2025-02,20,18,1,1,90.0,5.0
EMP105,2025-03,21,19,1,1,90.5,4.8
EMP105,2025-04,22,20,1,1,90.9,4.5
EMP105,2025-05,22,17,2,3,77.3,9.1
EMP105,2025-06,21,16,2,3,76.2,9.5
EMP105,2025-07,23,23,0,0,100.0,0.0
EMP105,2025-08,21,17,1,3,81.0,4.8
EMP105,2025-09,21,19,1,1,90.5,4.8
EMP105,2025-10,22,20,1,1,90.9,4.5
EMP105,2025-11,20,18,0,2,90.0,0.0
EMP105,2025-12,21,17,2,2,81.0,9.5
EMP106,2025-01,22,21,1,0,95.5,4.5
EMP106,2025-02,20,20,0,0,100.0,0.0
EMP106,2025-03,21,17,2,2,81.0,9.5
EMP106,2025-04,22,18,1,3,81.8,4.5
EMP106,2025-05,22,18,1,3,81.8,4.5
EMP106,2025-06,21,18,0,3,85.7,0.0
EMP106,2025-07,23,21,0,2,91.3,0.0
EMP106,2025-08,21,21,0,0,100.0,0.0
EMP106,2025-09,21,18,1,2,85.7,4.8
EMP106,2025-10,22,20,0,2,90.9,0.0
EMP106,2025-11,20,18,1,1,90.0,5.0
EMP106,2025-12,21,20,1,0,95.2,4.8
EMP107,2025-01,22,20,2,0,90.9,9.1
EMP107,2025-02,20,18,2,0,90.0,10.0
EMP107,2025-03,21,16,2,3,76.2,9.5
EMP107,2025-04,22,17,2,3,77.3,9.1
EMP107,2025-05,22,20,1,1,90.9,4.5
EMP107,2025-06,21,18,3,0,85.7,14.3
EMP107,2025-07,23,18,3,2,78.3,13.0
EMP107,2025-08,21,17,1,3,81.0,4.8
EMP107,2025-09,21,18,1,2,85.7,4.8
EMP107,2025-10,22,18,2,2,81.8,9.1
EMP107,2025-11,20,17,2,1,85.0,10.0
EMP107,2025-12,21,16,2,3,76.2,9.5
EMP108,2025-01,22,17,3,2,77.3,13.6
EMP108,2025-02,20,15,3,2,75.0,15.0
EMP108,2025-03,21,17,3,1,81.0,14.3
EMP108,2025-04,22,18,4,0,81.8,18.2
EMP108,2025-05,22,16,3,3,72.7,13.6
EMP108,2025-06,21,17,3,1,81.0,14.3
EMP108,2025-07,23,19,3,1,82.6,13.0
EMP108,2025-08,21,17,2,2,81.0,9.5
EMP108,2025-09,21,17,3,1,81.0,14.3
EMP108,2025-10,22,16,3,3,72.7,13.6
EMP108,2025-11,20,13,4,3,65.0,20.0
EMP108,2025-12,21,15,4,2,71.4,19.0
EMP109,2025-01,22,18,3,1,81.8,13.6
EMP109,2025-02,20,15,3,2,75.0,15.0
EMP109,2025-03,21,18,3,0,85.7,14.3
EMP109,2025-04,22,16,3,3,72.7,13.6
EMP109,2025-05,22,17,4,1,77.3,18.2
EMP109,2025-06,21,15,3,3,71.4,14.3
EMP109,2025-07,23,18,3,2,78.3,13.0
EMP109,2025-08,21,17,3,1,81.0,14.3
EMP109,2025-09,21,15,3,3,71.4,14.3
EMP109,2025-10,22,15,4,3,68.2,18.2
EMP109,2025-11,20,17,3,0,85.0,15.0
EMP109,2025-12,21,15,4,2,71.4,19.0
EMP110,2025-01,22,18,1,3,81.8,4.5
EMP110,2025-02,20,18,1,1,90.0,5.0
EMP110,2025-03,21,18,1,2,85.7,4.8
EMP110,2025-04,22,19,1,2,86.4,4.5
EMP110,2025-05,22,20,1,1,90.9,4.5
EMP110,2025-06,21,20,1,0,95.2,4.8
EMP110,2025-07,23,19,1,3,82.6,4.3
EMP110,2025-08,21,18,0,3,85.7,0.0
EMP110,2025-09,21,19,2,0,90.5,9.5
EMP110,2025-10,22,19,1,2,86.4,4.5
EMP110,2025-11,20,16,1,3,80.0,5.0
EMP110,2025-12,21,16,2,3,76.2,9.5
EMP111,2025-01,22,17,2,3,77.3,9.1
EMP111,2025-02,20,18,2,0,90.0,10.0
EMP111,2025-03,21,16,2,3,76.2,9.5
EMP111,2025-04,22,17,2,3,77.3,9.1
EMP111,2025-05,22,17,3,2,77.3,13.6
EMP111,2025-06,21,17,1,3,81.0,4.8
EMP111,2025-07,23,22,1,0,95.7,4.3
EMP111,2025-08,21,16,2,3,76.2,9.5
EMP111,2025-09,21,16,2,3,76.2,9.5
EMP111,2025-10,22,19,2,1,86.4,9.1
EMP111,2025-11,20,16,3,1,80.0,15.0
EMP111,2025-12,21,17,2,2,81.0,9.5
EMP112,2025-01,22,18,1,3,81.8,4.5
EMP112,2025-02,20,19,1,0,95.0,5.0
EMP112,2025-03,21,18,1,2,85.7,4.8
EMP112,2025-04,22,18,2,2,81.8,9.1
EMP112,2025-05,22,19,1,2,86.4,4.5
EMP112,2025-06,21,20,0,1,95.2,0.0
EMP112,2025-07,23,23,0,0,100.0,0.0
EMP112,2025-08,21,21,0,0,100.0,0.0
EMP112,2025-09,21,17,2,2,81.0,9.5
EMP112,2025-10,22,21,1,0,95.5,4.5
EMP112,2025-11,20,15,2,3,75.0,10.0
EMP112,2025-12,21,20,1,0,95.2,4.8
EMP113,2025-01,22,22,0,0,100.0,0.0
EMP113,2025-02,20,17,1,2,85.0,5.0
EMP113,2025-03,21,21,0,0,100.0,0.0
EMP113,2025-04,22,18,1,3,81.8,4.5
EMP113,2025-05,22,21,0,1,95.5,0.0
EMP113,2025-06,21,18,0,3,85.7,0.0
EMP113,2025-07,23,19,1,3,82.6,4.3
EMP113,2025-08,21,19,2,0,90.5,9.5
EMP113,2025-09,21,17,1,3,81.0,4.8
EMP113,2025-10,22,19,1,2,86.4,4.5
EMP113,2025-11,20,17,0,3,85.0,0.0
EMP113,2025-12,21,19,1,1,90.5,4.8
EMP114,2025-01,22,21,1,0,95.5,4.5
EMP114,2025-02,20,17,1,2,85.0,5.0
EMP114,2025-03,21,20,1,0,95.2,4.8
EMP114,2025-04,22,21,0,1,95.5,0.0
EMP114,2025-05,22,22,0,0,100.0,0.0
EMP114,2025-06,21,21,0,0,100.0,0.0
EMP114,2025-07,23,22,0,1,95.7,0.0
EMP114,2025-08,21,20,1,0,95.2,4.8
EMP114,2025-09,21,20,0,1,95.2,0.0
EMP114,2025-10,22,20,0,2,90.9,0.0
EMP114,2025-11,20,19,0,1,95.0,0.0
EMP114,2025-12,21,20,0,1,95.2,0.0
EMP115,2025-01,22,16,3,3,72.7,13.6
EMP115,2025-02,20,16,4,0,80.0,20.0
EMP115,2025-03,21,16,3,2,76.2,14.3
EMP115,2025-04,22,17,4,1,77.3,18.2
EMP115,2025-05,22,18,2,2,81.8,9.1
EMP115,2025-06,21,15,3,3,71.4,14.3
EMP115,2025-07,23,17,3,3,73.9,13.0
EMP115,2025-08,21,15,3,3,71.4,14.3
EMP115,2025-09,21,18,3,0,85.7,14.3
EMP115,2025-10,22,20,2,0,90.9,9.1
EMP115,2025-11,20,16,2,2,80.0,10.0
EMP115,2025-12,21,17,2,2,81.0,9.5
EMP116,2025-01,22,22,0,0,100.0,0.0
EMP116,2025-02,20,17,0,3,85.0,0.0
EMP116,2025-03,21,21,0,0,100.0,0.0
EMP116,2025-04,22,21,1,0,95.5,4.5
EMP116,2025-05,22,19,0,3,86.4,0.0
EMP116,2025-06,21,18,0,3,85.7,0.0
EMP116,2025-07,23,21,0,2,91.3,0.0
EMP116,2025-08,21,20,0,1,95.2,0.0
EMP116,2025-09,21,19,0,2,90.5,0.0
EMP116,2025-10,22,22,0,0,100.0,0.0
EMP116,2025-11,20,20,0,0,100.0,0.0
EMP116,2025-12,21,18,0,3,85.7,0.0
EMP117,2025-01,22,18,2,2,81.8,9.1
EMP117,2025-02,20,15,2,3,75.0,10.0
EMP117,2025-03,21,16,3,2,76.2,14.3
EMP117,2025-04,22,16,3,3,72.7,13.6
EMP117,2025-05,22,15,4,3,68.2,18.2
EMP117,2025-06,21,18,3,0,85.7,14.3
EMP117,2025-07,23,20,3,0,87.0,13.0
EMP117,2025-08,21,18,3,0,85.7,14.3
EMP117,2025-09,21,17,3,1,81.0,14.3
EMP117,2025-10,22,18,3,1,81.8,13.6
EMP117,2025-11,20,14,4,2,70.0,20.0
EMP117,2025-12,21,19,2,0,90.5,9.5
EMP118,2025-01,22,19,3,0,86.4,13.6
EMP118,2025-02,20,16,3,1,80.0,15.0
EMP118,2025-03,21,14,4,3,66.7,19.0
EMP118,2025-04,22,16,3,3,72.7,13.6
EMP118,2025-05,22,16,4,2,72.7,18.2
EMP118,2025-06,21,16,3,2,76.2,14.3
EMP118,2025-07,23,18,3,2,78.3,13.0
EMP118,2025-08,21,18,2,1,85.7,9.5
EMP118,2025-09,21,15,3,3,71.4,14.3
EMP118,2025-10,22,18,4,0,81.8,18.2
EMP118,2025-11,20,16,4,0,80.0,20.0
EMP118,2025-12,21,19,2,0,90.5,9.5
EMP119,2025-01,22,21,0,1,95.5,0.0
EMP119,2025-02,20,17,0,3,85.0,0.0
EMP119,2025-03,21,18,1,2,85.7,4.8
EMP119,2025-04,22,22,0,0,100.0,0.0
EMP119,2025-05,22,19,0,3,86.4,0.0
EMP119,2025-06,21,18,1,2,85.7,4.8
EMP119,2025-07,23,22,0,1,95.7,0.0
EMP119,2025-08,21,19,0,2,90.5,0.0
EMP119,2025-09,21,18,0,3,85.7,0.0
EMP119,2025-10,22,21,0,1,95.5,0.0
EMP119,2025-11,20,20,0,0,100.0,0.0
EMP119,2025-12,21,21,0,0,100.0,0.0
EMP120,2025-01,22,18,1,3,81.8,4.5
EMP120,2025-02,20,15,2,3,75.0,10.0
EMP120,2025-03,21,20,1,0,95.2,4.8
EMP120,2025-04,22,17,2,3,77.3,9.1
EMP120,2025-05,22,21,0,1,95.5,0.0
EMP120,2025-06,21,21,0,0,100.0,0.0
EMP120,2025-07,23,18,2,3,78.3,8.7
EMP120,2025-08,21,19,0,2,90.5,0.0
EMP120,2025-09,21,20,1,0,95.2,4.8
EMP120,2025-10,22,17,2,3,77.3,9.1
EMP120,2025-11,20,20,0,0,100.0,0.0
EMP120,2025-12,21,20,1,0,95.2,4.8
EMP121,2025-01,22,19,3,0,86.4,13.6
EMP121,2025-02,20,14,3,3,70.0,15.0
EMP121,2025-03,21,17,2,2,81.0,9.5
EMP121,2025-04,22,18,4,0,81.8,18.2
EMP121,2025-05,22,19,3,0,86.4,13.6
EMP121,2025-06,21,18,2,1,85.7,9.5
EMP121,2025-07,23,17,3,3,73.9,13.0
EMP121,2025-08,21,16,4,1,76.2,19.0
EMP121,2025-09,21,16,4,1,76.2,19.0
EMP121,2025-10,22,17,2,3,77.3,9.1
EMP121,2025-11,20,15,3,2,75.0,15.0
EMP121,2025-12,21,17,3,1,81.0,14.3
EMP122,2025-01,22,19,0,3,86.4,0.0
EMP122,2025-02,20,19,0,1,95.0,0.0
EMP122,2025-03,21,18,0,3,85.7,0.0
EMP122,2025-04,22,21,0,1,95.5,0.0
EMP122,2025-05,22,20,0,2,90.9,0.0
EMP122,2025-06,21,21,0,0,100.0,0.0
EMP122,2025-07,23,23,0,0,100.0,0.0
EMP122,2025-08,21,20,1,0,95.2,4.8
EMP122,2025-09,21,18,0,3,85.7,0.0
EMP122,2025-10,22,21,0,1,95.5,0.0
EMP122,2025-11,20,19,0,1,95.0,0.0
EMP122,2025-12,21,20,0,1,95.2,0.0
EMP123,2025-01,22,19,2,1,86.4,9.1
EMP123,2025-02,20,16,1,3,80.0,5.0
EMP123,2025-03,21,21,0,0,100.0,0.0
EMP123,2025-04,22,21,1,0,95.5,4.5
EMP123,2025-05,22,21,1,0,95.5,4.5
EMP123,2025-06,21,18,1,2,85.7,4.8
EMP123,2025-07,23,23,0,0,100.0,0.0
EMP123,2025-08,21,18,1,2,85.7,4.8
EMP123,2025-09,21,19,0,2,90.5,0.0
EMP123,2025-10,22,19,1,2,86.4,4.5
EMP123,2025-11,20,16,1,3,80.0,5.0
EMP123,2025-12,21,18,2,1,85.7,9.5
EMP124,2025-01,22,18,1,3,81.8,4.5
EMP124,2025-02,20,19,1,0,95.0,5.0
EMP124,2025-03,21,18,2,1,85.7,9.5
EMP124,2025-04,22,18,2,2,81.8,9.1
EMP124,2025-05,22,19,1,2,86.4,4.5
EMP124,2025-06,21,18,1,2,85.7,4.8
EMP124,2025-07,23,22,1,0,95.7,4.3
EMP124,2025-08,21,19,1,1,90.5,4.8
EMP124,2025-09,21,19,1,1,90.5,4.8
EMP124,2025-10,22,19,2,1,86.4,9.1
EMP124,2025-11,20,17,2,1,85.0,10.0
EMP124,2025-12,21,19,2,0,90.5,9.5
EMP125,2025-01,22,18,3,1,81.8,13.6
EMP125,2025-02,20,18,2,0,90.0,10.0
EMP125,2025-03,21,18,3,0,85.7,14.3
EMP125,2025-04,22,16,4,2,72.7,18.2
EMP125,2025-05,22,17,3,2,77.3,13.6
EMP125,2025-06,21,16,3,2,76.2,14.3
EMP125,2025-07,23,19,3,1,82.6,13.0
EMP125,2025-08,21,18,3,0,85.7,14.3
EMP125,2025-09,21,18,2,1,85.7,9.5
EMP125,2025-10,22,19,3,0,86.4,13.6
EMP125,2025-11,20,14,3,3,70.0,15.0
EMP125,2025-12,21,18,3,0,85.7,14.3
EMP126,2025-01,22,20,0,2,90.9,0.0
EMP126,2025-02,20,19,0,1,95.0,0.0
EMP126,2025-03,21,18,0,3,85.7,0.0
EMP126,2025-04,22,19,1,2,86.4,4.5
EMP126,2025-05,22,22,0,0,100.0,0.0
EMP126,2025-06,21,21,0,0,100.0,0.0
EMP126,2025-07,23,21,1,1,91.3,4.3
EMP126,2025-08,21,19,1,1,90.5,4.8
EMP126,2025-09,21,20,0,1,95.2,0.0
EMP126,2025-10,22,19,0,3,86.4,0.0
EMP126,2025-11,20,19,0,1,95.0,0.0
EMP126,2025-12,21,19,0,2,90.5,0.0
EMP127,2025-01,22,16,3,3,72.7,13.6
EMP127,2025-02,20,18,2,0,90.0,10.0
EMP127,2025-03,21,17,3,1,81.0,14.3
EMP127,2025-04,22,18,3,1,81.8,13.6
EMP127,2025-05,22,18,3,1,81.8,13.6
EMP127,2025-06,21,17,3,1,81.0,14.3
EMP127,2025-07,23,18,4,1,78.3,17.4
EMP127,2025-08,21,19,2,0,90.5,9.5
EMP127,2025-09,21,17,3,1,81.0,14.3
EMP127,2025-10,22,17,3,2,77.3,13.6
EMP127,2025-11,20,14,3,3,70.0,15.0
EMP127,2025-12,21,17,4,0,81.0,19.0
EMP128,2025-01,22,19,0,3,86.4,0.0
EMP128,2025-02,20,18,0,2,90.0,0.0
EMP128,2025-03,21,18,1,2,85.7,4.8
EMP128,2025-04,22,22,0,0,100.0,0.0
EMP128,2025-05,22,19,0,3,86.4,0.0
EMP128,2025-06,21,20,1,0,95.2,4.8
EMP128,2025-07,23,22,0,1,95.7,0.0
EMP128,2025-08,21,20,0,1,95.2,0.0
EMP128,2025-09,21,20,1,0,95.2,4.8
EMP128,2025-10,22,19,1,2,86.4,4.5
EMP128,2025-11,20,18,0,2,90.0,0.0
EMP128,2025-12,21,21,0,0,100.0,0.0
EMP129,2025-01,22,19,0,3,86.4,0.0
EMP129,2025-02,20,17,0,3,85.0,0.0
EMP129,2025-03,21,21,0,0,100.0,0.0
EMP129,2025-04,22,19,0,3,86.4,0.0
EMP129,2025-05,22,20,0,2,90.9,0.0
EMP129,2025-06,21,21,0,0,100.0,0.0
EMP129,2025-07,23,21,1,1,91.3,4.3
EMP129,2025-08,21,21,0,0,100.0,0.0
EMP129,2025-09,21,21,0,0,100.0,0.0
EMP129,2025-10,22,19,1,2,86.4,4.5
EMP129,2025-11,20,17,0,3,85.0,0.0
EMP129,2025-12,21,19,1,1,90.5,4.8
EMP130,2025-01,22,22,0,0,100.0,0.0
EMP130,2025-02,20,18,0,2,90.0,0.0
EMP130,2025-03,21,19,0,2,90.5,0.0
EMP130,2025-04,22,19,0,3,86.4,0.0
EMP130,2025-05,22,22,0,0,100.0,0.0
EMP130,2025-06,21,21,0,0,100.0,0.0
EMP130,2025-07,23,21,0,2,91.3,0.0
EMP130,2025-08,21,18,1,2,85.7,4.8
EMP130,2025-09,21,19,0,2,90.5,0.0
EMP130,2025-10,22,20,0,2,90.9,0.0
EMP130,2025-11,20,18,0,2,90.0,0.0
EMP130,2025-12,21,18,0,3,85.7,0.0
EMP131,2025-01,22,16,3,3,72.7,13.6
EMP131,2025-02,20,17,2,1,85.0,10.0
EMP131,2025-03,21,18,2,1,85.7,9.5
EMP131,2025-04,22,17,2,3,77.3,9.1
EMP131,2025-05,22,17,2,3,77.3,9.1
EMP131,2025-06,21,19,1,1,90.5,4.8
EMP131,2025-07,23,18,2,3,78.3,8.7
EMP131,2025-08,21,17,2,2,81.0,9.5
EMP131,2025-09,21,17,2,2,81.0,9.5
EMP131,2025-10,22,20,2,0,90.9,9.1
EMP131,2025-11,20,16,3,1,80.0,15.0
EMP131,2025-12,21,17,2,2,81.0,9.5
EMP132,2025-01,22,19,1,2,86.4,4.5
EMP132,2025-02,20,16,1,3,80.0,5.0
EMP132,2025-03,21,17,1,3,81.0,4.8
EMP132,2025-04,22,18,1,3,81.8,4.5
EMP132,2025-05,22,19,2,1,86.4,9.1
EMP132,2025-06,21,18,0,3,85.7,0.0
EMP132,2025-07,23,19,1,3,82.6,4.3
EMP132,2025-08,21,17,1,3,81.0,4.8
EMP132,2025-09,21,17,2,2,81.0,9.5
EMP132,2025-10,22,18,1,3,81.8,4.5
EMP132,2025-11,20,18,1,1,90.0,5.0
EMP132,2025-12,21,19,1,1,90.5,4.8
EMP133,2025-01,22,21,1,0,95.5,4.5
EMP133,2025-02,20,18,0,2,90.0,0.0
EMP133,2025-03,21,18,1,2,85.7,4.8
EMP133,2025-04,22,20,2,0,90.9,9.1
EMP133,2025-05,22,18,2,2,81.8,9.1
EMP133,2025-06,21,20,0,1,95.2,0.0
EMP133,2025-07,23,19,1,3,82.6,4.3
EMP133,2025-08,21,18,1,2,85.7,4.8
EMP133,2025-09,21,20,1,0,95.2,4.8
EMP133,2025-10,22,21,1,0,95.5,4.5
EMP133,2025-11,20,18,1,1,90.0,5.0
EMP133,2025-12,21,18,1,2,85.7,4.8
EMP134,2025-01,22,17,2,3,77.3,9.1
EMP134,2025-02,20,16,2,2,80.0,10.0
EMP134,2025-03,21,18,1,2,85.7,4.8
EMP134,2025-04,22,17,3,2,77.3,13.6
EMP134,2025-05,22,21,1,0,95.5,4.5
EMP134,2025-06,21,18,2,1,85.7,9.5
EMP134,2025-07,23,19,1,3,82.6,4.3
EMP134,2025-08,21,18,2,1,85.7,9.5
EMP134,2025-09,21,18,1,2,85.7,4.8
EMP134,2025-10,22,18,2,2,81.8,9.1
EMP134,2025-11,20,17,2,1,85.0,10.0
EMP134,2025-12,21,19,1,1,90.5,4.8
EMP135,2025-01,22,20,1,1,90.9,4.5
EMP135,2025-02,20,19,1,0,95.0,5.0
EMP135,2025-03,21,20,1,0,95.2,4.8
EMP135,2025-04,22,19,1,2,86.4,4.5
EMP135,2025-05,22,20,1,1,90.9,4.5
EMP135,2025-06,21,20,1,0,95.2,4.8
EMP135,2025-07,23,22,1,0,95.7,4.3
EMP135,2025-08,21,18,2,1,85.7,9.5
EMP135,2025-09,21,20,1,0,95.2,4.8
EMP135,2025-10,22,18,1,3,81.8,4.5
EMP135,2025-11,20,16,1,3,80.0,5.0
EMP135,2025-12,21,18,0,3,85.7,0.0
EMP136,2025-01,22,22,0,0,100.0,0.0
EMP136,2025-02,20,17,0,3,85.0,0.0
EMP136,2025-03,21,18,0,3,85.7,0.0
EMP136,2025-04,22,22,0,0,100.0,0.0
EMP136,2025-05,22,20,0,2,90.9,0.0
EMP136,2025-06,21,20,0,1,95.2,0.0
EMP136,2025-07,23,23,0,0,100.0,0.0
EMP136,2025-08,21,19,1,1,90.5,4.8
EMP136,2025-09,21,20,0,1,95.2,0.0
EMP136,2025-10,22,20,0,2,90.9,0.0
EMP136,2025-11,20,19,0,1,95.0,0.0
EMP136,2025-12,21,19,1,1,90.5,4.8
EMP137,2025-01,22,20,2,0,90.9,9.1
EMP137,2025-02,20,17,2,1,85.0,10.0
EMP137,2025-03,21,17,1,3,81.0,4.8
EMP137,2025-04,22,17,2,3,77.3,9.1
EMP137,2025-05,22,18,2,2,81.8,9.1
EMP137,2025-06,21,20,1,0,95.2,4.8
EMP137,2025-07,23,20,3,0,87.0,13.0
EMP137,2025-08,21,16,3,2,76.2,14.3
EMP137,2025-09,21,16,2,3,76.2,9.5
EMP137,2025-10,22,16,3,3,72.7,13.6
EMP137,2025-11,20,16,1,3,80.0,5.0
EMP137,2025-12,21,17,2,2,81.0,9.5
EMP138,2025-01,22,16,3,3,72.7,13.6
EMP138,2025-02,20,17,3,0,85.0,15.0
EMP138,2025-03,21,16,4,1,76.2,19.0
EMP138,2025-04,22,18,4,0,81.8,18.2
EMP138,2025-05,22,16,3,3,72.7,13.6
EMP138,2025-06,21,16,2,3,76.2,9.5
EMP138,2025-07,23,17,4,2,73.9,17.4
EMP138,2025-08,21,18,3,0,85.7,14.3
EMP138,2025-09,21,15,3,3,71.4,14.3
EMP138,2025-10,22,17,3,2,77.3,13.6
EMP138,2025-11,20,17,3,0,85.0,15.0
EMP138,2025-12,21,17,4,0,81.0,19.0
EMP139,2025-01,22,16,3,3,72.7,13.6
EMP139,2025-02,20,13,4,3,65.0,20.0
EMP139,2025-03,21,16,4,1,76.2,19.0
EMP139,2025-04,22,18,3,1,81.8,13.6
EMP139,2025-05,22,18,3,1,81.8,13.6
EMP139,2025-06,21,16,3,2,76.2,14.3
EMP139,2025-07,23,16,4,3,69.6,17.4
EMP139,2025-08,21,16,3,2,76.2,14.3
EMP139,2025-09,21,15,3,3,71.4,14.3
EMP139,2025-10,22,18,4,0,81.8,18.2
EMP139,2025-11,20,14,3,3,70.0,15.0
EMP139,2025-12,21,16,3,2,76.2,14.3
EMP140,2025-01,22,15,4,3,68.2,18.2
EMP140,2025-02,20,17,2,1,85.0,10.0
EMP140,2025-03,21,15,3,3,71.4,14.3
EMP140,2025-04,22,18,2,2,81.8,9.1
EMP140,2025-05,22,16,3,3,72.7,13.6
EMP140,2025-06,21,15,3,3,71.4,14.3
EMP140,2025-07,23,17,3,3,73.9,13.0
EMP140,2025-08,21,16,3,2,76.2,14.3
EMP140,2025-09,21,17,3,1,81.0,14.3
EMP140,2025-10,22,15,4,3,68.2,18.2
EMP140,2025-11,20,16,2,2,80.0,10.0
EMP140,2025-12,21,15,4,2,71.4,19.0
EMP141,2025-01,22,17,3,2,77.3,13.6
EMP141,2025-02,20,17,3,0,85.0,15.0
EMP141,2025-03,21,17,2,2,81.0,9.5
EMP141,2025-04,22,18,2,2,81.8,9.1
EMP141,2025-05,22,17,2,3,77.3,9.1
EMP141,2025-06,21,15,3,3,71.4,14.3
EMP141,2025-07,23,22,1,0,95.7,4.3
EMP141,2025-08,21,18,1,2,85.7,4.8
EMP141,2025-09,21,19,2,0,90.5,9.5
EMP141,2025-10,22,19,2,1,86.4,9.1
EMP141,2025-11,20,17,2,1,85.0,10.0
EMP141,2025-12,21,19,2,0,90.5,9.5
EMP142,2025-01,22,20,0,2,90.9,0.0
EMP142,2025-02,20,17,0,3,85.0,0.0
EMP142,2025-03,21,18,0,3,85.7,0.0
EMP142,2025-04,22,20,0,2,90.9,0.0
EMP142,2025-05,22,19,1,2,86.4,4.5
EMP142,2025-06,21,21,0,0,100.0,0.0
EMP142,2025-07,23,23,0,0,100.0,0.0
EMP142,2025-08,21,21,0,0,100.0,0.0
EMP142,2025-09,21,20,0,1,95.2,0.0
EMP142,2025-10,22,20,0,2,90.9,0.0
EMP142,2025-11,20,20,0,0,100.0,0.0
EMP142,2025-12,21,19,0,2,90.5,0.0
EMP143,2025-01,22,20,1,1,90.9,4.5
EMP143,2025-02,20,17,0,3,85.0,0.0
EMP143,2025-03,21,19,2,0,90.5,9.5
EMP143,2025-04,22,19,1,2,86.4,4.5
EMP143,2025-05,22,21,0,1,95.5,0.0
EMP143,2025-06,21,18,0,3,85.7,0.0
EMP143,2025-07,23,21,1,1,91.3,4.3
EMP143,2025-08,21,19,1,1,90.5,4.8
EMP143,2025-09,21,21,0,0,100.0,0.0
EMP143,2025-10,22,19,0,3,86.4,0.0
EMP143,2025-11,20,19,1,0,95.0,5.0
EMP143,2025-12,21,18,1,2,85.7,4.8
EMP144,2025-01,22,22,0,0,100.0,0.0
EMP144,2025-02,20,18,0,2,90.0,0.0
EMP144,2025-03,21,19,1,1,90.5,4.8
EMP144,2025-04,22,21,1,0,95.5,4.5
EMP144,2025-05,22,20,1,1,90.9,4.5
EMP144,2025-06,21,20,0,1,95.2,0.0
EMP144,2025-07,23,21,1,1,91.3,4.3
EMP144,2025-08,21,19,1,1,90.5,4.8
EMP144,2025-09,21,18,1,2,85.7,4.8
EMP144,2025-10,22,17,2,3,77.3,9.1
EMP144,2025-11,20,15,2,3,75.0,10.0
EMP144,2025-12,21,18,1,2,85.7,4.8
EMP145,2025-01,22,20,1,1,90.9,4.5
EMP145,2025-02,20,19,1,0,95.0,5.0
EMP145,2025-03,21,17,1,3,81.0,4.8
EMP145,2025-04,22,20,0,2,90.9,0.0
EMP145,2025-05,22,18,1,3,81.8,4.5
EMP145,2025-06,21,18,0,3,85.7,0.0
EMP145,2025-07,23,20,0,3,87.0,0.0
EMP145,2025-08,21,20,1,0,95.2,4.8
EMP145,2025-09,21,18,0,3,85.7,0.0
EMP145,2025-10,22,21,0,1,95.5,0.0
EMP145,2025-11,20,19,0,1,95.0,0.0
EMP145,2025-12,21,18,1,2,85.7,4.8
EMP146,2025-01,22,22,0,0,100.0,0.0
EMP146,2025-02,20,17,0,3,85.0,0.0
EMP146,2025-03,21,21,0,0,100.0,0.0
EMP146,2025-04,22,19,0,3,86.4,0.0
EMP146,2025-05,22,20,0,2,90.9,0.0
EMP146,2025-06,21,20,0,1,95.2,0.0
EMP146,2025-07,23,23,0,0,100.0,0.0
EMP146,2025-08,21,19,0,2,90.5,0.0
EMP146,2025-09,21,20,0,1,95.2,0.0
EMP146,2025-10,22,21,0,1,95.5,0.0
EMP146,2025-11,20,20,0,0,100.0,0.0
EMP146,2025-12,21,21,0,0,100.0,0.0
EMP147,2025-01,22,18,1,3,81.8,4.5
EMP147,2025-02,20,17,1,2,85.0,5.0
EMP147,2025-03,21,17,1,3,81.0,4.8
EMP147,2025-04,22,18,1,3,81.8,4.5
EMP147,2025-05,22,18,2,2,81.8,9.1
EMP147,2025-06,21,20,1,0,95.2,4.8
EMP147,2025-07,23,22,0,1,95.7,0.0
EMP147,2025-08,21,20,0,1,95.2,0.0
EMP147,2025-09,21,16,2,3,76.2,9.5
EMP147,2025-10,22,20,1,1,90.9,4.5
EMP147,2025-11,20,17,2,1,85.0,10.0
EMP147,2025-12,21,17,1,3,81.0,4.8
EMP148,2025-01,22,20,0,2,90.9,0.0
EMP148,2025-02,20,17,1,2,85.0,5.0
EMP148,2025-03,21,19,0,2,90.5,0.0
EMP148,2025-04,22,20,0,2,90.9,0.0
EMP148,2025-05,22,19,0,3,86.4,0.0
EMP148,2025-06,21,18,0,3,85.7,0.0
EMP148,2025-07,23,21,0,2,91.3,0.0
EMP148,2025-08,21,18,0,3,85.7,0.0
EMP148,2025-09,21,18,1,2,85.7,4.8
EMP148,2025-10,22,22,0,0,100.0,0.0
EMP148,2025-11,20,17,0,3,85.0,0.0
EMP148,2025-12,21,18,0,3,85.7,0.0
EMP149,2025-01,22,20,1,1,90.9,4.5
EMP149,2025-02,20,17,0,3,85.0,0.0
EMP149,2025-03,21,21,0,0,100.0,0.0
EMP149,2025-04,22,19,0,3,86.4,0.0
EMP149,2025-05,22,21,0,1,95.5,0.0
EMP149,2025-06,21,19,0,2,90.5,0.0
EMP149,2025-07,23,20,0,3,87.0,0.0
EMP149,2025-08,21,19,0,2,90.5,0.0
EMP149,2025-09,21,20,1,0,95.2,4.8
EMP149,2025-10,22,21,0,1,95.5,0.0
EMP149,2025-11,20,16,1,3,80.0,5.0
EMP149,2025-12,21,20,0,1,95.2,0.0
EMP150,2025-01,22,19,2,1,86.4,9.1
EMP150,2025-02,20,18,1,1,90.0,5.0
EMP150,2025-03,21,19,1,1,90.5,4.8
EMP150,2025-04,22,20,1,1,90.9,4.5
EMP150,2025-05,22,20,1,1,90.9,4.5
EMP150,2025-06,21,21,0,0,100.0,0.0
EMP150,2025-07,23,22,1,0,95.7,4.3
EMP150,2025-08,21,19,1,1,90.5,4.8
EMP150,2025-09,21,18,1,2,85.7,4.8
EMP150,2025-10,22,21,0,1,95.5,0.0
EMP150,2025-11,20,17,1,2,85.0,5.0
EMP150,2025-12,21,19,1,1,90.5,4.8
EMP151,2025-01,22,17,2,3,77.3,9.1
EMP151,2025-02,20,16,1,3,80.0,5.0
EMP151,2025-03,21,19,2,0,90.5,9.5
EMP151,2025-04,22,19,2,1,86.4,9.1
EMP151,2025-05,22,19,1,2,86.4,4.5
EMP151,2025-06,21,17,1,3,81.0,4.8
EMP151,2025-07,23,22,1,0,95.7,4.3
EMP151,2025-08,21,20,0,1,95.2,0.0
EMP151,2025-09,21,18,2,1,85.7,9.5
EMP151,2025-10,22,20,1,1,90.9,4.5
EMP151,2025-11,20,16,2,2,80.0,10.0
EMP151,2025-12,21,18,1,2,85.7,4.8
EMP152,2025-01,22,20,1,1,90.9,4.5
EMP152,2025-02,20,19,1,0,95.0,5.0
EMP152,2025-03,21,19,1,1,90.5,4.8
EMP152,2025-04,22,19,1,2,86.4,4.5
EMP152,2025-05,22,18,1,3,81.8,4.5
EMP152,2025-06,21,18,0,3,85.7,0.0
EMP152,2025-07,23,19,1,3,82.6,4.3
EMP152,2025-08,21,17,1,3,81.0,4.8
EMP152,2025-09,21,19,1,1,90.5,4.8
EMP152,2025-10,22,18,1,3,81.8,4.5
EMP152,2025-11,20,17,0,3,85.0,0.0
EMP152,2025-12,21,19,2,0,90.5,9.5
EMP153,2025-01,22,16,4,2,72.7,18.2
EMP153,2025-02,20,17,3,0,85.0,15.0
EMP153,2025-03,21,18,2,1,85.7,9.5
EMP153,2025-04,22,16,3,3,72.7,13.6
EMP153,2025-05,22,18,3,1,81.8,13.6
EMP153,2025-06,21,18,2,1,85.7,9.5
EMP153,2025-07,23,18,3,2,78.3,13.0
EMP153,2025-08,21,19,2,0,90.5,9.5
EMP153,2025-09,21,18,3,0,85.7,14.3
EMP153,2025-10,22,19,3,0,86.4,13.6
EMP153,2025-11,20,16,4,0,80.0,20.0
EMP153,2025-12,21,19,2,0,90.5,9.5
EMP154,2025-01,22,20,1,1,90.9,4.5
EMP154,2025-02,20,19,0,1,95.0,0.0
EMP154,2025-03,21,21,0,0,100.0,0.0
EMP154,2025-04,22,18,1,3,81.8,4.5
EMP154,2025-05,22,21,0,1,95.5,0.0
EMP154,2025-06,21,18,0,3,85.7,0.0
EMP154,2025-07,23,21,0,2,91.3,0.0
EMP154,2025-08,21,20,1,0,95.2,4.8
EMP154,2025-09,21,19,0,2,90.5,0.0
EMP154,2025-10,22,22,0,0,100.0,0.0
EMP154,2025-11,20,19,0,1,95.0,0.0
EMP154,2025-12,21,21,0,0,100.0,0.0
EMP155,2025-01,22,18,1,3,81.8,4.5
EMP155,2025-02,20,16,1,3,80.0,5.0
EMP155,2025-03,21,18,1,2,85.7,4.8
EMP155,2025-04,22,17,2,3,77.3,9.1
EMP155,2025-05,22,21,1,0,95.5,4.5
EMP155,2025-06,21,19,1,1,90.5,4.8
EMP155,2025-07,23,20,1,2,87.0,4.3
EMP155,2025-08,21,18,1,2,85.7,4.8
EMP155,2025-09,21,19,2,0,90.5,9.5
EMP155,2025-10,22,19,0,3,86.4,0.0
EMP155,2025-11,20,19,1,0,95.0,5.0
EMP155,2025-12,21,19,2,0,90.5,9.5
EMP156,2025-01,22,16,3,3,72.7,13.6
EMP156,2025-02,20,15,3,2,75.0,15.0
EMP156,2025-03,21,14,4,3,66.7,19.0
EMP156,2025-04,22,18,2,2,81.8,9.1
EMP156,2025-05,22,17,3,2,77.3,13.6
EMP156,2025-06,21,18,3,0,85.7,14.3
EMP156,2025-07,23,21,2,0,91.3,8.7
EMP156,2025-08,21,15,4,2,71.4,19.0
EMP156,2025-09,21,19,2,0,90.5,9.5
EMP156,2025-10,22,16,3,3,72.7,13.6
EMP156,2025-11,20,17,3,0,85.0,15.0
EMP156,2025-12,21,17,2,2,81.0,9.5
EMP157,2025-01,22,18,2,2,81.8,9.1
EMP157,2025-02,20,18,2,0,90.0,10.0
EMP157,2025-03,21,16,2,3,76.2,9.5
EMP157,2025-04,22,20,1,1,90.9,4.5
EMP157,2025-05,22,18,2,2,81.8,9.1
EMP157,2025-06,21,17,2,2,81.0,9.5
EMP157,2025-07,23,20,2,1,87.0,8.7
EMP157,2025-08,21,19,2,0,90.5,9.5
EMP157,2025-09,21,18,2,1,85.7,9.5
EMP157,2025-10,22,20,2,0,90.9,9.1
EMP157,2025-11,20,16,3,1,80.0,15.0
EMP157,2025-12,21,19,2,0,90.5,9.5
EMP158,2025-01,22,19,2,1,86.4,9.1
EMP158,2025-02,20,18,2,0,90.0,10.0
EMP158,2025-03,21,18,1,2,85.7,4.8
EMP158,2025-04,22,18,1,3,81.8,4.5
EMP158,2025-05,22,18,2,2,81.8,9.1
EMP158,2025-06,21,19,0,2,90.5,0.0
EMP158,2025-07,23,20,1,2,87.0,4.3
EMP158,2025-08,21,19,1,1,90.5,4.8
EMP158,2025-09,21,18,2,1,85.7,9.5
EMP158,2025-10,22,19,0,3,86.4,0.0
EMP158,2025-11,20,18,1,1,90.0,5.0
EMP158,2025-12,21,19,1,1,90.5,4.8
EMP159,2025-01,22,19,3,0,86.4,13.6
EMP159,2025-02,20,13,4,3,65.0,20.0
EMP159,2025-03,21,15,3,3,71.4,14.3
EMP159,2025-04,22,16,3,3,72.7,13.6
EMP159,2025-05,22,18,3,1,81.8,13.6
EMP159,2025-06,21,15,3,3,71.4,14.3
EMP159,2025-07,23,16,4,3,69.6,17.4
EMP159,2025-08,21,17,3,1,81.0,14.3
EMP159,2025-09,21,17,3,1,81.0,14.3
EMP159,2025-10,22,19,3,0,86.4,13.6
EMP159,2025-11,20,14,3,3,70.0,15.0
EMP159,2025-12,21,15,3,3,71.4,14.3
EMP160,2025-01,22,16,3,3,72.7,13.6
EMP160,2025-02,20,15,3,2,75.0,15.0
EMP160,2025-03,21,19,2,0,90.5,9.5
EMP160,2025-04,22,17,3,2,77.3,13.6
EMP160,2025-05,22,17,3,2,77.3,13.6
EMP160,2025-06,21,19,2,0,90.5,9.5
EMP160,2025-07,23,21,2,0,91.3,8.7
EMP160,2025-08,21,16,2,3,76.2,9.5
EMP160,2025-09,21,16,2,3,76.2,9.5
EMP160,2025-10,22,18,2,2,81.8,9.1
EMP160,2025-11,20,18,2,0,90.0,10.0
EMP160,2025-12,21,20,1,0,95.2,4.8
EMP161,2025-01,22,20,1,1,90.9,4.5
EMP161,2025-02,20,18,0,2,90.0,0.0
EMP161,2025-03,21,21,0,0,100.0,0.0
EMP161,2025-04,22,18,2,2,81.8,9.1
EMP161,2025-05,22,21,0,1,95.5,0.0
EMP161,2025-06,21,19,1,1,90.5,4.8
EMP161,2025-07,23,20,2,1,87.0,8.7
EMP161,2025-08,21,18,1,2,85.7,4.8
EMP161,2025-09,21,18,0,3,85.7,0.0
EMP161,2025-10,22,21,0,1,95.5,0.0
EMP161,2025-11,20,18,0,2,90.0,0.0
EMP161,2025-12,21,17,1,3,81.0,4.8
EMP162,2025-01,22,19,3,0,86.4,13.6
EMP162,2025-02,20,15,4,1,75.0,20.0
EMP162,2025-03,21,17,3,1,81.0,14.3
EMP162,2025-04,22,16,3,3,72.7,13.6
EMP162,2025-05,22,19,2,1,86.4,9.1
EMP162,2025-06,21,18,3,0,85.7,14.3
EMP162,2025-07,23,21,2,0,91.3,8.7
EMP162,2025-08,21,15,3,3,71.4,14.3
EMP162,2025-09,21,15,4,2,71.4,19.0
EMP162,2025-10,22,17,3,2,77.3,13.6
EMP162,2025-11,20,16,3,1,80.0,15.0
EMP162,2025-12,21,16,3,2,76.2,14.3
EMP163,2025-01,22,19,0,3,86.4,0.0
EMP163,2025-02,20,17,0,3,85.0,0.0
EMP163,2025-03,21,19,0,2,90.5,0.0
EMP163,2025-04,22,19,0,3,86.4,0.0
EMP163,2025-05,22,22,0,0,100.0,0.0
EMP163,2025-06,21,21,0,0,100.0,0.0
EMP163,2025-07,23,21,1,1,91.3,4.3
EMP163,2025-08,21,19,0,2,90.5,0.0
EMP163,2025-09,21,20,0,1,95.2,0.0
EMP163,2025-10,22,22,0,0,100.0,0.0
EMP163,2025-11,20,20,0,0,100.0,0.0
EMP163,2025-12,21,21,0,0,100.0,0.0
EMP164,2025-01,22,21,0,1,95.5,0.0
EMP164,2025-02,20,20,0,0,100.0,0.0
EMP164,2025-03,21,19,0,2,90.5,0.0
EMP164,2025-04,22,21,0,1,95.5,0.0
EMP164,2025-05,22,19,0,3,86.4,0.0
EMP164,2025-06,21,19,0,2,90.5,0.0
EMP164,2025-07,23,23,0,0,100.0,0.0
EMP164,2025-08,21,18,1,2,85.7,4.8
EMP164,2025-09,21,19,0,2,90.5,0.0
EMP164,2025-10,22,19,0,3,86.4,0.0
EMP164,2025-11,20,19,0,1,95.0,0.0
EMP164,2025-12,21,21,0,0,100.0,0.0
EMP165,2025-01,22,19,2,1,86.4,9.1
EMP165,2025-02,20,15,2,3,75.0,10.0
EMP165,2025-03,21,15,3,3,71.4,14.3
EMP165,2025-04,22,21,1,0,95.5,4.5
EMP165,2025-05,22,17,2,3,77.3,9.1
EMP165,2025-06,21,17,2,2,81.0,9.5
EMP165,2025-07,23,17,3,3,73.9,13.0
EMP165,2025-08,21,17,2,2,81.0,9.5
EMP165,2025-09,21,20,1,0,95.2,4.8
EMP165,2025-10,22,18,2,2,81.8,9.1
EMP165,2025-11,20,15,3,2,75.0,15.0
EMP165,2025-12,21,17,3,1,81.0,14.3
EMP166,2025-01,22,22,0,0,100.0,0.0
EMP166,2025-02,20,18,0,2,90.0,0.0
EMP166,2025-03,21,19,0,2,90.5,0.0
EMP166,2025-04,22,19,1,2,86.4,4.5
EMP166,2025-05,22,18,1,3,81.8,4.5
EMP166,2025-06,21,19,1,1,90.5,4.8
EMP166,2025-07,23,21,0,2,91.3,0.0
EMP166,2025-08,21,20,1,0,95.2,4.8
EMP166,2025-09,21,19,0,2,90.5,0.0
EMP166,2025-10,22,18,1,3,81.8,4.5
EMP166,2025-11,20,19,0,1,95.0,0.0
EMP166,2025-12,21,19,0,2,90.5,0.0
EMP167,2025-01,22,20,1,1,90.9,4.5
EMP167,2025-02,20,18,1,1,90.0,5.0
EMP167,2025-03,21,17,2,2,81.0,9.5
EMP167,2025-04,22,18,1,3,81.8,4.5
EMP167,2025-05,22,19,1,2,86.4,4.5
EMP167,2025-06,21,18,1,2,85.7,4.8
EMP167,2025-07,23,21,2,0,91.3,8.7
EMP167,2025-08,21,17,2,2,81.0,9.5
EMP167,2025-09,21,19,2,0,90.5,9.5
EMP167,2025-10,22,19,2,1,86.4,9.1
EMP167,2025-11,20,16,1,3,80.0,5.0
EMP167,2025-12,21,18,2,1,85.7,9.5
EMP168,2025-01,22,21,0,1,95.5,0.0
EMP168,2025-02,20,20,0,0,100.0,0.0
EMP168,2025-03,21,18,0,3,85.7,0.0
EMP168,2025-04,22,21,0,1,95.5,0.0
EMP168,2025-05,22,22,0,0,100.0,0.0
EMP168,2025-06,21,19,0,2,90.5,0.0
EMP168,2025-07,23,20,0,3,87.0,0.0
EMP168,2025-08,21,20,0,1,95.2,0.0
EMP168,2025-09,21,18,0,3,85.7,0.0
EMP168,2025-10,22,21,0,1,95.5,0.0
EMP168,2025-11,20,17,1,2,85.0,5.0
EMP168,2025-12,21,21,0,0,100.0,0.0
EMP169,2025-01,22,21,1,0,95.5,4.5
EMP169,2025-02,20,15,2,3,75.0,10.0
EMP169,2025-03,21,17,2,2,81.0,9.5
EMP169,2025-04,22,18,2,2,81.8,9.1
EMP169,2025-05,22,19,2,1,86.4,9.1
EMP169,2025-06,21,17,1,3,81.0,4.8
EMP169,2025-07,23,20,2,1,87.0,8.7
EMP169,2025-08,21,16,2,3,76.2,9.5
EMP169,2025-09,21,18,2,1,85.7,9.5
EMP169,2025-10,22,19,2,1,86.4,9.1
EMP169,2025-11,20,15,2,3,75.0,10.0
EMP169,2025-12,21,16,2,3,76.2,9.5
EMP170,2025-01,22,20,1,1,90.9,4.5
EMP170,2025-02,20,16,1,3,80.0,5.0
EMP170,2025-03,21,19,1,1,90.5,4.8
EMP170,2025-04,22,21,0,1,95.5,0.0
EMP170,2025-05,22,19,1,2,86.4,4.5
EMP170,2025-06,21,19,1,1,90.5,4.8
EMP170,2025-07,23,21,1,1,91.3,4.3
EMP170,2025-08,21,18,0,3,85.7,0.0
EMP170,2025-09,21,18,1,2,85.7,4.8
EMP170,2025-10,22,18,1,3,81.8,4.5
EMP170,2025-11,20,16,1,3,80.0,5.0
EMP170,2025-12,21,16,2,3,76.2,9.5
EMP171,2025-01,22,19,0,3,86.4,0.0
EMP171,2025-02,20,18,0,2,90.0,0.0
EMP171,2025-03,21,20,0,1,95.2,0.0
EMP171,2025-04,22,19,0,3,86.4,0.0
EMP171,2025-05,22,21,0,1,95.5,0.0
EMP171,2025-06,21,21,0,0,100.0,0.0
EMP171,2025-07,23,21,0,2,91.3,0.0
EMP171,2025-08,21,20,0,1,95.2,0.0
EMP171,2025-09,21,18,0,3,85.7,0.0
EMP171,2025-10,22,20,0,2,90.9,0.0
EMP171,2025-11,20,19,0,1,95.0,0.0
EMP171,2025-12,21,20,0,1,95.2,0.0
EMP172,2025-01,22,20,1,1,90.9,4.5
EMP172,2025-02,20,16,1,3,80.0,5.0
EMP172,2025-03,21,21,0,0,100.0,0.0
EMP172,2025-04,22,20,1,1,90.9,4.5
EMP172,2025-05,22,18,1,3,81.8,4.5
EMP172,2025-06,21,16,2,3,76.2,9.5
EMP172,2025-07,23,21,2,0,91.3,8.7
EMP172,2025-08,21,18,2,1,85.7,9.5
EMP172,2025-09,21,17,1,3,81.0,4.8
EMP172,2025-10,22,21,0,1,95.5,0.0
EMP172,2025-11,20,19,1,0,95.0,5.0
EMP172,2025-12,21,21,0,0,100.0,0.0
EMP173,2025-01,22,19,0,3,86.4,0.0
EMP173,2025-02,20,17,0,3,85.0,0.0
EMP173,2025-03,21,20,0,1,95.2,0.0
EMP173,2025-04,22,19,0,3,86.4,0.0
EMP173,2025-05,22,19,0,3,86.4,0.0
EMP173,2025-06,21,21,0,0,100.0,0.0
EMP173,2025-07,23,23,0,0,100.0,0.0
EMP173,2025-08,21,21,0,0,100.0,0.0
EMP173,2025-09,21,21,0,0,100.0,0.0
EMP173,2025-10,22,19,1,2,86.4,4.5
EMP173,2025-11,20,19,0,1,95.0,0.0
EMP173,2025-12,21,18,0,3,85.7,0.0
EMP174,2025-01,22,22,0,0,100.0,0.0
EMP174,2025-02,20,19,0,1,95.0,0.0
EMP174,2025-03,21,19,0,2,90.5,0.0
EMP174,2025-04,22,20,0,2,90.9,0.0
EMP174,2025-05,22,20,0,2,90.9,0.0
EMP174,2025-06,21,20,0,1,95.2,0.0
EMP174,2025-07,23,20,0,3,87.0,0.0
EMP174,2025-08,21,20,0,1,95.2,0.0
EMP174,2025-09,21,20,1,0,95.2,4.8
EMP174,2025-10,22,20,0,2,90.9,0.0
EMP174,2025-11,20,18,0,2,90.0,0.0
EMP174,2025-12,21,20,1,0,95.2,4.8
EMP175,2025-01,22,18,2,2,81.8,9.1
EMP175,2025-02,20,16,2,2,80.0,10.0
EMP175,2025-03,21,20,1,0,95.2,4.8
EMP175,2025-04,22,17,2,3,77.3,9.1
EMP175,2025-05,22,18,2,2,81.8,9.1
EMP175,2025-06,21,19,1,1,90.5,4.8
EMP175,2025-07,23,21,2,0,91.3,8.7
EMP175,2025-08,21,18,2,1,85.7,9.5
EMP175,2025-09,21,16,2,3,76.2,9.5
EMP175,2025-10,22,18,2,2,81.8,9.1
EMP175,2025-11,20,15,2,3,75.0,10.0
EMP175,2025-12,21,17,2,2,81.0,9.5
EMP176,2025-01,22,17,3,2,77.3,13.6
EMP176,2025-02,20,15,4,1,75.0,20.0
EMP176,2025-03,21,18,3,0,85.7,14.3
EMP176,2025-04,22,16,3,3,72.7,13.6
EMP176,2025-05,22,18,3,1,81.8,13.6
EMP176,2025-06,21,17,3,1,81.0,14.3
EMP176,2025-07,23,18,3,2,78.3,13.0
EMP176,2025-08,21,14,4,3,66.7,19.0
EMP176,2025-09,21,18,3,0,85.7,14.3
EMP176,2025-10,22,18,4,0,81.8,18.2
EMP176,2025-11,20,14,3,3,70.0,15.0
EMP176,2025-12,21,15,4,2,71.4,19.0
EMP177,2025-01,22,21,0,1,95.5,0.0
EMP177,2025-02,20,17,0,3,85.0,0.0
EMP177,2025-03,21,20,0,1,95.2,0.0
EMP177,2025-04,22,20,0,2,90.9,0.0
EMP177,2025-05,22,20,0,2,90.9,0.0
EMP177,2025-06,21,20,0,1,95.2,0.0
EMP177,2025-07,23,21,1,1,91.3,4.3
EMP177,2025-08,21,19,1,1,90.5,4.8
EMP177,2025-09,21,19,1,1,90.5,4.8
EMP177,2025-10,22,19,0,3,86.4,0.0
EMP177,2025-11,20,20,0,0,100.0,0.0
EMP177,2025-12,21,18,1,2,85.7,4.8
EMP178,2025-01,22,19,0,3,86.4,0.0
EMP178,2025-02,20,18,0,2,90.0,0.0
EMP178,2025-03,21,18,0,3,85.7,0.0
EMP178,2025-04,22,19,0,3,86.4,0.0
EMP178,2025-05,22,20,0,2,90.9,0.0
EMP178,2025-06,21,18,1,2,85.7,4.8
EMP178,2025-07,23,20,0,3,87.0,0.0
EMP178,2025-08,21,20,1,0,95.2,4.8
EMP178,2025-09,21,19,1,1,90.5,4.8
EMP178,2025-10,22,20,1,1,90.9,4.5
EMP178,2025-11,20,20,0,0,100.0,0.0
EMP178,2025-12,21,19,0,2,90.5,0.0
EMP179,2025-01,22,18,3,1,81.8,13.6
EMP179,2025-02,20,15,2,3,75.0,10.0
EMP179,2025-03,21,17,3,1,81.0,14.3
EMP179,2025-04,22,17,2,3,77.3,9.1
EMP179,2025-05,22,19,2,1,86.4,9.1
EMP179,2025-06,21,17,1,3,81.0,4.8
EMP179,2025-07,23,21,2,0,91.3,8.7
EMP179,2025-08,21,19,1,1,90.5,4.8
EMP179,2025-09,21,16,2,3,76.2,9.5
EMP179,2025-10,22,19,1,2,86.4,4.5
EMP179,2025-11,20,15,2,3,75.0,10.0
EMP179,2025-12,21,18,1,2,85.7,4.8
EMP180,2025-01,22,17,4,1,77.3,18.2
EMP180,2025-02,20,17,3,0,85.0,15.0
EMP180,2025-03,21,16,3,2,76.2,14.3
EMP180,2025-04,22,18,2,2,81.8,9.1
EMP180,2025-05,22,20,2,0,90.9,9.1
EMP180,2025-06,21,16,3,2,76.2,14.3
EMP180,2025-07,23,17,3,3,73.9,13.0
EMP180,2025-08,21,15,3,3,71.4,14.3
EMP180,2025-09,21,17,4,0,81.0,19.0
EMP180,2025-10,22,19,3,0,86.4,13.6
EMP180,2025-11,20,17,2,1,85.0,10.0
EMP180,2025-12,21,16,3,2,76.2,14.3
EMP181,2025-01,22,17,4,1,77.3,18.2
EMP181,2025-02,20,16,2,2,80.0,10.0
EMP181,2025-03,21,17,4,0,81.0,19.0
EMP181,2025-04,22,16,3,3,72.7,13.6
EMP181,2025-05,22,20,2,0,90.9,9.1
EMP181,2025-06,21,16,3,2,76.2,14.3
EMP181,2025-07,23,21,2,0,91.3,8.7
EMP181,2025-08,21,17,4,0,81.0,19.0
EMP181,2025-09,21,18,3,0,85.7,14.3
EMP181,2025-10,22,17,3,2,77.3,13.6
EMP181,2025-11,20,17,3,0,85.0,15.0
EMP181,2025-12,21,18,3,0,85.7,14.3
EMP182,2025-01,22,20,2,0,90.9,9.1
EMP182,2025-02,20,17,2,1,85.0,10.0
EMP182,2025-03,21,16,2,3,76.2,9.5
EMP182,2025-04,22,19,2,1,86.4,9.1
EMP182,2025-05,22,20,2,0,90.9,9.1
EMP182,2025-06,21,16,2,3,76.2,9.5
EMP182,2025-07,23,18,2,3,78.3,8.7
EMP182,2025-08,21,20,1,0,95.2,4.8
EMP182,2025-09,21,16,3,2,76.2,14.3
EMP182,2025-10,22,18,3,1,81.8,13.6
EMP182,2025-11,20,19,1,0,95.0,5.0
EMP182,2025-12,21,19,2,0,90.5,9.5
EMP183,2025-01,22,18,2,2,81.8,9.1
EMP183,2025-02,20,17,2,1,85.0,10.0
EMP183,2025-03,21,17,2,2,81.0,9.5
EMP183,2025-04,22,19,2,1,86.4,9.1
EMP183,2025-05,22,17,2,3,77.3,9.1
EMP183,2025-06,21,17,1,3,81.0,4.8
EMP183,2025-07,23,19,2,2,82.6,8.7
EMP183,2025-08,21,20,1,0,95.2,4.8
EMP183,2025-09,21,18,2,1,85.7,9.5
EMP183,2025-10,22,17,2,3,77.3,9.1
EMP183,2025-11,20,18,2,0,90.0,10.0
EMP183,2025-12,21,15,3,3,71.4,14.3
EMP184,2025-01,22,18,1,3,81.8,4.5
EMP184,2025-02,20,17,1,2,85.0,5.0
EMP184,2025-03,21,16,2,3,76.2,9.5
EMP184,2025-04,22,20,1,1,90.9,4.5
EMP184,2025-05,22,20,1,1,90.9,4.5
EMP184,2025-06,21,19,1,1,90.5,4.8
EMP184,2025-07,23,19,1,3,82.6,4.3
EMP184,2025-08,21,20,1,0,95.2,4.8
EMP184,2025-09,21,21,0,0,100.0,0.0
EMP184,2025-10,22,18,2,2,81.8,9.1
EMP184,2025-11,20,19,1,0,95.0,5.0
EMP184,2025-12,21,17,1,3,81.0,4.8
EMP185,2025-01,22,21,0,1,95.5,0.0
EMP185,2025-02,20,16,1,3,80.0,5.0
EMP185,2025-03,21,19,0,2,90.5,0.0
EMP185,2025-04,22,19,1,2,86.4,4.5
EMP185,2025-05,22,18,1,3,81.8,4.5
EMP185,2025-06,21,18,1,2,85.7,4.8
EMP185,2025-07,23,21,1,1,91.3,4.3
EMP185,2025-08,21,20,1,0,95.2,4.8
EMP185,2025-09,21,20,1,0,95.2,4.8
EMP185,2025-10,22,18,2,2,81.8,9.1
EMP185,2025-11,20,16,1,3,80.0,5.0
EMP185,2025-12,21,20,1,0,95.2,4.8
EMP186,2025-01,22,22,0,0,100.0,0.0
EMP186,2025-02,20,19,0,1,95.0,0.0
EMP186,2025-03,21,18,1,2,85.7,4.8
EMP186,2025-04,22,22,0,0,100.0,0.0
EMP186,2025-05,22,18,1,3,81.8,4.5
EMP186,2025-06,21,20,0,1,95.2,0.0
EMP186,2025-07,23,22,0,1,95.7,0.0
EMP186,2025-08,21,17,1,3,81.0,4.8
EMP186,2025-09,21,18,1,2,85.7,4.8
EMP186,2025-10,22,18,1,3,81.8,4.5
EMP186,2025-11,20,16,1,3,80.0,5.0
EMP186,2025-12,21,18,1,2,85.7,4.8
EMP187,2025-01,22,20,0,2,90.9,0.0
EMP187,2025-02,20,18,0,2,90.0,0.0
EMP187,2025-03,21,20,1,0,95.2,4.8
EMP187,2025-04,22,19,0,3,86.4,0.0
EMP187,2025-05,22,20,1,1,90.9,4.5
EMP187,2025-06,21,18,0,3,85.7,0.0
EMP187,2025-07,23,22,0,1,95.7,0.0
EMP187,2025-08,21,19,0,2,90.5,0.0
EMP187,2025-09,21,17,1,3,81.0,4.8
EMP187,2025-10,22,22,0,0,100.0,0.0
EMP187,2025-11,20,20,0,0,100.0,0.0
EMP187,2025-12,21,18,0,3,85.7,0.0
EMP188,2025-01,22,17,3,2,77.3,13.6
EMP188,2025-02,20,18,2,0,90.0,10.0
EMP188,2025-03,21,17,2,2,81.0,9.5
EMP188,2025-04,22,19,3,0,86.4,13.6
EMP188,2025-05,22,18,4,0,81.8,18.2
EMP188,2025-06,21,17,4,0,81.0,19.0
EMP188,2025-07,23,17,3,3,73.9,13.0
EMP188,2025-08,21,16,2,3,76.2,9.5
EMP188,2025-09,21,17,3,1,81.0,14.3
EMP188,2025-10,22,15,4,3,68.2,18.2
EMP188,2025-11,20,16,3,1,80.0,15.0
EMP188,2025-12,21,18,3,0,85.7,14.3
EMP189,2025-01,22,16,3,3,72.7,13.6
EMP189,2025-02,20,16,2,2,80.0,10.0
EMP189,2025-03,21,18,1,2,85.7,4.8
EMP189,2025-04,22,20,2,0,90.9,9.1
EMP189,2025-05,22,19,2,1,86.4,9.1
EMP189,2025-06,21,16,2,3,76.2,9.5
EMP189,2025-07,23,20,3,0,87.0,13.0
EMP189,2025-08,21,19,2,0,90.5,9.5
EMP189,2025-09,21,20,1,0,95.2,4.8
EMP189,2025-10,22,18,2,2,81.8,9.1
EMP189,2025-11,20,14,3,3,70.0,15.0
EMP189,2025-12,21,18,2,1,85.7,9.5
EMP190,2025-01,22,20,1,1,90.9,4.5
EMP190,2025-02,20,18,2,0,90.0,10.0
EMP190,2025-03,21,17,2,2,81.0,9.5
EMP190,2025-04,22,19,2,1,86.4,9.1
EMP190,2025-05,22,18,2,2,81.8,9.1
EMP190,2025-06,21,18,1,2,85.7,4.8
EMP190,2025-07,23,20,1,2,87.0,4.3
EMP190,2025-08,21,20,1,0,95.2,4.8
EMP190,2025-09,21,18,2,1,85.7,9.5
EMP190,2025-10,22,20,2,0,90.9,9.1
EMP190,2025-11,20,17,1,2,85.0,5.0
EMP190,2025-12,21,17,2,2,81.0,9.5
EMP191,2025-01,22,19,1,2,86.4,4.5
EMP191,2025-02,20,16,1,3,80.0,5.0
EMP191,2025-03,21,17,1,3,81.0,4.8
EMP191,2025-04,22,19,0,3,86.4,0.0
EMP191,2025-05,22,20,1,1,90.9,4.5
EMP191,2025-06,21,17,1,3,81.0,4.8
EMP191,2025-07,23,22,1,0,95.7,4.3
EMP191,2025-08,21,19,0,2,90.5,0.0
EMP191,2025-09,21,18,2,1,85.7,9.5
EMP191,2025-10,22,18,2,2,81.8,9.1
EMP191,2025-11,20,16,2,2,80.0,10.0
EMP191,2025-12,21,21,0,0,100.0,0.0
EMP192,2025-01,22,19,0,3,86.4,0.0
EMP192,2025-02,20,20,0,0,100.0,0.0
EMP192,2025-03,21,16,2,3,76.2,9.5
EMP192,2025-04,22,21,1,0,95.5,4.5
EMP192,2025-05,22,19,2,1,86.4,9.1
EMP192,2025-06,21,17,2,2,81.0,9.5
EMP192,2025-07,23,20,1,2,87.0,4.3
EMP192,2025-08,21,16,2,3,76.2,9.5
EMP192,2025-09,21,20,0,1,95.2,0.0
EMP192,2025-10,22,17,2,3,77.3,9.1
EMP192,2025-11,20,16,1,3,80.0,5.0
EMP192,2025-12,21,20,0,1,95.2,0.0
EMP193,2025-01,22,20,0,2,90.9,0.0
EMP193,2025-02,20,16,1,3,80.0,5.0
EMP193,2025-03,21,17,1,3,81.0,4.8
EMP193,2025-04,22,19,1,2,86.4,4.5
EMP193,2025-05,22,19,1,2,86.4,4.5
EMP193,2025-06,21,18,0,3,85.7,0.0
EMP193,2025-07,23,21,2,0,91.3,8.7
EMP193,2025-08,21,19,1,1,90.5,4.8
EMP193,2025-09,21,17,1,3,81.0,4.8
EMP193,2025-10,22,18,1,3,81.8,4.5
EMP193,2025-11,20,16,1,3,80.0,5.0
EMP193,2025-12,21,17,1,3,81.0,4.8
EMP194,2025-01,22,20,1,1,90.9,4.5
EMP194,2025-02,20,17,1,2,85.0,5.0
EMP194,2025-03,21,19,1,1,90.5,4.8
EMP194,2025-04,22,18,2,2,81.8,9.1
EMP194,2025-05,22,21,0,1,95.5,0.0
EMP194,2025-06,21,19,1,1,90.5,4.8
EMP194,2025-07,23,21,0,2,91.3,0.0
EMP194,2025-08,21,17,2,2,81.0,9.5
EMP194,2025-09,21,21,0,0,100.0,0.0
EMP194,2025-10,22,19,0,3,86.4,0.0
EMP194,2025-11,20,20,0,0,100.0,0.0
EMP194,2025-12,21,17,1,3,81.0,4.8
EMP195,2025-01,22,19,0,3,86.4,0.0
EMP195,2025-02,20,18,0,2,90.0,0.0
EMP195,2025-03,21,21,0,0,100.0,0.0
EMP195,2025-04,22,20,0,2,90.9,0.0
EMP195,2025-05,22,19,0,3,86.4,0.0
EMP195,2025-06,21,21,0,0,100.0,0.0
EMP195,2025-07,23,21,0,2,91.3,0.0
EMP195,2025-08,21,19,0,2,90.5,0.0
EMP195,2025-09,21,18,0,3,85.7,0.0
EMP195,2025-10,22,22,0,0,100.0,0.0
EMP195,2025-11,20,19,0,1,95.0,0.0
EMP195,2025-12,21,21,0,0,100.0,0.0
EMP196,2025-01,22,20,1,1,90.9,4.5
EMP196,2025-02,20,19,1,0,95.0,5.0
EMP196,2025-03,21,21,0,0,100.0,0.0
EMP196,2025-04,22,20,0,2,90.9,0.0
EMP196,2025-05,22,20,1,1,90.9,4.5
EMP196,2025-06,21,20,0,1,95.2,0.0
EMP196,2025-07,23,21,0,2,91.3,0.0
EMP196,2025-08,21,21,0,0,100.0,0.0
EMP196,2025-09,21,21,0,0,100.0,0.0
EMP196,2025-10,22,20,0,2,90.9,0.0
EMP196,2025-11,20,16,1,3,80.0,5.0
EMP196,2025-12,21,19,0,2,90.5,0.0
EMP197,2025-01,22,21,0,1,95.5,0.0
EMP197,2025-02,20,17,1,2,85.0,5.0
EMP197,2025-03,21,19,1,1,90.5,4.8
EMP197,2025-04,22,19,0,3,86.4,0.0
EMP197,2025-05,22,20,0,2,90.9,0.0
EMP197,2025-06,21,19,1,1,90.5,4.8
EMP197,2025-07,23,20,0,3,87.0,0.0
EMP197,2025-08,21,17,1,3,81.0,4.8
EMP197,2025-09,21,21,0,0,100.0,0.0
EMP197,2025-10,22,19,0,3,86.4,0.0
EMP197,2025-11,20,18,0,2,90.0,0.0
EMP197,2025-12,21,17,1,3,81.0,4.8
EMP198,2025-01,22,19,2,1,86.4,9.1
EMP198,2025-02,20,16,1,3,80.0,5.0
EMP198,2025-03,21,20,0,1,95.2,0.0
EMP198,2025-04,22,22,0,0,100.0,0.0
EMP198,2025-05,22,21,1,0,95.5,4.5
EMP198,2025-06,21,18,1,2,85.7,4.8
EMP198,2025-07,23,21,1,1,91.3,4.3
EMP198,2025-08,21,19,1,1,90.5,4.8
EMP198,2025-09,21,19,1,1,90.5,4.8
EMP198,2025-10,22,18,1,3,81.8,4.5
EMP198,2025-11,20,17,2,1,85.0,10.0
EMP198,2025-12,21,18,1,2,85.7,4.8
EMP199,2025-01,22,18,1,3,81.8,4.5
EMP199,2025-02,20,19,0,1,95.0,0.0
EMP199,2025-03,21,18,1,2,85.7,4.8
EMP199,2025-04,22,20,0,2,90.9,0.0
EMP199,2025-05,22,21,0,1,95.5,0.0
EMP199,2025-06,21,17,1,3,81.0,4.8
EMP199,2025-07,23,20,1,2,87.0,4.3
EMP199,2025-08,21,16,2,3,76.2,9.5
EMP199,2025-09,21,21,0,0,100.0,0.0
EMP199,2025-10,22,19,1,2,86.4,4.5
EMP199,2025-11,20,16,1,3,80.0,5.0
EMP199,2025-12,21,19,2,0,90.5,9.5
EMP200,2025-01,22,20,1,1,90.9,4.5
EMP200,2025-02,20,17,2,1,85.0,10.0
EMP200,2025-03,21,18,2,1,85.7,9.5
EMP200,2025-04,22,19,1,2,86.4,4.5
EMP200,2025-05,22,18,3,1,81.8,13.6
EMP200,2025-06,21,18,2,1,85.7,9.5
EMP200,2025-07,23,19,2,2,82.6,8.7
EMP200,2025-08,21,16,2,3,76.2,9.5
EMP200,2025-09,21,18,2,1,85.7,9.5
EMP200,2025-10,22,17,2,3,77.3,9.1
EMP200,2025-11,20,17,2,1,85.0,10.0
EMP200,2025-12,21,16,2,3,76.2,9.5
EMP201,2025-01,22,20,2,0,90.9,9.1
EMP201,2025-02,20,16,1,3,80.0,5.0
EMP201,2025-03,21,20,1,0,95.2,4.8
EMP201,2025-04,22,21,1,0,95.5,4.5
EMP201,2025-05,22,22,0,0,100.0,0.0
EMP201,2025-06,21,18,1,2,85.7,4.8
EMP201,2025-07,23,21,1,1,91.3,4.3
EMP201,2025-08,21,19,1,1,90.5,4.8
EMP201,2025-09,21,17,2,2,81.0,9.5
EMP201,2025-10,22,20,0,2,90.9,0.0
EMP201,2025-11,20,19,1,0,95.0,5.0
EMP201,2025-12,21,18,0,3,85.7,0.0
EMP202,2025-01,22,18,2,2,81.8,9.1
EMP202,2025-02,20,17,2,1,85.0,10.0
EMP202,2025-03,21,17,3,1,81.0,14.3
EMP202,2025-04,22,18,1,3,81.8,4.5
EMP202,2025-05,22,20,1,1,90.9,4.5
EMP202,2025-06,21,17,1,3,81.0,4.8
EMP202,2025-07,23,20,1,2,87.0,4.3
EMP202,2025-08,21,15,3,3,71.4,14.3
EMP202,2025-09,21,19,2,0,90.5,9.5
EMP202,2025-10,22,19,1,2,86.4,4.5
EMP202,2025-11,20,14,3,3,70.0,15.0
EMP202,2025-12,21,19,2,0,90.5,9.5
EMP203,2025-01,22,18,3,1,81.8,13.6
EMP203,2025-02,20,14,3,3,70.0,15.0
EMP203,2025-03,21,14,4,3,66.7,19.0
EMP203,2025-04,22,19,3,0,86.4,13.6
EMP203,2025-05,22,17,3,2,77.3,13.6
EMP203,2025-06,21,14,4,3,66.7,19.0
EMP203,2025-07,23,18,4,1,78.3,17.4
EMP203,2025-08,21,15,4,2,71.4,19.0
EMP203,2025-09,21,17,3,1,81.0,14.3
EMP203,2025-10,22,17,2,3,77.3,9.1
EMP203,2025-11,20,14,3,3,70.0,15.0
EMP203,2025-12,21,14,4,3,66.7,19.0
EMP204,2025-01,22,22,0,0,100.0,0.0
EMP204,2025-02,20,19,0,1,95.0,0.0
EMP204,2025-03,21,19,0,2,90.5,0.0
EMP204,2025-04,22,19,0,3,86.4,0.0
EMP204,2025-05,22,19,0,3,86.4,0.0
EMP204,2025-06,21,20,0,1,95.2,0.0
EMP204,2025-07,23,19,1,3,82.6,4.3
EMP204,2025-08,21,21,0,0,100.0,0.0
EMP204,2025-09,21,17,1,3,81.0,4.8
EMP204,2025-10,22,21,0,1,95.5,0.0
EMP204,2025-11,20,17,0,3,85.0,0.0
EMP204,2025-12,21,19,0,2,90.5,0.0
EMP205,2025-01,22,19,0,3,86.4,0.0
EMP205,2025-02,20,17,1,2,85.0,5.0
EMP205,2025-03,21,17,2,2,81.0,9.5
EMP205,2025-04,22,21,1,0,95.5,4.5
EMP205,2025-05,22,20,2,0,90.9,9.1
EMP205,2025-06,21,19,1,1,90.5,4.8
EMP205,2025-07,23,18,2,3,78.3,8.7
EMP205,2025-08,21,18,2,1,85.7,9.5
EMP205,2025-09,21,18,2,1,85.7,9.5
EMP205,2025-10,22,21,1,0,95.5,4.5
EMP205,2025-11,20,17,1,2,85.0,5.0
EMP205,2025-12,21,20,0,1,95.2,0.0
EMP206,2025-01,22,19,3,0,86.4,13.6
EMP206,2025-02,20,16,3,1,80.0,15.0
EMP206,2025-03,21,16,3,2,76.2,14.3
EMP206,2025-04,22,17,3,2,77.3,13.6
EMP206,2025-05,22,17,3,2,77.3,13.6
EMP206,2025-06,21,15,3,3,71.4,14.3
EMP206,2025-07,23,16,4,3,69.6,17.4
EMP206,2025-08,21,18,3,0,85.7,14.3
EMP206,2025-09,21,15,3,3,71.4,14.3
EMP206,2025-10,22,20,2,0,90.9,9.1
EMP206,2025-11,20,15,2,3,75.0,10.0
EMP206,2025-12,21,16,4,1,76.2,19.0
EMP207,2025-01,22,19,1,2,86.4,4.5
EMP207,2025-02,20,19,0,1,95.0,0.0
EMP207,2025-03,21,18,0,3,85.7,0.0
EMP207,2025-04,22,19,1,2,86.4,4.5
EMP207,2025-05,22,19,1,2,86.4,4.5
EMP207,2025-06,21,17,2,2,81.0,9.5
EMP207,2025-07,23,19,1,3,82.6,4.3
EMP207,2025-08,21,17,1,3,81.0,4.8
EMP207,2025-09,21,16,2,3,76.2,9.5
EMP207,2025-10,22,18,1,3,81.8,4.5
EMP207,2025-11,20,18,1,1,90.0,5.0
EMP207,2025-12,21,19,1,1,90.5,4.8
EMP208,2025-01,22,20,2,0,90.9,9.1
EMP208,2025-02,20,17,2,1,85.0,10.0
EMP208,2025-03,21,19,2,0,90.5,9.5
EMP208,2025-04,22,20,2,0,90.9,9.1
EMP208,2025-05,22,18,2,2,81.8,9.1
EMP208,2025-06,21,18,3,0,85.7,14.3
EMP208,2025-07,23,20,2,1,87.0,8.7
EMP208,2025-08,21,18,1,2,85.7,4.8
EMP208,2025-09,21,16,2,3,76.2,9.5
EMP208,2025-10,22,19,2,1,86.4,9.1
EMP208,2025-11,20,18,2,0,90.0,10.0
EMP208,2025-12,21,16,2,3,76.2,9.5
EMP209,2025-01,22,17,2,3,77.3,9.1
EMP209,2025-02,20,16,1,3,80.0,5.0
EMP209,2025-03,21,18,2,1,85.7,9.5
EMP209,2025-04,22,17,2,3,77.3,9.1
EMP209,2025-05,22,20,2,0,90.9,9.1
EMP209,2025-06,21,17,2,2,81.0,9.5
EMP209,2025-07,23,21,2,0,91.3,8.7
EMP209,2025-08,21,18,2,1,85.7,9.5
EMP209,2025-09,21,17,2,2,81.0,9.5
EMP209,2025-10,22,19,2,1,86.4,9.1
EMP209,2025-11,20,17,2,1,85.0,10.0
EMP209,2025-12,21,19,2,0,90.5,9.5
EMP210,2025-01,22,19,1,2,86.4,4.5
EMP210,2025-02,20,18,0,2,90.0,0.0
EMP210,2025-03,21,16,2,3,76.2,9.5
EMP210,2025-04,22,20,1,1,90.9,4.5
EMP210,2025-05,22,18,2,2,81.8,9.1
EMP210,2025-06,21,17,1,3,81.0,4.8
EMP210,2025-07,23,22,1,0,95.7,4.3
EMP210,2025-08,21,17,1,3,81.0,4.8
EMP210,2025-09,21,17,1,3,81.0,4.8
EMP210,2025-10,22,18,1,3,81.8,4.5
EMP210,2025-11,20,19,1,0,95.0,5.0
EMP210,2025-12,21,19,2,0,90.5,9.5
EMP211,2025-01,22,21,1,0,95.5,4.5
EMP211,2025-02,20,18,0,2,90.0,0.0
EMP211,2025-03,21,17,1,3,81.0,4.8
EMP211,2025-04,22,18,1,3,81.8,4.5
EMP211,2025-05,22,20,1,1,90.9,4.5
EMP211,2025-06,21,17,2,2,81.0,9.5
EMP211,2025-07,23,22,1,0,95.7,4.3
EMP211,2025-08,21,17,1,3,81.0,4.8
EMP211,2025-09,21,17,1,3,81.0,4.8
EMP211,2025-10,22,22,0,0,100.0,0.0
EMP211,2025-11,20,16,1,3,80.0,5.0
EMP211,2025-12,21,19,2,0,90.5,9.5
EMP212,2025-01,22,21,1,0,95.5,4.5
EMP212,2025-02,20,15,2,3,75.0,10.0
EMP212,2025-03,21,18,1,2,85.7,4.8
EMP212,2025-04,22,18,2,2,81.8,9.1
EMP212,2025-05,22,20,0,2,90.9,0.0
EMP212,2025-06,21,18,1,2,85.7,4.8
EMP212,2025-07,23,22,0,1,95.7,0.0
EMP212,2025-08,21,18,1,2,85.7,4.8
EMP212,2025-09,21,18,0,3,85.7,0.0
EMP212,2025-10,22,20,0,2,90.9,0.0
EMP212,2025-11,20,18,0,2,90.0,0.0
EMP212,2025-12,21,18,0,3,85.7,0.0
EMP213,2025-01,22,18,1,3,81.8,4.5
EMP213,2025-02,20,17,2,1,85.0,10.0
EMP213,2025-03,21,19,2,0,90.5,9.5
EMP213,2025-04,22,21,0,1,95.5,0.0
EMP213,2025-05,22,21,1,0,95.5,4.5
EMP213,2025-06,21,20,1,0,95.2,4.8
EMP213,2025-07,23,22,1,0,95.7,4.3
EMP213,2025-08,21,20,1,0,95.2,4.8
EMP213,2025-09,21,19,1,1,90.5,4.8
EMP213,2025-10,22,18,1,3,81.8,4.5
EMP213,2025-11,20,16,1,3,80.0,5.0
EMP213,2025-12,21,19,2,0,90.5,9.5
EMP214,2025-01,22,22,0,0,100.0,0.0
EMP214,2025-02,20,19,0,1,95.0,0.0
EMP214,2025-03,21,20,0,1,95.2,0.0
EMP214,2025-04,22,21,0,1,95.5,0.0
EMP214,2025-05,22,20,0,2,90.9,0.0
EMP214,2025-06,21,21,0,0,100.0,0.0
EMP214,2025-07,23,22,1,0,95.7,4.3
EMP214,2025-08,21,18,1,2,85.7,4.8
EMP214,2025-09,21,19,0,2,90.5,0.0
EMP214,2025-10,22,20,0,2,90.9,0.0
EMP214,2025-11,20,19,0,1,95.0,0.0
EMP214,2025-12,21,18,1,2,85.7,4.8
EMP215,2025-01,22,20,1,1,90.9,4.5
EMP215,2025-02,20,16,2,2,80.0,10.0
EMP215,2025-03,21,17,1,3,81.0,4.8
EMP215,2025-04,22,19,0,3,86.4,0.0
EMP215,2025-05,22,19,0,3,86.4,0.0
EMP215,2025-06,21,18,2,1,85.7,9.5
EMP215,2025-07,23,22,0,1,95.7,0.0
EMP215,2025-08,21,17,1,3,81.0,4.8
EMP215,2025-09,21,19,2,0,90.5,9.5
EMP215,2025-10,22,18,1,3,81.8,4.5
EMP215,2025-11,20,20,0,0,100.0,0.0
EMP215,2025-12,21,17,2,2,81.0,9.5
EMP216,2025-01,22,21,1,0,95.5,4.5
EMP216,2025-02,20,17,0,3,85.0,0.0
EMP216,2025-03,21,19,1,1,90.5,4.8
EMP216,2025-04,22,19,2,1,86.4,9.1
EMP216,2025-05,22,18,1,3,81.8,4.5
EMP216,2025-06,21,20,1,0,95.2,4.8
EMP216,2025-07,23,22,1,0,95.7,4.3
EMP216,2025-08,21,17,1,3,81.0,4.8
EMP216,2025-09,21,19,1,1,90.5,4.8
EMP216,2025-10,22,20,2,0,90.9,9.1
EMP216,2025-11,20,18,2,0,90.0,10.0
EMP216,2025-12,21,17,1,3,81.0,4.8
EMP217,2025-01,22,18,1,3,81.8,4.5
EMP217,2025-02,20,19,1,0,95.0,5.0
EMP217,2025-03,21,17,1,3,81.0,4.8
EMP217,2025-04,22,17,2,3,77.3,9.1
EMP217,2025-05,22,18,1,3,81.8,4.5
EMP217,2025-06,21,21,0,0,100.0,0.0
EMP217,2025-07,23,21,2,0,91.3,8.7
EMP217,2025-08,21,20,1,0,95.2,4.8
EMP217,2025-09,21,18,1,2,85.7,4.8
EMP217,2025-10,22,17,2,3,77.3,9.1
EMP217,2025-11,20,17,1,2,85.0,5.0
EMP217,2025-12,21,16,2,3,76.2,9.5
EMP218,2025-01,22,21,1,0,95.5,4.5
EMP218,2025-02,20,18,0,2,90.0,0.0
EMP218,2025-03,21,20,0,1,95.2,0.0
EMP218,2025-04,22,21,0,1,95.5,0.0
EMP218,2025-05,22,21,0,1,95.5,0.0
EMP218,2025-06,21,21,0,0,100.0,0.0
EMP218,2025-07,23,23,0,0,100.0,0.0
EMP218,2025-08,21,19,0,2,90.5,0.0
EMP218,2025-09,21,20,0,1,95.2,0.0
EMP218,2025-10,22,19,0,3,86.4,0.0
EMP218,2025-11,20,18,1,1,90.0,5.0
EMP218,2025-12,21,18,0,3,85.7,0.0
EMP219,2025-01,22,20,2,0,90.9,9.1
EMP219,2025-02,20,16,2,2,80.0,10.0
EMP219,2025-03,21,18,1,2,85.7,4.8
EMP219,2025-04,22,17,2,3,77.3,9.1
EMP219,2025-05,22,16,3,3,72.7,13.6
EMP219,2025-06,21,16,2,3,76.2,9.5
EMP219,2025-07,23,20,2,1,87.0,8.7
EMP219,2025-08,21,16,2,3,76.2,9.5
EMP219,2025-09,21,18,3,0,85.7,14.3
EMP219,2025-10,22,18,1,3,81.8,4.5
EMP219,2025-11,20,17,2,1,85.0,10.0
EMP219,2025-12,21,18,2,1,85.7,9.5
EMP220,2025-01,22,18,2,2,81.8,9.1
EMP220,2025-02,20,14,3,3,70.0,15.0
EMP220,2025-03,21,18,3,0,85.7,14.3
EMP220,2025-04,22,16,3,3,72.7,13.6
EMP220,2025-05,22,19,3,0,86.4,13.6
EMP220,2025-06,21,17,3,1,81.0,14.3
EMP220,2025-07,23,16,4,3,69.6,17.4
EMP220,2025-08,21,15,3,3,71.4,14.3
EMP220,2025-09,21,18,3,0,85.7,14.3
EMP220,2025-10,22,16,3,3,72.7,13.6
EMP220,2025-11,20,13,4,3,65.0,20.0
EMP220,2025-12,21,18,2,1,85.7,9.5
EMP221,2025-01,22,19,1,2,86.4,4.5
EMP221,2025-02,20,17,2,1,85.0,10.0
EMP221,2025-03,21,19,0,2,90.5,0.0
EMP221,2025-04,22,21,0,1,95.5,0.0
EMP221,2025-05,22,21,1,0,95.5,4.5
EMP221,2025-06,21,18,2,1,85.7,9.5
EMP221,2025-07,23,19,1,3,82.6,4.3
EMP221,2025-08,21,18,0,3,85.7,0.0
EMP221,2025-09,21,18,1,2,85.7,4.8
EMP221,2025-10,22,19,0,3,86.4,0.0
EMP221,2025-11,20,18,1,1,90.0,5.0
EMP221,2025-12,21,19,1,1,90.5,4.8
EMP222,2025-01,22,18,2,2,81.8,9.1
EMP222,2025-02,20,16,2,2,80.0,10.0
EMP222,2025-03,21,18,2,1,85.7,9.5
EMP222,2025-04,22,17,2,3,77.3,9.1
EMP222,2025-05,22,18,2,2,81.8,9.1
EMP222,2025-06,21,17,1,3,81.0,4.8
EMP222,2025-07,23,17,3,3,73.9,13.0
EMP222,2025-08,21,20,1,0,95.2,4.8
EMP222,2025-09,21,16,2,3,76.2,9.5
EMP222,2025-10,22,20,2,0,90.9,9.1
EMP222,2025-11,20,18,2,0,90.0,10.0
EMP222,2025-12,21,16,2,3,76.2,9.5
EMP223,2025-01,22,21,0,1,95.5,0.0
EMP223,2025-02,20,16,1,3,80.0,5.0
EMP223,2025-03,21,19,1,1,90.5,4.8
EMP223,2025-04,22,20,1,1,90.9,4.5
EMP223,2025-05,22,22,0,0,100.0,0.0
EMP223,2025-06,21,20,1,0,95.2,4.8
EMP223,2025-07,23,21,1,1,91.3,4.3
EMP223,2025-08,21,19,1,1,90.5,4.8
EMP223,2025-09,21,17,1,3,81.0,4.8
EMP223,2025-10,22,18,2,2,81.8,9.1
EMP223,2025-11,20,16,1,3,80.0,5.0
EMP223,2025-12,21,18,2,1,85.7,9.5
EMP224,2025-01,22,18,1,3,81.8,4.5
EMP224,2025-02,20,16,1,3,80.0,5.0
EMP224,2025-03,21,20,1,0,95.2,4.8
EMP224,2025-04,22,18,2,2,81.8,9.1
EMP224,2025-05,22,19,2,1,86.4,9.1
EMP224,2025-06,21,18,1,2,85.7,4.8
EMP224,2025-07,23,21,1,1,91.3,4.3
EMP224,2025-08,21,17,1,3,81.0,4.8
EMP224,2025-09,21,19,1,1,90.5,4.8
EMP224,2025-10,22,19,2,1,86.4,9.1
EMP224,2025-11,20,17,1,2,85.0,5.0
EMP224,2025-12,21,18,1,2,85.7,4.8
EMP225,2025-01,22,18,3,1,81.8,13.6
EMP225,2025-02,20,17,3,0,85.0,15.0
EMP225,2025-03,21,14,4,3,66.7,19.0
EMP225,2025-04,22,15,4,3,68.2,18.2
EMP225,2025-05,22,18,3,1,81.8,13.6
EMP225,2025-06,21,15,4,2,71.4,19.0
EMP225,2025-07,23,18,3,2,78.3,13.0
EMP225,2025-08,21,15,3,3,71.4,14.3
EMP225,2025-09,21,16,4,1,76.2,19.0
EMP225,2025-10,22,17,3,2,77.3,13.6
EMP225,2025-11,20,18,2,0,90.0,10.0
EMP225,2025-12,21,18,3,0,85.7,14.3
EMP226,2025-01,22,18,3,1,81.8,13.6
EMP226,2025-02,20,14,3,3,70.0,15.0
EMP226,2025-03,21,17,3,1,81.0,14.3
EMP226,2025-04,22,16,3,3,72.7,13.6
EMP226,2025-05,22,17,3,2,77.3,13.6
EMP226,2025-06,21,15,3,3,71.4,14.3
EMP226,2025-07,23,19,3,1,82.6,13.0
EMP226,2025-08,21,18,2,1,85.7,9.5
EMP226,2025-09,21,14,4,3,66.7,19.0
EMP226,2025-10,22,19,3,0,86.4,13.6
EMP226,2025-11,20,16,3,1,80.0,15.0
EMP226,2025-12,21,16,3,2,76.2,14.3
EMP227,2025-01,22,20,1,1,90.9,4.5
EMP227,2025-02,20,17,1,2,85.0,5.0
EMP227,2025-03,21,19,1,1,90.5,4.8
EMP227,2025-04,22,19,2,1,86.4,9.1
EMP227,2025-05,22,20,1,1,90.9,4.5
EMP227,2025-06,21,19,1,1,90.5,4.8
EMP227,2025-07,23,22,1,0,95.7,4.3
EMP227,2025-08,21,20,1,0,95.2,4.8
EMP227,2025-09,21,19,1,1,90.5,4.8
EMP227,2025-10,22,20,0,2,90.9,0.0
EMP227,2025-11,20,18,1,1,90.0,5.0
EMP227,2025-12,21,20,1,0,95.2,4.8
EMP228,2025-01,22,17,2,3,77.3,9.1
EMP228,2025-02,20,15,3,2,75.0,15.0
EMP228,2025-03,21,18,2,1,85.7,9.5
EMP228,2025-04,22,17,3,2,77.3,13.6
EMP228,2025-05,22,17,4,1,77.3,18.2
EMP228,2025-06,21,16,3,2,76.2,14.3
EMP228,2025-07,23,18,2,3,78.3,8.7
EMP228,2025-08,21,15,3,3,71.4,14.3
EMP228,2025-09,21,18,2,1,85.7,9.5
EMP228,2025-10,22,18,4,0,81.8,18.2
EMP228,2025-11,20,16,3,1,80.0,15.0
EMP228,2025-12,21,17,3,1,81.0,14.3
EMP229,2025-01,22,17,2,3,77.3,9.1
EMP229,2025-02,20,16,1,3,80.0,5.0
EMP229,2025-03,21,18,1,2,85.7,4.8
EMP229,2025-04,22,17,2,3,77.3,9.1
EMP229,2025-05,22,19,2,1,86.4,9.1
EMP229,2025-06,21,18,1,2,85.7,4.8
EMP229,2025-07,23,20,3,0,87.0,13.0
EMP229,2025-08,21,19,2,0,90.5,9.5
EMP229,2025-09,21,19,2,0,90.5,9.5
EMP229,2025-10,22,19,3,0,86.4,13.6
EMP229,2025-11,20,17,2,1,85.0,10.0
EMP229,2025-12,21,18,3,0,85.7,14.3
EMP230,2025-01,22,18,1,3,81.8,4.5
EMP230,2025-02,20,17,0,3,85.0,0.0
EMP230,2025-03,21,18,1,2,85.7,4.8
EMP230,2025-04,22,19,1,2,86.4,4.5
EMP230,2025-05,22,21,1,0,95.5,4.5
EMP230,2025-06,21,20,1,0,95.2,4.8
EMP230,2025-07,23,21,2,0,91.3,8.7
EMP230,2025-08,21,17,2,2,81.0,9.5
EMP230,2025-09,21,19,2,0,90.5,9.5
EMP230,2025-10,22,21,1,0,95.5,4.5
EMP230,2025-11,20,18,1,1,90.0,5.0
EMP230,2025-12,21,19,2,0,90.5,9.5
EMP231,2025-01,22,20,1,1,90.9,4.5
EMP231,2025-02,20,19,0,1,95.0,0.0
EMP231,2025-03,21,19,1,1,90.5,4.8
EMP231,2025-04,22,19,0,3,86.4,0.0
EMP231,2025-05,22,20,1,1,90.9,4.5
EMP231,2025-06,21,16,2,3,76.2,9.5
EMP231,2025-07,23,20,1,2,87.0,4.3
EMP231,2025-08,21,19,0,2,90.5,0.0
EMP231,2025-09,21,16,2,3,76.2,9.5
EMP231,2025-10,22,18,1,3,81.8,4.5
EMP231,2025-11,20,18,1,1,90.0,5.0
EMP231,2025-12,21,19,2,0,90.5,9.5
EMP232,2025-01,22,16,4,2,72.7,18.2
EMP232,2025-02,20,16,4,0,80.0,20.0
EMP232,2025-03,21,18,3,0,85.7,14.3
EMP232,2025-04,22,17,3,2,77.3,13.6
EMP232,2025-05,22,18,3,1,81.8,13.6
EMP232,2025-06,21,18,3,0,85.7,14.3
EMP232,2025-07,23,18,2,3,78.3,8.7
EMP232,2025-08,21,18,3,0,85.7,14.3
EMP232,2025-09,21,18,3,0,85.7,14.3
EMP232,2025-10,22,17,2,3,77.3,9.1
EMP232,2025-11,20,14,4,2,70.0,20.0
EMP232,2025-12,21,16,3,2,76.2,14.3
EMP233,2025-01,22,20,1,1,90.9,4.5
EMP233,2025-02,20,15,2,3,75.0,10.0
EMP233,2025-03,21,18,1,2,85.7,4.8
EMP233,2025-04,22,21,1,0,95.5,4.5
EMP233,2025-05,22,19,1,2,86.4,4.5
EMP233,2025-06,21,20,0,1,95.2,0.0
EMP233,2025-07,23,21,0,2,91.3,0.0
EMP233,2025-08,21,21,0,0,100.0,0.0
EMP233,2025-09,21,18,2,1,85.7,9.5
EMP233,2025-10,22,18,1,3,81.8,4.5
EMP233,2025-11,20,18,2,0,90.0,10.0
EMP233,2025-12,21,20,0,1,95.2,0.0
EMP234,2025-01,22,18,3,1,81.8,13.6
EMP234,2025-02,20,15,4,1,75.0,20.0
EMP234,2025-03,21,14,4,3,66.7,19.0
EMP234,2025-04,22,17,2,3,77.3,9.1
EMP234,2025-05,22,19,3,0,86.4,13.6
EMP234,2025-06,21,15,3,3,71.4,14.3
EMP234,2025-07,23,17,3,3,73.9,13.0
EMP234,2025-08,21,17,3,1,81.0,14.3
EMP234,2025-09,21,19,2,0,90.5,9.5
EMP234,2025-10,22,19,3,0,86.4,13.6
EMP234,2025-11,20,14,3,3,70.0,15.0
EMP234,2025-12,21,18,3,0,85.7,14.3
EMP235,2025-01,22,19,1,2,86.4,4.5
EMP235,2025-02,20,17,2,1,85.0,10.0
EMP235,2025-03,21,18,1,2,85.7,4.8
EMP235,2025-04,22,20,0,2,90.9,0.0
EMP235,2025-05,22,20,2,0,90.9,9.1
EMP235,2025-06,21,20,1,0,95.2,4.8
EMP235,2025-07,23,23,0,0,100.0,0.0
EMP235,2025-08,21,20,1,0,95.2,4.8
EMP235,2025-09,21,18,0,3,85.7,0.0
EMP235,2025-10,22,19,2,1,86.4,9.1
EMP235,2025-11,20,19,1,0,95.0,5.0
EMP235,2025-12,21,20,1,0,95.2,4.8
EMP236,2025-01,22,19,2,1,86.4,9.1
EMP236,2025-02,20,17,1,2,85.0,5.0
EMP236,2025-03,21,18,3,0,85.7,14.3
EMP236,2025-04,22,20,2,0,90.9,9.1
EMP236,2025-05,22,20,2,0,90.9,9.1
EMP236,2025-06,21,17,3,1,81.0,14.3
EMP236,2025-07,23,18,2,3,78.3,8.7
EMP236,2025-08,21,19,1,1,90.5,4.8
EMP236,2025-09,21,18,2,1,85.7,9.5
EMP236,2025-10,22,19,1,2,86.4,4.5
EMP236,2025-11,20,17,1,2,85.0,5.0
EMP236,2025-12,21,16,3,2,76.2,14.3
EMP237,2025-01,22,20,0,2,90.9,0.0
EMP237,2025-02,20,17,0,3,85.0,0.0
EMP237,2025-03,21,21,0,0,100.0,0.0
EMP237,2025-04,22,21,0,1,95.5,0.0
EMP237,2025-05,22,22,0,0,100.0,0.0
EMP237,2025-06,21,20,0,1,95.2,0.0
EMP237,2025-07,23,21,1,1,91.3,4.3
EMP237,2025-08,21,20,0,1,95.2,0.0
EMP237,2025-09,21,20,0,1,95.2,0.0
EMP237,2025-10,22,20,0,2,90.9,0.0
EMP237,2025-11,20,19,0,1,95.0,0.0
EMP237,2025-12,21,21,0,0,100.0,0.0
EMP238,2025-01,22,17,2,3,77.3,9.1
EMP238,2025-02,20,14,3,3,70.0,15.0
EMP238,2025-03,21,18,3,0,85.7,14.3
EMP238,2025-04,22,18,3,1,81.8,13.6
EMP238,2025-05,22,19,3,0,86.4,13.6
EMP238,2025-06,21,15,3,3,71.4,14.3
EMP238,2025-07,23,20,3,0,87.0,13.0
EMP238,2025-08,21,18,2,1,85.7,9.5
EMP238,2025-09,21,17,2,2,81.0,9.5
EMP238,2025-10,22,18,2,2,81.8,9.1
EMP238,2025-11,20,16,3,1,80.0,15.0
EMP238,2025-12,21,16,2,3,76.2,9.5
EMP239,2025-01,22,20,1,1,90.9,4.5
EMP239,2025-02,20,18,1,1,90.0,5.0
EMP239,2025-03,21,17,1,3,81.0,4.8
EMP239,2025-04,22,22,0,0,100.0,0.0
EMP239,2025-05,22,18,1,3,81.8,4.5
EMP239,2025-06,21,16,2,3,76.2,9.5
EMP239,2025-07,23,19,1,3,82.6,4.3
EMP239,2025-08,21,20,1,0,95.2,4.8
EMP239,2025-09,21,20,1,0,95.2,4.8
EMP239,2025-10,22,21,1,0,95.5,4.5
EMP239,2025-11,20,19,1,0,95.0,5.0
EMP239,2025-12,21,19,0,2,90.5,0.0
EMP240,2025-01,22,18,1,3,81.8,4.5
EMP240,2025-02,20,20,0,0,100.0,0.0
EMP240,2025-03,21,19,0,2,90.5,0.0
EMP240,2025-04,22,19,0,3,86.4,0.0
EMP240,2025-05,22,20,0,2,90.9,0.0
EMP240,2025-06,21,18,0,3,85.7,0.0
EMP240,2025-07,23,22,0,1,95.7,0.0
EMP240,2025-08,21,18,0,3,85.7,0.0
EMP240,2025-09,21,20,0,1,95.2,0.0
EMP240,2025-10,22,19,0,3,86.4,0.0
EMP240,2025-11,20,19,0,1,95.0,0.0
EMP240,2025-12,21,19,0,2,90.5,0.0
EMP241,2025-01,22,21,1,0,95.5,4.5
EMP241,2025-02,20,20,0,0,100.0,0.0
EMP241,2025-03,21,18,0,3,85.7,0.0
EMP241,2025-04,22,17,2,3,77.3,9.1
EMP241,2025-05,22,19,1,2,86.4,4.5
EMP241,2025-06,21,20,1,0,95.2,4.8
EMP241,2025-07,23,20,1,2,87.0,4.3
EMP241,2025-08,21,20,0,1,95.2,0.0
EMP241,2025-09,21,17,1,3,81.0,4.8
EMP241,2025-10,22,21,1,0,95.5,4.5
EMP241,2025-11,20,15,2,3,75.0,10.0
EMP241,2025-12,21,20,1,0,95.2,4.8
EMP242,2025-01,22,21,1,0,95.5,4.5
EMP242,2025-02,20,18,1,1,90.0,5.0
EMP242,2025-03,21,20,0,1,95.2,0.0
EMP242,2025-04,22,20,1,1,90.9,4.5
EMP242,2025-05,22,19,1,2,86.4,4.5
EMP242,2025-06,21,18,1,2,85.7,4.8
EMP242,2025-07,23,22,0,1,95.7,0.0
EMP242,2025-08,21,19,0,2,90.5,0.0
EMP242,2025-09,21,19,0,2,90.5,0.0
EMP242,2025-10,22,22,0,0,100.0,0.0
EMP242,2025-11,20,17,2,1,85.0,10.0
EMP242,2025-12,21,21,0,0,100.0,0.0
EMP243,2025-01,22,22,0,0,100.0,0.0
EMP243,2025-02,20,20,0,0,100.0,0.0
EMP243,2025-03,21,19,0,2,90.5,0.0
EMP243,2025-04,22,20,0,2,90.9,0.0
EMP243,2025-05,22,20,0,2,90.9,0.0
EMP243,2025-06,21,19,0,2,90.5,0.0
EMP243,2025-07,23,21,0,2,91.3,0.0
EMP243,2025-08,21,19,1,1,90.5,4.8
EMP243,2025-09,21,19,0,2,90.5,0.0
EMP243,2025-10,22,20,0,2,90.9,0.0
EMP243,2025-11,20,19,0,1,95.0,0.0
EMP243,2025-12,21,19,0,2,90.5,0.0
EMP244,2025-01,22,19,0,3,86.4,0.0
EMP244,2025-02,20,19,1,0,95.0,5.0
EMP244,2025-03,21,19,1,1,90.5,4.8
EMP244,2025-04,22,20,0,2,90.9,0.0
EMP244,2025-05,22,21,1,0,95.5,4.5
EMP244,2025-06,21,18,2,1,85.7,9.5
EMP244,2025-07,23,21,1,1,91.3,4.3
EMP244,2025-08,21,20,1,0,95.2,4.8
EMP244,2025-09,21,16,2,3,76.2,9.5
EMP244,2025-10,22,19,0,3,86.4,0.0
EMP244,2025-11,20,17,1,2,85.0,5.0
EMP244,2025-12,21,19,1,1,90.5,4.8
EMP245,2025-01,22,19,0,3,86.4,0.0
EMP245,2025-02,20,19,0,1,95.0,0.0
EMP245,2025-03,21,18,0,3,85.7,0.0
EMP245,2025-04,22,21,0,1,95.5,0.0
EMP245,2025-05,22,22,0,0,100.0,0.0
EMP245,2025-06,21,18,0,3,85.7,0.0
EMP245,2025-07,23,20,0,3,87.0,0.0
EMP245,2025-08,21,19,0,2,90.5,0.0
EMP245,2025-09,21,19,0,2,90.5,0.0
EMP245,2025-10,22,19,1,2,86.4,4.5
EMP245,2025-11,20,19,0,1,95.0,0.0
EMP245,2025-12,21,19,0,2,90.5,0.0
EMP246,2025-01,22,19,0,3,86.4,0.0
EMP246,2025-02,20,20,0,0,100.0,0.0
EMP246,2025-03,21,19,0,2,90.5,0.0
EMP246,2025-04,22,22,0,0,100.0,0.0
EMP246,2025-05,22,22,0,0,100.0,0.0
EMP246,2025-06,21,19,1,1,90.5,4.8
EMP246,2025-07,23,21,0,2,91.3,0.0
EMP246,2025-08,21,20,0,1,95.2,0.0
EMP246,2025-09,21,20,1,0,95.2,4.8
EMP246,2025-10,22,22,0,0,100.0,0.0
EMP246,2025-11,20,17,0,3,85.0,0.0
EMP246,2025-12,21,21,0,0,100.0,0.0
EMP247,2025-01,22,21,1,0,95.5,4.5
EMP247,2025-02,20,16,3,1,80.0,15.0
EMP247,2025-03,21,16,2,3,76.2,9.5
EMP247,2025-04,22,17,2,3,77.3,9.1
EMP247,2025-05,22,18,2,2,81.8,9.1
EMP247,2025-06,21,16,3,2,76.2,14.3
EMP247,2025-07,23,21,2,0,91.3,8.7
EMP247,2025-08,21,17,1,3,81.0,4.8
EMP247,2025-09,21,17,3,1,81.0,14.3
EMP247,2025-10,22,19,2,1,86.4,9.1
EMP247,2025-11,20,18,2,0,90.0,10.0
EMP247,2025-12,21,17,3,1,81.0,14.3
EMP248,2025-01,22,20,2,0,90.9,9.1
EMP248,2025-02,20,17,2,1,85.0,10.0
EMP248,2025-03,21,17,3,1,81.0,14.3
EMP248,2025-04,22,20,2,0,90.9,9.1
EMP248,2025-05,22,17,2,3,77.3,9.1
EMP248,2025-06,21,16,2,3,76.2,9.5
EMP248,2025-07,23,20,3,0,87.0,13.0
EMP248,2025-08,21,19,2,0,90.5,9.5
EMP248,2025-09,21,16,3,2,76.2,14.3
EMP248,2025-10,22,16,3,3,72.7,13.6
EMP248,2025-11,20,17,3,0,85.0,15.0
EMP248,2025-12,21,15,3,3,71.4,14.3
EMP249,2025-01,22,19,2,1,86.4,9.1
EMP249,2025-02,20,18,2,0,90.0,10.0
EMP249,2025-03,21,17,3,1,81.0,14.3
EMP249,2025-04,22,18,2,2,81.8,9.1
EMP249,2025-05,22,19,2,1,86.4,9.1
EMP249,2025-06,21,18,2,1,85.7,9.5
EMP249,2025-07,23,19,2,2,82.6,8.7
EMP249,2025-08,21,18,2,1,85.7,9.5
EMP249,2025-09,21,16,2,3,76.2,9.5
EMP249,2025-10,22,19,2,1,86.4,9.1
EMP249,2025-11,20,17,2,1,85.0,10.0
EMP249,2025-12,21,16,2,3,76.2,9.5
EMP250,2025-01,22,22,0,0,100.0,0.0
EMP250,2025-02,20,17,0,3,85.0,0.0
EMP250,2025-03,21,19,1,1,90.5,4.8
EMP250,2025-04,22,19,0,3,86.4,0.0
EMP250,2025-05,22,19,1,2,86.4,4.5
EMP250,2025-06,21,19,1,1,90.5,4.8
EMP250,2025-07,23,21,0,2,91.3,0.0
EMP250,2025-08,21,18,0,3,85.7,0.0
EMP250,2025-09,21,18,0,3,85.7,0.0
EMP250,2025-10,22,20,0,2,90.9,0.0
EMP250,2025-11,20,17,1,2,85.0,5.0
EMP250,2025-12,21,19,1,1,90.5,4.8
EMP251,2025-01,22,17,2,3,77.3,9.1
EMP251,2025-02,20,14,3,3,70.0,15.0
EMP251,2025-03,21,16,2,3,76.2,9.5
EMP251,2025-04,22,20,2,0,90.9,9.1
EMP251,2025-05,22,18,1,3,81.8,4.5
EMP251,2025-06,21,17,2,2,81.0,9.5
EMP251,2025-07,23,19,2,2,82.6,8.7
EMP251,2025-08,21,17,2,2,81.0,9.5
EMP251,2025-09,21,16,2,3,76.2,9.5
EMP251,2025-10,22,18,2,2,81.8,9.1
EMP251,2025-11,20,15,2,3,75.0,10.0
EMP251,2025-12,21,17,2,2,81.0,9.5
EMP252,2025-01,22,20,1,1,90.9,4.5
EMP252,2025-02,20,19,0,1,95.0,0.0
EMP252,2025-03,21,20,1,0,95.2,4.8
EMP252,2025-04,22,21,1,0,95.5,4.5
EMP252,2025-05,22,19,1,2,86.4,4.5
EMP252,2025-06,21,18,0,3,85.7,0.0
EMP252,2025-07,23,20,0,3,87.0,0.0
EMP252,2025-08,21,19,0,2,90.5,0.0
EMP252,2025-09,21,17,1,3,81.0,4.8
EMP252,2025-10,22,20,1,1,90.9,4.5
EMP252,2025-11,20,19,1,0,95.0,5.0
EMP252,2025-12,21,20,0,1,95.2,0.0
EMP253,2025-01,22,18,1,3,81.8,4.5
EMP253,2025-02,20,17,3,0,85.0,15.0
EMP253,2025-03,21,18,2,1,85.7,9.5
EMP253,2025-04,22,21,1,0,95.5,4.5
EMP253,2025-05,22,20,2,0,90.9,9.1
EMP253,2025-06,21,18,1,2,85.7,4.8
EMP253,2025-07,23,21,2,0,91.3,8.7
EMP253,2025-08,21,19,2,0,90.5,9.5
EMP253,2025-09,21,19,2,0,90.5,9.5
EMP253,2025-10,22,19,1,2,86.4,4.5
EMP253,2025-11,20,15,2,3,75.0,10.0
EMP253,2025-12,21,16,2,3,76.2,9.5
EMP254,2025-01,22,18,1,3,81.8,4.5
EMP254,2025-02,20,19,1,0,95.0,5.0
EMP254,2025-03,21,18,1,2,85.7,4.8
EMP254,2025-04,22,19,2,1,86.4,9.1
EMP254,2025-05,22,19,2,1,86.4,9.1
EMP254,2025-06,21,17,1,3,81.0,4.8
EMP254,2025-07,23,21,2,0,91.3,8.7
EMP254,2025-08,21,16,2,3,76.2,9.5
EMP254,2025-09,21,18,3,0,85.7,14.3
EMP254,2025-10,22,20,2,0,90.9,9.1
EMP254,2025-11,20,15,2,3,75.0,10.0
EMP254,2025-12,21,18,2,1,85.7,9.5
EMP255,2025-01,22,19,1,2,86.4,4.5
EMP255,2025-02,20,16,1,3,80.0,5.0
EMP255,2025-03,21,18,1,2,85.7,4.8
EMP255,2025-04,22,21,1,0,95.5,4.5
EMP255,2025-05,22,18,2,2,81.8,9.1
EMP255,2025-06,21,17,1,3,81.0,4.8
EMP255,2025-07,23,23,0,0,100.0,0.0
EMP255,2025-08,21,18,0,3,85.7,0.0
EMP255,2025-09,21,19,0,2,90.5,0.0
EMP255,2025-10,22,22,0,0,100.0,0.0
EMP255,2025-11,20,18,1,1,90.0,5.0
EMP255,2025-12,21,18,1,2,85.7,4.8
EMP256,2025-01,22,18,2,2,81.8,9.1
EMP256,2025-02,20,17,2,1,85.0,10.0
EMP256,2025-03,21,18,3,0,85.7,14.3
EMP256,2025-04,22,17,3,2,77.3,13.6
EMP256,2025-05,22,19,2,1,86.4,9.1
EMP256,2025-06,21,16,3,2,76.2,14.3
EMP256,2025-07,23,18,3,2,78.3,13.0
EMP256,2025-08,21,19,2,0,90.5,9.5
EMP256,2025-09,21,15,3,3,71.4,14.3
EMP256,2025-10,22,17,4,1,77.3,18.2
EMP256,2025-11,20,15,4,1,75.0,20.0
EMP256,2025-12,21,18,3,0,85.7,14.3
EMP257,2025-01,22,16,4,2,72.7,18.2
EMP257,2025-02,20,16,2,2,80.0,10.0
EMP257,2025-03,21,16,2,3,76.2,9.5
EMP257,2025-04,22,16,4,2,72.7,18.2
EMP257,2025-05,22,18,3,1,81.8,13.6
EMP257,2025-06,21,17,4,0,81.0,19.0
EMP257,2025-07,23,18,3,2,78.3,13.0
EMP257,2025-08,21,16,3,2,76.2,14.3
EMP257,2025-09,21,18,3,0,85.7,14.3
EMP257,2025-10,22,18,3,1,81.8,13.6
EMP257,2025-11,20,16,4,0,80.0,20.0
EMP257,2025-12,21,17,3,1,81.0,14.3
EMP258,2025-01,22,18,2,2,81.8,9.1
EMP258,2025-02,20,16,2,2,80.0,10.0
EMP258,2025-03,21,18,1,2,85.7,4.8
EMP258,2025-04,22,18,2,2,81.8,9.1
EMP258,2025-05,22,22,0,0,100.0,0.0
EMP258,2025-06,21,19,2,0,90.5,9.5
EMP258,2025-07,23,20,0,3,87.0,0.0
EMP258,2025-08,21,17,1,3,81.0,4.8
EMP258,2025-09,21,19,1,1,90.5,4.8
EMP258,2025-10,22,17,2,3,77.3,9.1
EMP258,2025-11,20,19,1,0,95.0,5.0
EMP258,2025-12,21,19,1,1,90.5,4.8
EMP259,2025-01,22,20,1,1,90.9,4.5
EMP259,2025-02,20,19,0,1,95.0,0.0
EMP259,2025-03,21,17,1,3,81.0,4.8
EMP259,2025-04,22,21,0,1,95.5,0.0
EMP259,2025-05,22,21,0,1,95.5,0.0
EMP259,2025-06,21,19,0,2,90.5,0.0
EMP259,2025-07,23,21,0,2,91.3,0.0
EMP259,2025-08,21,18,0,3,85.7,0.0
EMP259,2025-09,21,18,0,3,85.7,0.0
EMP259,2025-10,22,21,1,0,95.5,4.5
EMP259,2025-11,20,18,0,2,90.0,0.0
EMP259,2025-12,21,18,1,2,85.7,4.8
EMP260,2025-01,22,21,1,0,95.5,4.5
EMP260,2025-02,20,18,1,1,90.0,5.0
EMP260,2025-03,21,16,2,3,76.2,9.5
EMP260,2025-04,22,19,2,1,86.4,9.1
EMP260,2025-05,22,18,1,3,81.8,4.5
EMP260,2025-06,21,18,2,1,85.7,9.5
EMP260,2025-07,23,19,1,3,82.6,4.3
EMP260,2025-08,21,17,2,2,81.0,9.5
EMP260,2025-09,21,18,3,0,85.7,14.3
EMP260,2025-10,22,20,1,1,90.9,4.5
EMP260,2025-11,20,16,1,3,80.0,5.0
EMP260,2025-12,21,20,1,0,95.2,4.8
EMP261,2025-01,22,18,2,2,81.8,9.1
EMP261,2025-02,20,17,1,2,85.0,5.0
EMP261,2025-03,21,17,1,3,81.0,4.8
EMP261,2025-04,22,20,2,0,90.9,9.1
EMP261,2025-05,22,20,2,0,90.9,9.1
EMP261,2025-06,21,16,2,3,76.2,9.5
EMP261,2025-07,23,21,2,0,91.3,8.7
EMP261,2025-08,21,17,2,2,81.0,9.5
EMP261,2025-09,21,19,2,0,90.5,9.5
EMP261,2025-10,22,19,1,2,86.4,4.5
EMP261,2025-11,20,15,2,3,75.0,10.0
EMP261,2025-12,21,17,1,3,81.0,4.8
EMP262,2025-01,22,18,3,1,81.8,13.6
EMP262,2025-02,20,17,1,2,85.0,5.0
EMP262,2025-03,21,15,3,3,71.4,14.3
EMP262,2025-04,22,19,2,1,86.4,9.1
EMP262,2025-05,22,18,2,2,81.8,9.1
EMP262,2025-06,21,17,2,2,81.0,9.5
EMP262,2025-07,23,19,2,2,82.6,8.7
EMP262,2025-08,21,17,2,2,81.0,9.5
EMP262,2025-09,21,18,2,1,85.7,9.5
EMP262,2025-10,22,18,2,2,81.8,9.1
EMP262,2025-11,20,19,1,0,95.0,5.0
EMP262,2025-12,21,17,3,1,81.0,14.3
EMP263,2025-01,22,21,0,1,95.5,0.0
EMP263,2025-02,20,17,0,3,85.0,0.0
EMP263,2025-03,21,18,1,2,85.7,4.8
EMP263,2025-04,22,19,1,2,86.4,4.5
EMP263,2025-05,22,21,0,1,95.5,0.0
EMP263,2025-06,21,19,0,2,90.5,0.0
EMP263,2025-07,23,22,0,1,95.7,0.0
EMP263,2025-08,21,19,0,2,90.5,0.0
EMP263,2025-09,21,20,1,0,95.2,4.8
EMP263,2025-10,22,20,0,2,90.9,0.0
EMP263,2025-11,20,18,0,2,90.0,0.0
EMP263,2025-12,21,19,0,2,90.5,0.0
EMP264,2025-01,22,17,2,3,77.3,9.1
EMP264,2025-02,20,19,1,0,95.0,5.0
EMP264,2025-03,21,18,0,3,85.7,0.0
EMP264,2025-04,22,18,1,3,81.8,4.5
EMP264,2025-05,22,21,1,0,95.5,4.5
EMP264,2025-06,21,17,1,3,81.0,4.8
EMP264,2025-07,23,20,2,1,87.0,8.7
EMP264,2025-08,21,21,0,0,100.0,0.0
EMP264,2025-09,21,18,1,2,85.7,4.8
EMP264,2025-10,22,19,0,3,86.4,0.0
EMP264,2025-11,20,17,2,1,85.0,10.0
EMP264,2025-12,21,19,1,1,90.5,4.8
EMP265,2025-01,22,20,1,1,90.9,4.5
EMP265,2025-02,20,19,1,0,95.0,5.0
EMP265,2025-03,21,19,0,2,90.5,0.0
EMP265,2025-04,22,19,2,1,86.4,9.1
EMP265,2025-05,22,22,0,0,100.0,0.0
EMP265,2025-06,21,19,1,1,90.5,4.8
EMP265,2025-07,23,20,1,2,87.0,4.3
EMP265,2025-08,21,20,0,1,95.2,0.0
EMP265,2025-09,21,19,1,1,90.5,4.8
EMP265,2025-10,22,20,1,1,90.9,4.5
EMP265,2025-11,20,17,0,3,85.0,0.0
EMP265,2025-12,21,19,1,1,90.5,4.8
EMP266,2025-01,22,21,0,1,95.5,0.0
EMP266,2025-02,20,19,1,0,95.0,5.0
EMP266,2025-03,21,20,0,1,95.2,0.0
EMP266,2025-04,22,21,0,1,95.5,0.0
EMP266,2025-05,22,21,0,1,95.5,0.0
EMP266,2025-06,21,20,0,1,95.2,0.0
EMP266,2025-07,23,20,0,3,87.0,0.0
EMP266,2025-08,21,21,0,0,100.0,0.0
EMP266,2025-09,21,18,0,3,85.7,0.0
EMP266,2025-10,22,20,1,1,90.9,4.5
EMP266,2025-11,20,17,0,3,85.0,0.0
EMP266,2025-12,21,18,0,3,85.7,0.0
EMP267,2025-01,22,20,0,2,90.9,0.0
EMP267,2025-02,20,18,0,2,90.0,0.0
EMP267,2025-03,21,21,0,0,100.0,0.0
EMP267,2025-04,22,22,0,0,100.0,0.0
EMP267,2025-05,22,21,1,0,95.5,4.5
EMP267,2025-06,21,19,0,2,90.5,0.0
EMP267,2025-07,23,20,0,3,87.0,0.0
EMP267,2025-08,21,19,1,1,90.5,4.8
EMP267,2025-09,21,17,1,3,81.0,4.8
EMP267,2025-10,22,19,0,3,86.4,0.0
EMP267,2025-11,20,19,1,0,95.0,5.0
EMP267,2025-12,21,19,0,2,90.5,0.0
EMP268,2025-01,22,22,0,0,100.0,0.0
EMP268,2025-02,20,16,1,3,80.0,5.0
EMP268,2025-03,21,19,0,2,90.5,0.0
EMP268,2025-04,22,20,0,2,90.9,0.0
EMP268,2025-05,22,21,0,1,95.5,0.0
EMP268,2025-06,21,20,0,1,95.2,0.0
EMP268,2025-07,23,23,0,0,100.0,0.0
EMP268,2025-08,21,21,0,0,100.0,0.0
EMP268,2025-09,21,19,0,2,90.5,0.0
EMP268,2025-10,22,20,0,2,90.9,0.0
EMP268,2025-11,20,18,1,1,90.0,5.0
EMP268,2025-12,21,21,0,0,100.0,0.0
EMP269,2025-01,22,20,1,1,90.9,4.5
EMP269,2025-02,20,16,1,3,80.0,5.0
EMP269,2025-03,21,19,2,0,90.5,9.5
EMP269,2025-04,22,19,1,2,86.4,4.5
EMP269,2025-05,22,20,0,2,90.9,0.0
EMP269,2025-06,21,18,0,3,85.7,0.0
EMP269,2025-07,23,22,1,0,95.7,4.3
EMP269,2025-08,21,19,2,0,90.5,9.5
EMP269,2025-09,21,18,1,2,85.7,4.8
EMP269,2025-10,22,20,1,1,90.9,4.5
EMP269,2025-11,20,19,1,0,95.0,5.0
EMP269,2025-12,21,17,1,3,81.0,4.8
EMP270,2025-01,22,19,1,2,86.4,4.5
EMP270,2025-02,20,17,2,1,85.0,10.0
EMP270,2025-03,21,19,0,2,90.5,0.0
EMP270,2025-04,22,20,1,1,90.9,4.5
EMP270,2025-05,22,22,0,0,100.0,0.0
EMP270,2025-06,21,18,1,2,85.7,4.8
EMP270,2025-07,23,19,1,3,82.6,4.3
EMP270,2025-08,21,19,0,2,90.5,0.0
EMP270,2025-09,21,17,2,2,81.0,9.5
EMP270,2025-10,22,17,2,3,77.3,9.1
EMP270,2025-11,20,16,1,3,80.0,5.0
EMP270,2025-12,21,17,2,2,81.0,9.5
EMP271,2025-01,22,20,2,0,90.9,9.1
EMP271,2025-02,20,16,2,2,80.0,10.0
EMP271,2025-03,21,16,2,3,76.2,9.5
EMP271,2025-04,22,17,2,3,77.3,9.1
EMP271,2025-05,22,19,1,2,86.4,4.5
EMP271,2025-06,21,20,1,0,95.2,4.8
EMP271,2025-07,23,20,2,1,87.0,8.7
EMP271,2025-08,21,19,2,0,90.5,9.5
EMP271,2025-09,21,16,2,3,76.2,9.5
EMP271,2025-10,22,17,2,3,77.3,9.1
EMP271,2025-11,20,16,2,2,80.0,10.0
EMP271,2025-12,21,16,2,3,76.2,9.5
EMP272,2025-01,22,20,0,2,90.9,0.0
EMP272,2025-02,20,20,0,0,100.0,0.0
EMP272,2025-03,21,20,1,0,95.2,4.8
EMP272,2025-04,22,21,0,1,95.5,0.0
EMP272,2025-05,22,20,0,2,90.9,0.0
EMP272,2025-06,21,18,1,2,85.7,4.8
EMP272,2025-07,23,22,0,1,95.7,0.0
EMP272,2025-08,21,18,0,3,85.7,0.0
EMP272,2025-09,21,19,0,2,90.5,0.0
EMP272,2025-10,22,20,1,1,90.9,4.5
EMP272,2025-11,20,19,0,1,95.0,0.0
EMP272,2025-12,21,19,0,2,90.5,0.0
EMP273,2025-01,22,19,1,2,86.4,4.5
EMP273,2025-02,20,18,2,0,90.0,10.0
EMP273,2025-03,21,18,1,2,85.7,4.8
EMP273,2025-04,22,19,1,2,86.4,4.5
EMP273,2025-05,22,20,1,1,90.9,4.5
EMP273,2025-06,21,19,1,1,90.5,4.8
EMP273,2025-07,23,19,1,3,82.6,4.3
EMP273,2025-08,21,20,0,1,95.2,0.0
EMP273,2025-09,21,18,1,2,85.7,4.8
EMP273,2025-10,22,18,1,3,81.8,4.5
EMP273,2025-11,20,19,1,0,95.0,5.0
EMP273,2025-12,21,17,2,2,81.0,9.5
EMP274,2025-01,22,17,3,2,77.3,13.6
EMP274,2025-02,20,14,3,3,70.0,15.0
EMP274,2025-03,21,15,3,3,71.4,14.3
EMP274,2025-04,22,19,3,0,86.4,13.6
EMP274,2025-05,22,19,3,0,86.4,13.6
EMP274,2025-06,21,16,3,2,76.2,14.3
EMP274,2025-07,23,21,2,0,91.3,8.7
EMP274,2025-08,21,19,2,0,90.5,9.5
EMP274,2025-09,21,17,2,2,81.0,9.5
EMP274,2025-10,22,16,3,3,72.7,13.6
EMP274,2025-11,20,17,3,0,85.0,15.0
EMP274,2025-12,21,16,3,2,76.2,14.3
EMP275,2025-01,22,19,2,1,86.4,9.1
EMP275,2025-02,20,15,2,3,75.0,10.0
EMP275,2025-03,21,16,3,2,76.2,14.3
EMP275,2025-04,22,18,2,2,81.8,9.1
EMP275,2025-05,22,17,2,3,77.3,9.1
EMP275,2025-06,21,16,3,2,76.2,14.3
EMP275,2025-07,23,18,3,2,78.3,13.0
EMP275,2025-08,21,16,2,3,76.2,9.5
EMP275,2025-09,21,20,1,0,95.2,4.8
EMP275,2025-10,22,21,1,0,95.5,4.5
EMP275,2025-11,20,16,2,2,80.0,10.0
EMP275,2025-12,21,20,1,0,95.2,4.8
EMP276,2025-01,22,21,1,0,95.5,4.5
EMP276,2025-02,20,19,1,0,95.0,5.0
EMP276,2025-03,21,20,0,1,95.2,0.0
EMP276,2025-04,22,18,1,3,81.8,4.5
EMP276,2025-05,22,18,1,3,81.8,4.5
EMP276,2025-06,21,20,1,0,95.2,4.8
EMP276,2025-07,23,20,0,3,87.0,0.0
EMP276,2025-08,21,18,1,2,85.7,4.8
EMP276,2025-09,21,21,0,0,100.0,0.0
EMP276,2025-10,22,20,1,1,90.9,4.5
EMP276,2025-11,20,19,0,1,95.0,0.0
EMP276,2025-12,21,19,1,1,90.5,4.8
EMP277,2025-01,22,20,0,2,90.9,0.0
EMP277,2025-02,20,18,1,1,90.0,5.0
EMP277,2025-03,21,16,2,3,76.2,9.5
EMP277,2025-04,22,20,1,1,90.9,4.5
EMP277,2025-05,22,20,1,1,90.9,4.5
EMP277,2025-06,21,20,1,0,95.2,4.8
EMP277,2025-07,23,20,2,1,87.0,8.7
EMP277,2025-08,21,20,1,0,95.2,4.8
EMP277,2025-09,21,17,1,3,81.0,4.8
EMP277,2025-10,22,18,2,2,81.8,9.1
EMP277,2025-11,20,18,2,0,90.0,10.0
EMP277,2025-12,21,18,1,2,85.7,4.8
EMP278,2025-01,22,19,2,1,86.4,9.1
EMP278,2025-02,20,17,1,2,85.0,5.0
EMP278,2025-03,21,16,2,3,76.2,9.5
EMP278,2025-04,22,19,2,1,86.4,9.1
EMP278,2025-05,22,18,1,3,81.8,4.5
EMP278,2025-06,21,18,1,2,85.7,4.8
EMP278,2025-07,23,22,1,0,95.7,4.3
EMP278,2025-08,21,18,1,2,85.7,4.8
EMP278,2025-09,21,19,1,1,90.5,4.8
EMP278,2025-10,22,20,1,1,90.9,4.5
EMP278,2025-11,20,17,1,2,85.0,5.0
EMP278,2025-12,21,17,1,3,81.0,4.8
EMP279,2025-01,22,16,3,3,72.7,13.6
EMP279,2025-02,20,18,2,0,90.0,10.0
EMP279,2025-03,21,15,3,3,71.4,14.3
EMP279,2025-04,22,19,2,1,86.4,9.1
EMP279,2025-05,22,17,2,3,77.3,9.1
EMP279,2025-06,21,19,2,0,90.5,9.5
EMP279,2025-07,23,19,2,2,82.6,8.7
EMP279,2025-08,21,18,2,1,85.7,9.5
EMP279,2025-09,21,18,3,0,85.7,14.3
EMP279,2025-10,22,21,1,0,95.5,4.5
EMP279,2025-11,20,18,2,0,90.0,10.0
EMP279,2025-12,21,19,2,0,90.5,9.5
EMP280,2025-01,22,21,0,1,95.5,0.0
EMP280,2025-02,20,16,2,2,80.0,10.0
EMP280,2025-03,21,19,0,2,90.5,0.0
EMP280,2025-04,22,20,2,0,90.9,9.1
EMP280,2025-05,22,20,0,2,90.9,0.0
EMP280,2025-06,21,17,1,3,81.0,4.8
EMP280,2025-07,23,20,1,2,87.0,4.3
EMP280,2025-08,21,20,1,0,95.2,4.8
EMP280,2025-09,21,19,0,2,90.5,0.0
EMP280,2025-10,22,20,1,1,90.9,4.5
EMP280,2025-11,20,18,0,2,90.0,0.0
EMP280,2025-12,21,18,1,2,85.7,4.8
EMP281,2025-01,22,17,2,3,77.3,9.1
EMP281,2025-02,20,17,1,2,85.0,5.0
EMP281,2025-03,21,20,1,0,95.2,4.8
EMP281,2025-04,22,21,0,1,95.5,0.0
EMP281,2025-05,22,21,0,1,95.5,0.0
EMP281,2025-06,21,20,1,0,95.2,4.8
EMP281,2025-07,23,21,1,1,91.3,4.3
EMP281,2025-08,21,18,0,3,85.7,0.0
EMP281,2025-09,21,18,1,2,85.7,4.8
EMP281,2025-10,22,22,0,0,100.0,0.0
EMP281,2025-11,20,18,1,1,90.0,5.0
EMP281,2025-12,21,20,0,1,95.2,0.0
EMP282,2025-01,22,19,0,3,86.4,0.0
EMP282,2025-02,20,19,1,0,95.0,5.0
EMP282,2025-03,21,18,1,2,85.7,4.8
EMP282,2025-04,22,19,1,2,86.4,4.5
EMP282,2025-05,22,20,2,0,90.9,9.1
EMP282,2025-06,21,20,0,1,95.2,0.0
EMP282,2025-07,23,23,0,0,100.0,0.0
EMP282,2025-08,21,17,1,3,81.0,4.8
EMP282,2025-09,21,17,1,3,81.0,4.8
EMP282,2025-10,22,18,1,3,81.8,4.5
EMP282,2025-11,20,17,1,2,85.0,5.0
EMP282,2025-12,21,20,1,0,95.2,4.8
EMP283,2025-01,22,19,0,3,86.4,0.0
EMP283,2025-02,20,18,1,1,90.0,5.0
EMP283,2025-03,21,20,0,1,95.2,0.0
EMP283,2025-04,22,19,1,2,86.4,4.5
EMP283,2025-05,22,20,0,2,90.9,0.0
EMP283,2025-06,21,17,1,3,81.0,4.8
EMP283,2025-07,23,20,1,2,87.0,4.3
EMP283,2025-08,21,20,1,0,95.2,4.8
EMP283,2025-09,21,18,0,3,85.7,0.0
EMP283,2025-10,22,19,0,3,86.4,0.0
EMP283,2025-11,20,16,1,3,80.0,5.0
EMP283,2025-12,21,18,0,3,85.7,0.0
EMP284,2025-01,22,17,3,2,77.3,13.6
EMP284,2025-02,20,13,4,3,65.0,20.0
EMP284,2025-03,21,17,4,0,81.0,19.0
EMP284,2025-04,22,16,3,3,72.7,13.6
EMP284,2025-05,22,19,3,0,86.4,13.6
EMP284,2025-06,21,18,3,0,85.7,14.3
EMP284,2025-07,23,18,3,2,78.3,13.0
EMP284,2025-08,21,15,4,2,71.4,19.0
EMP284,2025-09,21,18,3,0,85.7,14.3
EMP284,2025-10,22,20,2,0,90.9,9.1
EMP284,2025-11,20,16,2,2,80.0,10.0
EMP284,2025-12,21,17,4,0,81.0,19.0
EMP285,2025-01,22,21,0,1,95.5,0.0
EMP285,2025-02,20,20,0,0,100.0,0.0
EMP285,2025-03,21,19,0,2,90.5,0.0
EMP285,2025-04,22,20,0,2,90.9,0.0
EMP285,2025-05,22,21,1,0,95.5,4.5
EMP285,2025-06,21,21,0,0,100.0,0.0
EMP285,2025-07,23,23,0,0,100.0,0.0
EMP285,2025-08,21,18,0,3,85.7,0.0
EMP285,2025-09,21,17,1,3,81.0,4.8
EMP285,2025-10,22,21,0,1,95.5,0.0
EMP285,2025-11,20,19,0,1,95.0,0.0
EMP285,2025-12,21,20,0,1,95.2,0.0
EMP286,2025-01,22,19,0,3,86.4,0.0
EMP286,2025-02,20,19,0,1,95.0,0.0
EMP286,2025-03,21,19,0,2,90.5,0.0
EMP286,2025-04,22,21,1,0,95.5,4.5
EMP286,2025-05,22,21,0,1,95.5,0.0
EMP286,2025-06,21,19,0,2,90.5,0.0
EMP286,2025-07,23,21,0,2,91.3,0.0
EMP286,2025-08,21,18,0,3,85.7,0.0
EMP286,2025-09,21,21,0,0,100.0,0.0
EMP286,2025-10,22,18,1,3,81.8,4.5
EMP286,2025-11,20,17,0,3,85.0,0.0
EMP286,2025-12,21,21,0,0,100.0,0.0
EMP287,2025-01,22,15,4,3,68.2,18.2
EMP287,2025-02,20,15,3,2,75.0,15.0
EMP287,2025-03,21,16,3,2,76.2,14.3
EMP287,2025-04,22,16,3,3,72.7,13.6
EMP287,2025-05,22,17,2,3,77.3,9.1
EMP287,2025-06,21,18,2,1,85.7,9.5
EMP287,2025-07,23,18,2,3,78.3,8.7
EMP287,2025-08,21,15,3,3,71.4,14.3
EMP287,2025-09,21,18,2,1,85.7,9.5
EMP287,2025-10,22,16,3,3,72.7,13.6
EMP287,2025-11,20,17,3,0,85.0,15.0
EMP287,2025-12,21,16,4,1,76.2,19.0
EMP288,2025-01,22,19,1,2,86.4,4.5
EMP288,2025-02,20,19,0,1,95.0,0.0
EMP288,2025-03,21,20,1,0,95.2,4.8
EMP288,2025-04,22,20,1,1,90.9,4.5
EMP288,2025-05,22,17,2,3,77.3,9.1
EMP288,2025-06,21,19,1,1,90.5,4.8
EMP288,2025-07,23,21,1,1,91.3,4.3
EMP288,2025-08,21,18,2,1,85.7,9.5
EMP288,2025-09,21,18,2,1,85.7,9.5
EMP288,2025-10,22,20,1,1,90.9,4.5
EMP288,2025-11,20,16,2,2,80.0,10.0
EMP288,2025-12,21,17,1,3,81.0,4.8
EMP289,2025-01,22,18,1,3,81.8,4.5
EMP289,2025-02,20,16,1,3,80.0,5.0
EMP289,2025-03,21,19,1,1,90.5,4.8
EMP289,2025-04,22,18,1,3,81.8,4.5
EMP289,2025-05,22,20,1,1,90.9,4.5
EMP289,2025-06,21,20,1,0,95.2,4.8
EMP289,2025-07,23,20,0,3,87.0,0.0
EMP289,2025-08,21,19,1,1,90.5,4.8
EMP289,2025-09,21,17,1,3,81.0,4.8
EMP289,2025-10,22,19,1,2,86.4,4.5
EMP289,2025-11,20,19,1,0,95.0,5.0
EMP289,2025-12,21,17,2,2,81.0,9.5
EMP290,2025-01,22,17,2,3,77.3,9.1
EMP290,2025-02,20,16,2,2,80.0,10.0
EMP290,2025-03,21,16,2,3,76.2,9.5
EMP290,2025-04,22,18,2,2,81.8,9.1
EMP290,2025-05,22,17,2,3,77.3,9.1
EMP290,2025-06,21,17,2,2,81.0,9.5
EMP290,2025-07,23,21,2,0,91.3,8.7
EMP290,2025-08,21,17,2,2,81.0,9.5
EMP290,2025-09,21,18,1,2,85.7,4.8
EMP290,2025-10,22,18,2,2,81.8,9.1
EMP290,2025-11,20,16,1,3,80.0,5.0
EMP290,2025-12,21,19,1,1,90.5,4.8
EMP291,2025-01,22,20,0,2,90.9,0.0
EMP291,2025-02,20,20,0,0,100.0,0.0
EMP291,2025-03,21,19,0,2,90.5,0.0
EMP291,2025-04,22,18,1,3,81.8,4.5
EMP291,2025-05,22,20,1,1,90.9,4.5
EMP291,2025-06,21,21,0,0,100.0,0.0
EMP291,2025-07,23,21,0,2,91.3,0.0
EMP291,2025-08,21,20,0,1,95.2,0.0
EMP291,2025-09,21,21,0,0,100.0,0.0
EMP291,2025-10,22,20,0,2,90.9,0.0
EMP291,2025-11,20,18,0,2,90.0,0.0
EMP291,2025-12,21,18,0,3,85.7,0.0
EMP292,2025-01,22,20,0,2,90.9,0.0
EMP292,2025-02,20,17,0,3,85.0,0.0
EMP292,2025-03,21,17,2,2,81.0,9.5
EMP292,2025-04,22,18,1,3,81.8,4.5
EMP292,2025-05,22,21,1,0,95.5,4.5
EMP292,2025-06,21,19,2,0,90.5,9.5
EMP292,2025-07,23,22,0,1,95.7,0.0
EMP292,2025-08,21,20,0,1,95.2,0.0
EMP292,2025-09,21,19,1,1,90.5,4.8
EMP292,2025-10,22,21,0,1,95.5,0.0
EMP292,2025-11,20,18,1,1,90.0,5.0
EMP292,2025-12,21,19,1,1,90.5,4.8
EMP293,2025-01,22,18,1,3,81.8,4.5
EMP293,2025-02,20,17,2,1,85.0,10.0
EMP293,2025-03,21,17,1,3,81.0,4.8
EMP293,2025-04,22,19,1,2,86.4,4.5
EMP293,2025-05,22,20,1,1,90.9,4.5
EMP293,2025-06,21,20,1,0,95.2,4.8
EMP293,2025-07,23,21,2,0,91.3,8.7
EMP293,2025-08,21,19,1,1,90.5,4.8
EMP293,2025-09,21,19,0,2,90.5,0.0
EMP293,2025-10,22,19,1,2,86.4,4.5
EMP293,2025-11,20,17,1,2,85.0,5.0
EMP293,2025-12,21,20,1,0,95.2,4.8
EMP294,2025-01,22,17,3,2,77.3,13.6
EMP294,2025-02,20,17,3,0,85.0,15.0
EMP294,2025-03,21,17,2,2,81.0,9.5
EMP294,2025-04,22,17,3,2,77.3,13.6
EMP294,2025-05,22,17,3,2,77.3,13.6
EMP294,2025-06,21,15,3,3,71.4,14.3
EMP294,2025-07,23,20,2,1,87.0,8.7
EMP294,2025-08,21,15,3,3,71.4,14.3
EMP294,2025-09,21,16,2,3,76.2,9.5
EMP294,2025-10,22,17,4,1,77.3,18.2
EMP294,2025-11,20,15,3,2,75.0,15.0
EMP294,2025-12,21,16,4,1,76.2,19.0
EMP295,2025-01,22,20,1,1,90.9,4.5
EMP295,2025-02,20,17,2,1,85.0,10.0
EMP295,2025-03,21,19,0,2,90.5,0.0
EMP295,2025-04,22,21,1,0,95.5,4.5
EMP295,2025-05,22,18,2,2,81.8,9.1
EMP295,2025-06,21,17,2,2,81.0,9.5
EMP295,2025-07,23,21,2,0,91.3,8.7
EMP295,2025-08,21,19,1,1,90.5,4.8
EMP295,2025-09,21,20,1,0,95.2,4.8
EMP295,2025-10,22,20,2,0,90.9,9.1
EMP295,2025-11,20,18,1,1,90.0,5.0
EMP295,2025-12,21,18,2,1,85.7,9.5
EMP296,2025-01,22,19,1,2,86.4,4.5
EMP296,2025-02,20,17,1,2,85.0,5.0
EMP296,2025-03,21,17,1,3,81.0,4.8
EMP296,2025-04,22,20,2,0,90.9,9.1
EMP296,2025-05,22,18,2,2,81.8,9.1
EMP296,2025-06,21,16,2,3,76.2,9.5
EMP296,2025-07,23,21,1,1,91.3,4.3
EMP296,2025-08,21,19,1,1,90.5,4.8
EMP296,2025-09,21,17,1,3,81.0,4.8
EMP296,2025-10,22,21,0,1,95.5,0.0
EMP296,2025-11,20,19,0,1,95.0,0.0
EMP296,2025-12,21,20,0,1,95.2,0.0
EMP297,2025-01,22,17,3,2,77.3,13.6
EMP297,2025-02,20,17,3,0,85.0,15.0
EMP297,2025-03,21,17,3,1,81.0,14.3
EMP297,2025-04,22,17,2,3,77.3,9.1
EMP297,2025-05,22,16,4,2,72.7,18.2
EMP297,2025-06,21,17,3,1,81.0,14.3
EMP297,2025-07,23,17,3,3,73.9,13.0
EMP297,2025-08,21,17,4,0,81.0,19.0
EMP297,2025-09,21,16,3,2,76.2,14.3
EMP297,2025-10,22,18,3,1,81.8,13.6
EMP297,2025-11,20,16,3,1,80.0,15.0
EMP297,2025-12,21,16,2,3,76.2,9.5
EMP298,2025-01,22,18,1,3,81.8,4.5
EMP298,2025-02,20,16,3,1,80.0,15.0
EMP298,2025-03,21,18,1,2,85.7,4.8
EMP298,2025-04,22,17,3,2,77.3,13.6
EMP298,2025-05,22,19,2,1,86.4,9.1
EMP298,2025-06,21,19,1,1,90.5,4.8
EMP298,2025-07,23,18,2,3,78.3,8.7
EMP298,2025-08,21,18,2,1,85.7,9.5
EMP298,2025-09,21,19,2,0,90.5,9.5
EMP298,2025-10,22,17,2,3,77.3,9.1
EMP298,2025-11,20,15,2,3,75.0,10.0
EMP298,2025-12,21,15,3,3,71.4,14.3
EMP299,2025-01,22,18,3,1,81.8,13.6
EMP299,2025-02,20,17,2,1,85.0,10.0
EMP299,2025-03,21,17,2,2,81.0,9.5
EMP299,2025-04,22,16,3,3,72.7,13.6
EMP299,2025-05,22,17,2,3,77.3,9.1
EMP299,2025-06,21,20,1,0,95.2,4.8
EMP299,2025-07,23,19,3,1,82.6,13.0
EMP299,2025-08,21,18,2,1,85.7,9.5
EMP299,2025-09,21,16,2,3,76.2,9.5
EMP299,2025-10,22,19,1,2,86.4,4.5
EMP299,2025-11,20,19,1,0,95.0,5.0
EMP299,2025-12,21,18,3,0,85.7,14.3
EMP300,2025-01,22,20,0,2,90.9,0.0
EMP300,2025-02,20,19,1,0,95.0,5.0
EMP300,2025-03,21,18,2,1,85.7,9.5
EMP300,2025-04,22,17,2,3,77.3,9.1
EMP300,2025-05,22,21,1,0,95.5,4.5
EMP300,2025-06,21,19,1,1,90.5,4.8
EMP300,2025-07,23,20,1,2,87.0,4.3
EMP300,2025-08,21,18,1,2,85.7,4.8
EMP300,2025-09,21,18,1,2,85.7,4.8
EMP300,2025-10,22,18,1,3,81.8,4.5
EMP300,2025-11,20,18,1,1,90.0,5.0
EMP300,2025-12,21,20,0,1,95.2,0.0
