task_id,employee_id,assigned_date,due_date,completed_date,status,priority
TSK-001-01,EMP001,2025-04-16,2025-04-21,2025-04-26,Completed,High
TSK-001-02,EMP001,2025-02-14,2025-02-20,2025-02-26,Completed,Low
TSK-001-03,EMP001,2025-08-25,2025-09-02,2025-08-30,Completed,Medium
TSK-001-04,EMP001,2025-01-16,2025-01-19,2025-01-20,Completed,Low
TSK-001-05,EMP001,2025-10-19,2025-11-02,,Not Started,Low
TSK-001-06,EMP001,2025-05-11,2025-05-24,2025-05-28,Completed,High
TSK-001-07,EMP001,2025-02-05,2025-02-18,2025-02-20,Completed,High
TSK-001-08,EMP001,2025-11-18,2025-11-26,,In Progress,Low
TSK-001-09,EMP001,2025-11-29,2025-12-10,2025-12-16,Completed,Medium
TSK-001-10,EMP001,2025-09-10,2025-09-23,,In Progress,High
TSK-002-01,EMP002,2025-04-10,2025-04-13,2025-04-09,Completed,Medium
TSK-002-02,EMP002,2025-08-29,2025-09-09,2025-09-09,Completed,Medium
TSK-002-03,EMP002,2025-06-25,2025-07-08,2025-07-05,Completed,High
TSK-002-04,EMP002,2025-10-17,2025-10-21,2025-10-21,Completed,High
TSK-002-05,EMP002,2025-10-06,2025-10-12,2025-10-14,Completed,Low
TSK-002-06,EMP002,2025-04-17,2025-04-27,2025-04-23,Completed,High
TSK-002-07,EMP002,2025-12-04,2025-12-11,2025-12-14,Completed,Medium
TSK-002-08,EMP002,2025-10-02,2025-10-06,2025-10-02,Completed,Medium
TSK-002-09,EMP002,2025-07-13,2025-07-23,2025-07-25,Completed,Low
TSK-002-10,EMP002,2025-03-18,2025-03-23,2025-03-19,Completed,Low
TSK-003-01,EMP003,2025-05-27,2025-05-31,2025-06-05,Completed,Medium
TSK-003-02,EMP003,2025-05-28,2025-06-04,2025-06-01,Completed,Medium
TSK-003-03,EMP003,2025-03-03,2025-03-13,2025-03-14,Completed,High
TSK-003-04,EMP003,2025-02-21,2025-02-28,2025-03-06,Completed,Medium
TSK-003-05,EMP003,2025-03-10,2025-03-23,2025-03-19,Completed,Low
TSK-003-06,EMP003,2025-10-08,2025-10-15,2025-10-19,Completed,Low
TSK-003-07,EMP003,2025-03-08,2025-03-20,2025-03-23,Completed,High
TSK-003-08,EMP003,2025-10-04,2025-10-18,,In Progress,High
TSK-003-09,EMP003,2025-10-02,2025-10-12,,In Progress,Low
TSK-003-10,EMP003,2025-05-15,2025-05-26,2025-05-24,Completed,Medium
TSK-004-01,EMP004,2025-05-27,2025-06-03,2025-05-30,Completed,Low
TSK-004-02,EMP004,2025-11-23,2025-12-02,2025-12-05,Completed,Low
TSK-004-03,EMP004,2025-06-06,2025-06-17,,In Progress,Medium
TSK-004-04,EMP004,2025-06-11,2025-06-22,2025-06-18,Completed,High
TSK-004-05,EMP004,2025-09-10,2025-09-15,,In Progress,Medium
TSK-004-06,EMP004,2025-04-14,2025-04-28,2025-04-25,Completed,Low
TSK-004-07,EMP004,2025-08-19,2025-08-27,2025-08-28,Completed,Medium
TSK-004-08,EMP004,2025-04-18,2025-04-22,2025-04-20,Completed,Medium
TSK-004-09,EMP004,2025-10-06,2025-10-20,2025-10-22,Completed,Medium
TSK-004-10,EMP004,2025-01-05,2025-01-16,2025-01-15,Completed,High
TSK-005-01,EMP005,2025-03-29,2025-04-01,,In Progress,Medium
TSK-005-02,EMP005,2025-02-01,2025-02-07,2025-02-07,Completed,Medium
TSK-005-03,EMP005,2025-01-08,2025-01-17,2025-01-22,Completed,Medium
TSK-005-04,EMP005,2025-04-05,2025-04-10,,In Progress,Low
TSK-005-05,EMP005,2025-04-19,2025-04-28,2025-04-30,Completed,Low
TSK-005-06,EMP005,2025-11-11,2025-11-17,2025-11-15,Completed,High
TSK-005-07,EMP005,2025-11-08,2025-11-15,2025-11-21,Completed,High
TSK-005-08,EMP005,2025-07-27,2025-07-30,2025-07-28,Completed,High
TSK-005-09,EMP005,2025-07-26,2025-08-06,2025-08-03,Completed,Medium
TSK-005-10,EMP005,2025-08-09,2025-08-14,2025-08-19,Completed,Low
TSK-006-01,EMP006,2025-06-15,2025-06-25,2025-06-28,Completed,Low
TSK-006-02,EMP006,2025-04-30,2025-05-11,,In Progress,High
TSK-006-03,EMP006,2025-10-28,2025-10-31,2025-10-28,Completed,Medium
TSK-006-04,EMP006,2025-02-02,2025-02-10,2025-02-13,Completed,Medium
TSK-006-05,EMP006,2025-08-14,2025-08-28,2025-08-28,Completed,High
TSK-006-06,EMP006,2025-10-29,2025-11-06,2025-11-08,Completed,Medium
TSK-006-07,EMP006,2025-03-30,2025-04-07,2025-04-09,Completed,Medium
TSK-006-08,EMP006,2025-02-04,2025-02-14,2025-02-10,Completed,High
TSK-006-09,EMP006,2025-06-17,2025-06-22,,Not Started,Low
TSK-006-10,EMP006,2025-03-01,2025-03-13,2025-03-12,Completed,High
TSK-007-01,EMP007,2025-07-16,2025-07-23,2025-07-19,Completed,Low
TSK-007-02,EMP007,2025-01-11,2025-01-15,2025-01-16,Completed,Medium
TSK-007-03,EMP007,2025-10-30,2025-11-06,2025-11-08,Completed,Low
TSK-007-04,EMP007,2025-11-10,2025-11-14,2025-11-10,Completed,Medium
TSK-007-05,EMP007,2025-03-30,2025-04-02,2025-03-30,Completed,Low
TSK-007-06,EMP007,2025-10-17,2025-10-29,2025-11-01,Completed,Medium
TSK-007-07,EMP007,2025-04-29,2025-05-03,2025-04-29,Completed,High
TSK-007-08,EMP007,2025-05-25,2025-06-08,2025-06-08,Completed,Low
TSK-007-09,EMP007,2025-04-07,2025-04-18,2025-04-20,Completed,High
TSK-007-10,EMP007,2025-04-21,2025-05-04,2025-05-04,Completed,Medium
TSK-008-01,EMP008,2025-11-10,2025-11-18,2025-11-18,Completed,Medium
TSK-008-02,EMP008,2025-06-30,2025-07-05,,Not Started,Low
TSK-008-03,EMP008,2025-04-20,2025-04-27,2025-04-23,Completed,Low
TSK-008-04,EMP008,2025-08-12,2025-08-19,,Not Started,High
TSK-008-05,EMP008,2025-03-13,2025-03-17,2025-03-17,Completed,Low
TSK-008-06,EMP008,2025-03-24,2025-03-29,2025-03-31,Completed,Medium
TSK-008-07,EMP008,2025-08-07,2025-08-18,2025-08-14,Completed,Medium
TSK-008-08,EMP008,2025-10-18,2025-10-25,2025-10-24,Completed,Medium
TSK-008-09,EMP008,2025-04-09,2025-04-21,2025-04-22,Completed,High
TSK-008-10,EMP008,2025-05-10,2025-05-24,,Not Started,Low
TSK-009-01,EMP009,2025-04-14,2025-04-27,2025-04-30,Completed,High
TSK-009-02,EMP009,2025-12-11,2025-12-18,2025-12-20,Completed,Medium
TSK-009-03,EMP009,2025-10-10,2025-10-14,2025-10-19,Completed,Medium
TSK-009-04,EMP009,2025-04-26,2025-05-05,2025-05-01,Completed,Medium
TSK-009-05,EMP009,2025-01-09,2025-01-13,,In Progress,High
TSK-009-06,EMP009,2025-06-20,2025-06-26,2025-07-02,Completed,High
TSK-009-07,EMP009,2025-08-06,2025-08-18,2025-08-14,Completed,High
TSK-009-08,EMP009,2025-02-10,2025-02-17,2025-02-18,Completed,High
TSK-009-09,EMP009,2025-03-02,2025-03-05,2025-03-09,Completed,High
TSK-009-10,EMP009,2025-03-26,2025-04-08,,In Progress,High
TSK-010-01,EMP010,2025-02-24,2025-03-09,,In Progress,Low
TSK-010-02,EMP010,2025-06-26,2025-06-30,2025-06-28,Completed,High
TSK-010-03,EMP010,2025-03-13,2025-03-27,2025-03-28,Completed,Low
TSK-010-04,EMP010,2025-08-12,2025-08-24,,In Progress,Medium
TSK-010-05,EMP010,2025-10-29,2025-11-07,,In Progress,High
TSK-010-06,EMP010,2025-04-12,2025-04-24,,Not Started,Medium
TSK-010-07,EMP010,2025-07-30,2025-08-03,,In Progress,Low
TSK-010-08,EMP010,2025-09-21,2025-09-28,2025-09-24,Completed,Medium
TSK-010-09,EMP010,2025-04-20,2025-04-28,2025-05-01,Completed,Low
TSK-010-10,EMP010,2025-04-16,2025-04-27,2025-04-23,Completed,Medium
TSK-011-01,EMP011,2025-04-23,2025-05-02,2025-04-28,Completed,High
TSK-011-02,EMP011,2025-10-07,2025-10-21,2025-10-18,Completed,High
TSK-011-03,EMP011,2025-02-15,2025-02-26,2025-02-27,Completed,Medium
TSK-011-04,EMP011,2025-07-20,2025-07-25,2025-07-31,Completed,Low
TSK-011-05,EMP011,2025-04-17,2025-04-21,2025-04-18,Completed,High
TSK-011-06,EMP011,2025-07-25,2025-08-03,2025-08-04,Completed,Medium
TSK-011-07,EMP011,2025-07-31,2025-08-12,2025-08-08,Completed,High
TSK-011-08,EMP011,2025-11-29,2025-12-08,2025-12-07,Completed,Low
TSK-011-09,EMP011,2025-05-18,2025-05-29,2025-05-25,Completed,Low
TSK-011-10,EMP011,2025-03-25,2025-04-02,2025-04-05,Completed,Low
TSK-012-01,EMP012,2025-03-29,2025-04-02,2025-04-05,Completed,Low
TSK-012-02,EMP012,2025-08-17,2025-08-24,,Not Started,High
TSK-012-03,EMP012,2025-03-28,2025-03-31,2025-04-01,Completed,High
TSK-012-04,EMP012,2025-05-27,2025-05-31,2025-05-29,Completed,High
TSK-012-05,EMP012,2025-12-13,2025-12-17,2025-12-19,Completed,Low
TSK-012-06,EMP012,2025-10-24,2025-11-05,2025-11-03,Completed,Low
TSK-012-07,EMP012,2025-01-06,2025-01-09,,In Progress,High
TSK-012-08,EMP012,2025-07-29,2025-08-12,,Not Started,Low
TSK-012-09,EMP012,2025-04-15,2025-04-21,2025-04-17,Completed,High
TSK-012-10,EMP012,2025-05-07,2025-05-15,2025-05-19,Completed,Medium
TSK-013-01,EMP013,2025-12-06,2025-12-09,2025-12-15,Completed,Medium
TSK-013-02,EMP013,2025-08-08,2025-08-18,2025-08-15,Completed,High
TSK-013-03,EMP013,2025-06-20,2025-07-04,2025-07-07,Completed,Low
TSK-013-04,EMP013,2025-03-26,2025-03-31,2025-04-06,Completed,High
TSK-013-05,EMP013,2025-12-01,2025-12-15,,In Progress,Medium
TSK-013-06,EMP013,2025-08-19,2025-09-02,2025-09-07,Completed,Low
TSK-013-07,EMP013,2025-10-10,2025-10-23,2025-10-21,Completed,Medium
TSK-013-08,EMP013,2025-04-03,2025-04-14,2025-04-12,Completed,Medium
TSK-013-09,EMP013,2025-09-02,2025-09-05,2025-09-10,Completed,Medium
TSK-013-10,EMP013,2025-01-04,2025-01-07,2025-01-07,Completed,Medium
TSK-014-01,EMP014,2025-02-15,2025-02-24,2025-02-23,Completed,Medium
TSK-014-02,EMP014,2025-03-27,2025-04-07,,Not Started,Medium
TSK-014-03,EMP014,2025-06-21,2025-06-28,2025-06-24,Completed,Medium
TSK-014-04,EMP014,2025-07-22,2025-07-30,2025-08-01,Completed,Medium
TSK-014-05,EMP014,2025-08-24,2025-09-05,2025-09-01,Completed,Low
TSK-014-06,EMP014,2025-07-23,2025-07-30,,Not Started,High
TSK-014-07,EMP014,2025-05-15,2025-05-18,,Not Started,Low
TSK-014-08,EMP014,2025-11-26,2025-12-10,,Not Started,Low
TSK-014-09,EMP014,2025-03-25,2025-04-04,2025-04-09,Completed,High
TSK-014-10,EMP014,2025-11-27,2025-12-07,2025-12-13,Completed,Medium
TSK-015-01,EMP015,2025-02-03,2025-02-08,2025-02-10,Completed,Medium
TSK-015-02,EMP015,2025-09-23,2025-09-27,2025-09-26,Completed,Low
TSK-015-03,EMP015,2025-11-30,2025-12-08,2025-12-10,Completed,Low
TSK-015-04,EMP015,2025-07-21,2025-07-31,2025-07-27,Completed,High
TSK-015-05,EMP015,2025-01-09,2025-01-15,2025-01-14,Completed,High
TSK-015-06,EMP015,2025-11-06,2025-11-12,2025-11-16,Completed,High
TSK-015-07,EMP015,2025-03-20,2025-03-30,2025-04-03,Completed,High
TSK-015-08,EMP015,2025-02-17,2025-02-28,2025-02-28,Completed,Low
TSK-015-09,EMP015,2025-03-05,2025-03-19,2025-03-23,Completed,Low
TSK-015-10,EMP015,2025-11-07,2025-11-19,2025-11-21,Completed,Medium
TSK-016-01,EMP016,2025-08-04,2025-08-15,2025-08-18,Completed,High
TSK-016-02,EMP016,2025-12-16,2025-12-28,2026-01-03,Completed,Medium
TSK-016-03,EMP016,2025-04-06,2025-04-17,,In Progress,Medium
TSK-016-04,EMP016,2025-11-13,2025-11-27,,In Progress,Medium
TSK-016-05,EMP016,2025-02-26,2025-03-05,2025-03-04,Completed,Low
TSK-016-06,EMP016,2025-04-13,2025-04-27,,In Progress,High
TSK-016-07,EMP016,2025-05-16,2025-05-28,2025-06-01,Completed,Low
TSK-016-08,EMP016,2025-08-08,2025-08-13,2025-08-12,Completed,Low
TSK-016-09,EMP016,2025-03-01,2025-03-12,2025-03-11,Completed,High
TSK-016-10,EMP016,2025-07-27,2025-08-04,2025-08-09,Completed,High
TSK-017-01,EMP017,2025-01-31,2025-02-04,2025-02-09,Completed,High
TSK-017-02,EMP017,2025-08-02,2025-08-06,2025-08-07,Completed,High
TSK-017-03,EMP017,2025-05-03,2025-05-17,,Not Started,Low
TSK-017-04,EMP017,2025-07-02,2025-07-05,2025-07-01,Completed,Low
TSK-017-05,EMP017,2025-02-07,2025-02-20,2025-02-21,Completed,High
TSK-017-06,EMP017,2025-07-15,2025-07-29,2025-07-29,Completed,High
TSK-017-07,EMP017,2025-12-06,2025-12-14,2025-12-13,Completed,High
TSK-017-08,EMP017,2025-06-05,2025-06-19,2025-06-21,Completed,High
TSK-017-09,EMP017,2025-10-28,2025-10-31,2025-10-28,Completed,High
TSK-017-10,EMP017,2025-11-24,2025-12-05,2025-12-03,Completed,Medium
TSK-018-01,EMP018,2025-04-30,2025-05-07,2025-05-09,Completed,Low
TSK-018-02,EMP018,2025-09-25,2025-10-08,2025-10-06,Completed,High
TSK-018-03,EMP018,2025-11-13,2025-11-21,2025-11-18,Completed,Medium
TSK-018-04,EMP018,2025-06-22,2025-06-27,,Not Started,Medium
TSK-018-05,EMP018,2025-04-07,2025-04-10,2025-04-10,Completed,Medium
TSK-018-06,EMP018,2025-04-27,2025-05-07,2025-05-13,Completed,High
TSK-018-07,EMP018,2025-03-20,2025-03-25,2025-03-24,Completed,High
TSK-018-08,EMP018,2025-06-25,2025-07-02,2025-07-02,Completed,Medium
TSK-018-09,EMP018,2025-05-18,2025-05-30,2025-05-27,Completed,Medium
TSK-018-10,EMP018,2025-08-10,2025-08-19,2025-08-18,Completed,Medium
TSK-019-01,EMP019,2025-05-13,2025-05-27,2025-05-25,Completed,Medium
TSK-019-02,EMP019,2025-10-28,2025-11-01,2025-10-31,Completed,High
TSK-019-03,EMP019,2025-11-19,2025-11-24,2025-11-23,Completed,High
TSK-019-04,EMP019,2025-08-06,2025-08-13,,Not Started,High
TSK-019-05,EMP019,2025-03-05,2025-03-14,2025-03-17,Completed,Low
TSK-019-06,EMP019,2025-06-18,2025-06-23,2025-06-19,Completed,High
TSK-019-07,EMP019,2025-04-18,2025-04-22,2025-04-24,Completed,Low
TSK-019-08,EMP019,2025-09-22,2025-09-28,2025-09-26,Completed,Medium
TSK-019-09,EMP019,2025-02-03,2025-02-17,2025-02-18,Completed,High
TSK-019-10,EMP019,2025-08-15,2025-08-19,2025-08-18,Completed,Low
TSK-020-01,EMP020,2025-03-29,2025-04-11,2025-04-14,Completed,High
TSK-020-02,EMP020,2025-12-10,2025-12-17,2025-12-19,Completed,High
TSK-020-03,EMP020,2025-10-25,2025-10-28,,In Progress,Low
TSK-020-04,EMP020,2025-05-10,2025-05-13,2025-05-18,Completed,Low
TSK-020-05,EMP020,2025-01-06,2025-01-18,2025-01-20,Completed,Low
TSK-020-06,EMP020,2025-12-01,2025-12-14,2025-12-10,Completed,Medium
TSK-020-07,EMP020,2025-08-19,2025-08-28,2025-08-24,Completed,Low
TSK-020-08,EMP020,2025-08-16,2025-08-24,2025-08-24,Completed,Medium
TSK-020-09,EMP020,2025-03-30,2025-04-05,2025-04-08,Completed,Low
TSK-020-10,EMP020,2025-09-21,2025-09-26,2025-09-24,Completed,Low
TSK-021-01,EMP021,2025-07-22,2025-08-04,2025-08-07,Completed,High
TSK-021-02,EMP021,2025-06-05,2025-06-17,,In Progress,Low
TSK-021-03,EMP021,2025-01-13,2025-01-25,2025-01-30,Completed,Low
TSK-021-04,EMP021,2025-10-05,2025-10-13,2025-10-13,Completed,Low
TSK-021-05,EMP021,2025-01-18,2025-01-22,,Not Started,High
TSK-021-06,EMP021,2025-04-16,2025-04-25,2025-04-23,Completed,Low
TSK-021-07,EMP021,2025-09-03,2025-09-15,,Not Started,Medium
TSK-021-08,EMP021,2025-02-13,2025-02-23,2025-02-19,Completed,Medium
TSK-021-09,EMP021,2025-04-09,2025-04-16,2025-04-22,Completed,Low
TSK-021-10,EMP021,2025-09-24,2025-10-07,2025-10-09,Completed,Medium
TSK-022-01,EMP022,2025-03-15,2025-03-18,2025-03-15,Completed,Medium
TSK-022-02,EMP022,2025-08-28,2025-09-02,2025-09-08,Completed,High
TSK-022-03,EMP022,2025-07-10,2025-07-20,2025-07-19,Completed,Medium
TSK-022-04,EMP022,2025-08-28,2025-09-02,,In Progress,High
TSK-022-05,EMP022,2025-02-24,2025-03-05,2025-03-10,Completed,High
TSK-022-06,EMP022,2025-11-18,2025-12-01,2025-12-05,Completed,Medium
TSK-022-07,EMP022,2025-01-21,2025-01-27,,Not Started,High
TSK-022-08,EMP022,2025-09-19,2025-09-28,2025-09-28,Completed,Medium
TSK-022-09,EMP022,2025-02-21,2025-02-25,2025-02-28,Completed,Medium
TSK-022-10,EMP022,2025-10-10,2025-10-20,2025-10-16,Completed,Low
TSK-023-01,EMP023,2025-06-28,2025-07-05,,In Progress,Medium
TSK-023-02,EMP023,2025-03-14,2025-03-28,2025-04-03,Completed,Low
TSK-023-03,EMP023,2025-04-21,2025-04-28,2025-04-28,Completed,High
TSK-023-04,EMP023,2025-05-04,2025-05-16,2025-05-14,Completed,High
TSK-023-05,EMP023,2025-03-24,2025-03-29,2025-04-02,Completed,Low
TSK-023-06,EMP023,2025-04-29,2025-05-03,2025-05-04,Completed,Low
TSK-023-07,EMP023,2025-04-19,2025-04-23,2025-04-19,Completed,Medium
TSK-023-08,EMP023,2025-09-07,2025-09-17,2025-09-20,Completed,Medium
TSK-023-09,EMP023,2025-03-26,2025-04-02,2025-04-05,Completed,Low
TSK-023-10,EMP023,2025-07-18,2025-07-25,2025-07-28,Completed,High
TSK-024-01,EMP024,2025-09-19,2025-09-28,2025-09-30,Completed,Medium
TSK-024-02,EMP024,2025-03-21,2025-03-26,2025-03-25,Completed,Medium
TSK-024-03,EMP024,2025-01-22,2025-01-30,2025-01-26,Completed,Low
TSK-024-04,EMP024,2025-02-25,2025-03-11,2025-03-13,Completed,Low
TSK-024-05,EMP024,2025-03-19,2025-03-28,2025-03-30,Completed,Medium
TSK-024-06,EMP024,2025-02-27,2025-03-07,,In Progress,Medium
TSK-024-07,EMP024,2025-11-08,2025-11-18,2025-11-20,Completed,Low
TSK-024-08,EMP024,2025-02-27,2025-03-09,2025-03-13,Completed,High
TSK-024-09,EMP024,2025-04-07,2025-04-12,,Not Started,Medium
TSK-024-10,EMP024,2025-07-11,2025-07-25,2025-07-30,Completed,Medium
TSK-025-01,EMP025,2025-02-24,2025-03-05,2025-03-08,Completed,High
TSK-025-02,EMP025,2025-08-07,2025-08-14,2025-08-19,Completed,Low
TSK-025-03,EMP025,2025-08-19,2025-08-23,2025-08-29,Completed,High
TSK-025-04,EMP025,2025-01-29,2025-02-03,2025-02-04,Completed,High
TSK-025-05,EMP025,2025-06-08,2025-06-14,2025-06-18,Completed,Medium
TSK-025-06,EMP025,2025-03-07,2025-03-10,2025-03-15,Completed,Low
TSK-025-07,EMP025,2025-03-24,2025-04-05,2025-04-06,Completed,High
TSK-025-08,EMP025,2025-01-08,2025-01-15,2025-01-12,Completed,High
TSK-025-09,EMP025,2025-11-11,2025-11-19,2025-11-24,Completed,High
TSK-025-10,EMP025,2025-04-30,2025-05-10,2025-05-07,Completed,High
TSK-026-01,EMP026,2025-01-28,2025-02-06,2025-02-11,Completed,High
TSK-026-02,EMP026,2025-06-08,2025-06-13,2025-06-15,Completed,High
TSK-026-03,EMP026,2025-06-20,2025-06-25,2025-06-25,Completed,Low
TSK-026-04,EMP026,2025-08-03,2025-08-17,2025-08-14,Completed,High
TSK-026-05,EMP026,2025-01-18,2025-01-26,2025-01-22,Completed,Low
TSK-026-06,EMP026,2025-12-10,2025-12-23,2025-12-25,Completed,Medium
TSK-026-07,EMP026,2025-05-03,2025-05-06,2025-05-03,Completed,High
TSK-026-08,EMP026,2025-01-21,2025-01-28,,In Progress,Low
TSK-026-09,EMP026,2025-01-31,2025-02-07,2025-02-05,Completed,High
TSK-026-10,EMP026,2025-05-31,2025-06-12,2025-06-09,Completed,High
TSK-027-01,EMP027,2025-05-26,2025-06-07,2025-06-09,Completed,Medium
TSK-027-02,EMP027,2025-11-23,2025-12-05,,In Progress,High
TSK-027-03,EMP027,2025-02-26,2025-03-01,,Not Started,Medium
TSK-027-04,EMP027,2025-11-03,2025-11-13,,In Progress,High
TSK-027-05,EMP027,2025-08-22,2025-08-27,2025-08-26,Completed,Medium
TSK-027-06,EMP027,2025-10-17,2025-10-29,,In Progress,Medium
TSK-027-07,EMP027,2025-05-24,2025-05-31,2025-06-06,Completed,Low
TSK-027-08,EMP027,2025-08-19,2025-08-25,2025-08-26,Completed,Low
TSK-027-09,EMP027,2025-11-04,2025-11-15,2025-11-16,Completed,High
TSK-027-10,EMP027,2025-01-12,2025-01-15,2025-01-13,Completed,Low
TSK-028-01,EMP028,2025-08-29,2025-09-02,2025-09-06,Completed,Low
TSK-028-02,EMP028,2025-09-13,2025-09-17,,In Progress,High
TSK-028-03,EMP028,2025-01-16,2025-01-27,2025-01-24,Completed,High
TSK-028-04,EMP028,2025-12-03,2025-12-09,2025-12-10,Completed,High
TSK-028-05,EMP028,2025-02-09,2025-02-13,2025-02-14,Completed,High
TSK-028-06,EMP028,2025-04-26,2025-05-02,2025-05-04,Completed,Medium
TSK-028-07,EMP028,2025-04-18,2025-05-02,2025-04-29,Completed,Medium
TSK-028-08,EMP028,2025-01-02,2025-01-08,2025-01-05,Completed,Low
TSK-028-09,EMP028,2025-07-12,2025-07-26,2025-08-01,Completed,High
TSK-028-10,EMP028,2025-09-10,2025-09-19,2025-09-20,Completed,High
TSK-029-01,EMP029,2025-06-13,2025-06-27,2025-07-03,Completed,High
TSK-029-02,EMP029,2025-05-07,2025-05-20,,In Progress,Medium
TSK-029-03,EMP029,2025-11-02,2025-11-07,2025-11-11,Completed,Low
TSK-029-04,EMP029,2025-05-26,2025-06-09,,In Progress,Medium
TSK-029-05,EMP029,2025-09-18,2025-09-22,2025-09-26,Completed,Low
TSK-029-06,EMP029,2025-08-30,2025-09-08,2025-09-13,Completed,High
TSK-029-07,EMP029,2025-05-19,2025-05-29,2025-05-30,Completed,High
TSK-029-08,EMP029,2025-03-25,2025-04-04,2025-04-10,Completed,Medium
TSK-029-09,EMP029,2025-07-20,2025-07-23,2025-07-24,Completed,Low
TSK-029-10,EMP029,2025-08-06,2025-08-18,,In Progress,Low
TSK-030-01,EMP030,2025-08-04,2025-08-15,2025-08-11,Completed,Low
TSK-030-02,EMP030,2025-10-29,2025-11-11,2025-11-10,Completed,High
TSK-030-03,EMP030,2025-06-25,2025-07-01,2025-06-29,Completed,Medium
TSK-030-04,EMP030,2025-12-09,2025-12-20,,In Progress,High
TSK-030-05,EMP030,2025-07-17,2025-07-29,2025-07-29,Completed,Low
TSK-030-06,EMP030,2025-04-11,2025-04-14,2025-04-11,Completed,Medium
TSK-030-07,EMP030,2025-11-16,2025-11-25,2025-11-28,Completed,High
TSK-030-08,EMP030,2025-02-04,2025-02-07,2025-02-13,Completed,Low
TSK-030-09,EMP030,2025-08-09,2025-08-17,2025-08-17,Completed,High
TSK-030-10,EMP030,2025-03-31,2025-04-06,,In Progress,High
TSK-031-01,EMP031,2025-10-25,2025-11-06,2025-11-05,Completed,Low
TSK-031-02,EMP031,2025-06-13,2025-06-26,2025-07-01,Completed,Low
TSK-031-03,EMP031,2025-08-24,2025-09-02,2025-09-03,Completed,Medium
TSK-031-04,EMP031,2025-05-01,2025-05-14,,Not Started,High
TSK-031-05,EMP031,2025-04-18,2025-04-21,2025-04-20,Completed,Low
TSK-031-06,EMP031,2025-09-15,2025-09-28,2025-10-03,Completed,Low
TSK-031-07,EMP031,2025-04-25,2025-05-01,2025-04-27,Completed,High
TSK-031-08,EMP031,2025-07-08,2025-07-22,2025-07-27,Completed,Medium
TSK-031-09,EMP031,2025-06-04,2025-06-08,2025-06-06,Completed,Low
TSK-031-10,EMP031,2025-07-31,2025-08-11,2025-08-17,Completed,High
TSK-032-01,EMP032,2025-05-15,2025-05-25,2025-05-29,Completed,Medium
TSK-032-02,EMP032,2025-09-19,2025-10-02,2025-09-30,Completed,Low
TSK-032-03,EMP032,2025-10-21,2025-11-02,2025-11-08,Completed,High
TSK-032-04,EMP032,2025-10-26,2025-11-03,2025-11-09,Completed,High
TSK-032-05,EMP032,2025-10-16,2025-10-20,,Not Started,Low
TSK-032-06,EMP032,2025-09-06,2025-09-12,2025-09-09,Completed,High
TSK-032-07,EMP032,2025-08-14,2025-08-21,,In Progress,High
TSK-032-08,EMP032,2025-03-07,2025-03-17,2025-03-14,Completed,Medium
TSK-032-09,EMP032,2025-01-22,2025-01-30,2025-02-03,Completed,Low
TSK-032-10,EMP032,2025-04-19,2025-04-29,2025-05-02,Completed,Low
TSK-033-01,EMP033,2025-08-23,2025-09-04,2025-09-02,Completed,High
TSK-033-02,EMP033,2025-02-25,2025-03-08,2025-03-09,Completed,Low
TSK-033-03,EMP033,2025-01-22,2025-01-25,2025-01-29,Completed,High
TSK-033-04,EMP033,2025-04-18,2025-04-21,,Not Started,High
TSK-033-05,EMP033,2025-06-30,2025-07-11,2025-07-10,Completed,Medium
TSK-033-06,EMP033,2025-12-05,2025-12-15,2025-12-17,Completed,Medium
TSK-033-07,EMP033,2025-09-11,2025-09-14,,In Progress,Low
TSK-033-08,EMP033,2025-03-09,2025-03-14,2025-03-17,Completed,High
TSK-033-09,EMP033,2025-06-24,2025-06-29,2025-06-25,Completed,High
TSK-033-10,EMP033,2025-08-27,2025-09-08,2025-09-08,Completed,Medium
TSK-034-01,EMP034,2025-10-28,2025-11-04,,In Progress,Low
TSK-034-02,EMP034,2025-05-23,2025-05-27,2025-05-24,Completed,Medium
TSK-034-03,EMP034,2025-01-09,2025-01-20,2025-01-25,Completed,Low
TSK-034-04,EMP034,2025-12-15,2025-12-24,,In Progress,High
TSK-034-05,EMP034,2025-12-14,2025-12-24,2025-12-24,Completed,Medium
TSK-034-06,EMP034,2025-03-24,2025-03-31,2025-04-04,Completed,Medium
TSK-034-07,EMP034,2025-12-04,2025-12-16,2025-12-12,Completed,Medium
TSK-034-08,EMP034,2025-04-26,2025-05-04,2025-05-07,Completed,Medium
TSK-034-09,EMP034,2025-10-02,2025-10-12,2025-10-15,Completed,High
TSK-034-10,EMP034,2025-03-14,2025-03-22,2025-03-20,Completed,Low
TSK-035-01,EMP035,2025-04-13,2025-04-18,2025-04-21,Completed,Low
TSK-035-02,EMP035,2025-01-05,2025-01-12,2025-01-17,Completed,High
TSK-035-03,EMP035,2025-04-09,2025-04-21,2025-04-18,Completed,Low
TSK-035-04,EMP035,2025-04-30,2025-05-12,2025-05-16,Completed,Low
TSK-035-05,EMP035,2025-06-08,2025-06-11,2025-06-17,Completed,Low
TSK-035-06,EMP035,2025-03-19,2025-03-29,2025-03-29,Completed,Low
TSK-035-07,EMP035,2025-01-24,2025-01-28,2025-02-01,Completed,High
TSK-035-08,EMP035,2025-01-20,2025-01-29,2025-02-03,Completed,Low
TSK-035-09,EMP035,2025-09-06,2025-09-20,2025-09-17,Completed,Low
TSK-035-10,EMP035,2025-01-01,2025-01-06,2025-01-05,Completed,Low
TSK-036-01,EMP036,2025-11-03,2025-11-16,2025-11-16,Completed,High
TSK-036-02,EMP036,2025-10-21,2025-11-02,2025-11-04,Completed,Medium
TSK-036-03,EMP036,2025-03-07,2025-03-16,,In Progress,Medium
TSK-036-04,EMP036,2025-11-08,2025-11-22,2025-11-20,Completed,High
TSK-036-05,EMP036,2025-03-15,2025-03-24,2025-03-26,Completed,Medium
TSK-036-06,EMP036,2025-02-16,2025-03-02,,In Progress,Low
TSK-036-07,EMP036,2025-10-10,2025-10-15,2025-10-15,Completed,Low
TSK-036-08,EMP036,2025-01-19,2025-01-23,2025-01-23,Completed,Medium
TSK-036-09,EMP036,2025-11-08,2025-11-11,2025-11-16,Completed,Low
TSK-036-10,EMP036,2025-05-05,2025-05-16,,In Progress,Medium
TSK-037-01,EMP037,2025-04-10,2025-04-17,,Not Started,Medium
TSK-037-02,EMP037,2025-06-15,2025-06-22,2025-06-26,Completed,Medium
TSK-037-03,EMP037,2025-10-13,2025-10-16,2025-10-20,Completed,Medium
TSK-037-04,EMP037,2025-01-02,2025-01-06,2025-01-11,Completed,Low
TSK-037-05,EMP037,2025-08-28,2025-09-09,,Not Started,Low
TSK-037-06,EMP037,2025-03-06,2025-03-12,2025-03-11,Completed,Low
TSK-037-07,EMP037,2025-04-10,2025-04-13,2025-04-11,Completed,Medium
TSK-037-08,EMP037,2025-11-23,2025-12-01,2025-11-29,Completed,High
TSK-037-09,EMP037,2025-11-16,2025-11-26,2025-11-29,Completed,Medium
TSK-037-10,EMP037,2025-05-07,2025-05-20,,In Progress,Medium
TSK-038-01,EMP038,2025-12-14,2025-12-27,2026-01-01,Completed,Low
TSK-038-02,EMP038,2025-12-02,2025-12-11,2025-12-09,Completed,Low
TSK-038-03,EMP038,2025-06-19,2025-06-27,2025-06-26,Completed,Low
TSK-038-04,EMP038,2025-10-28,2025-11-06,2025-11-11,Completed,High
TSK-038-05,EMP038,2025-11-28,2025-12-03,2025-12-05,Completed,High
TSK-038-06,EMP038,2025-04-26,2025-05-04,2025-05-02,Completed,Low
TSK-038-07,EMP038,2025-09-02,2025-09-11,2025-09-09,Completed,High
TSK-038-08,EMP038,2025-04-10,2025-04-20,2025-04-19,Completed,High
TSK-038-09,EMP038,2025-05-16,2025-05-23,2025-05-19,Completed,Low
TSK-038-10,EMP038,2025-05-17,2025-05-24,2025-05-30,Completed,Low
TSK-039-01,EMP039,2025-03-12,2025-03-23,2025-03-20,Completed,Low
TSK-039-02,EMP039,2025-05-07,2025-05-10,,In Progress,High
TSK-039-03,EMP039,2025-08-22,2025-08-26,2025-08-31,Completed,Medium
TSK-039-04,EMP039,2025-09-25,2025-10-06,,In Progress,Medium
TSK-039-05,EMP039,2025-11-23,2025-12-05,2025-12-08,Completed,Low
TSK-039-06,EMP039,2025-07-29,2025-08-09,2025-08-06,Completed,High
TSK-039-07,EMP039,2025-05-28,2025-06-09,2025-06-08,Completed,Low
TSK-039-08,EMP039,2025-05-30,2025-06-06,,In Progress,Medium
TSK-039-09,EMP039,2025-07-22,2025-07-26,,In Progress,Low
TSK-039-10,EMP039,2025-05-30,2025-06-13,2025-06-17,Completed,Medium
TSK-040-01,EMP040,2025-11-20,2025-11-25,2025-11-27,Completed,High
TSK-040-02,EMP040,2025-06-09,2025-06-17,2025-06-19,Completed,Medium
TSK-040-03,EMP040,2025-08-30,2025-09-03,,Not Started,Medium
TSK-040-04,EMP040,2025-01-24,2025-01-28,2025-01-30,Completed,Medium
TSK-040-05,EMP040,2025-01-02,2025-01-08,2025-01-14,Completed,High
TSK-040-06,EMP040,2025-01-26,2025-01-29,2025-01-25,Completed,High
TSK-040-07,EMP040,2025-02-15,2025-02-28,2025-03-04,Completed,Medium
TSK-040-08,EMP040,2025-06-15,2025-06-28,2025-06-27,Completed,Low
TSK-040-09,EMP040,2025-05-28,2025-06-04,2025-06-07,Completed,Low
TSK-040-10,EMP040,2025-02-06,2025-02-13,2025-02-19,Completed,High
TSK-041-01,EMP041,2025-03-21,2025-03-31,2025-03-27,Completed,High
TSK-041-02,EMP041,2025-12-15,2025-12-26,2025-12-31,Completed,Low
TSK-041-03,EMP041,2025-09-02,2025-09-11,2025-09-13,Completed,Low
TSK-041-04,EMP041,2025-02-16,2025-02-28,2025-03-02,Completed,Medium
TSK-041-05,EMP041,2025-05-22,2025-05-25,2025-05-24,Completed,Medium
TSK-041-06,EMP041,2025-08-22,2025-09-02,2025-09-01,Completed,Low
TSK-041-07,EMP041,2025-11-20,2025-11-28,2025-11-26,Completed,Low
TSK-041-08,EMP041,2025-08-18,2025-08-30,2025-08-30,Completed,Low
TSK-041-09,EMP041,2025-10-11,2025-10-21,2025-10-20,Completed,Medium
TSK-041-10,EMP041,2025-09-19,2025-09-26,2025-09-25,Completed,Medium
TSK-042-01,EMP042,2025-04-28,2025-05-12,2025-05-08,Completed,Low
TSK-042-02,EMP042,2025-11-01,2025-11-08,2025-11-14,Completed,Low
TSK-042-03,EMP042,2025-07-22,2025-07-29,2025-07-28,Completed,Medium
TSK-042-04,EMP042,2025-06-04,2025-06-13,2025-06-13,Completed,Low
TSK-042-05,EMP042,2025-02-03,2025-02-17,2025-02-21,Completed,Low
TSK-042-06,EMP042,2025-10-11,2025-10-15,2025-10-19,Completed,Low
TSK-042-07,EMP042,2025-10-25,2025-11-06,2025-11-03,Completed,Low
TSK-042-08,EMP042,2025-02-25,2025-03-07,2025-03-11,Completed,Low
TSK-042-09,EMP042,2025-12-09,2025-12-22,,In Progress,Low
TSK-042-10,EMP042,2025-01-24,2025-01-27,2025-01-28,Completed,Low
TSK-043-01,EMP043,2025-09-05,2025-09-14,2025-09-13,Completed,High
TSK-043-02,EMP043,2025-03-05,2025-03-19,2025-03-21,Completed,Medium
TSK-043-03,EMP043,2025-07-13,2025-07-21,2025-07-21,Completed,Medium
TSK-043-04,EMP043,2025-10-06,2025-10-11,,In Progress,Low
TSK-043-05,EMP043,2025-02-14,2025-02-25,2025-02-27,Completed,High
TSK-043-06,EMP043,2025-07-30,2025-08-05,,Not Started,Medium
TSK-043-07,EMP043,2025-03-11,2025-03-21,2025-03-25,Completed,High
TSK-043-08,EMP043,2025-07-18,2025-07-24,2025-07-22,Completed,Low
TSK-043-09,EMP043,2025-04-01,2025-04-08,2025-04-05,Completed,Low
TSK-043-10,EMP043,2025-04-02,2025-04-15,2025-04-17,Completed,High
TSK-044-01,EMP044,2025-04-25,2025-04-29,2025-04-25,Completed,High
TSK-044-02,EMP044,2025-10-04,2025-10-12,2025-10-15,Completed,Medium
TSK-044-03,EMP044,2025-12-01,2025-12-09,2025-12-09,Completed,Medium
TSK-044-04,EMP044,2025-12-12,2025-12-18,2025-12-23,Completed,Low
TSK-044-05,EMP044,2025-06-01,2025-06-04,2025-06-09,Completed,Low
TSK-044-06,EMP044,2025-12-09,2025-12-13,2025-12-15,Completed,Medium
TSK-044-07,EMP044,2025-09-26,2025-10-09,2025-10-13,Completed,High
TSK-044-08,EMP044,2025-08-29,2025-09-02,2025-09-06,Completed,Low
TSK-044-09,EMP044,2025-10-12,2025-10-26,2025-10-31,Completed,Medium
TSK-044-10,EMP044,2025-09-16,2025-09-19,2025-09-21,Completed,High
TSK-045-01,EMP045,2025-09-21,2025-09-27,2025-09-26,Completed,Low
TSK-045-02,EMP045,2025-09-29,2025-10-12,2025-10-15,Completed,Low
TSK-045-03,EMP045,2025-06-27,2025-07-03,2025-07-06,Completed,Low
TSK-045-04,EMP045,2025-12-12,2025-12-19,2025-12-25,Completed,Medium
TSK-045-05,EMP045,2025-06-19,2025-07-01,2025-07-04,Completed,High
TSK-045-06,EMP045,2025-02-08,2025-02-18,2025-02-18,Completed,Low
TSK-045-07,EMP045,2025-03-05,2025-03-09,2025-03-09,Completed,Medium
TSK-045-08,EMP045,2025-01-19,2025-02-01,2025-02-06,Completed,Low
TSK-045-09,EMP045,2025-07-06,2025-07-11,2025-07-12,Completed,High
TSK-045-10,EMP045,2025-10-04,2025-10-11,2025-10-09,Completed,Medium
TSK-046-01,EMP046,2025-10-04,2025-10-10,2025-10-15,Completed,Medium
TSK-046-02,EMP046,2025-01-29,2025-02-11,,In Progress,Low
TSK-046-03,EMP046,2025-01-10,2025-01-23,,In Progress,Low
TSK-046-04,EMP046,2025-10-24,2025-10-27,2025-11-02,Completed,High
TSK-046-05,EMP046,2025-01-27,2025-01-30,2025-01-27,Completed,High
TSK-046-06,EMP046,2025-05-23,2025-05-29,,In Progress,Low
TSK-046-07,EMP046,2025-11-30,2025-12-10,2025-12-11,Completed,High
TSK-046-08,EMP046,2025-08-31,2025-09-06,2025-09-11,Completed,Low
TSK-046-09,EMP046,2025-05-08,2025-05-11,,In Progress,High
TSK-046-10,EMP046,2025-04-06,2025-04-16,2025-04-16,Completed,High
TSK-047-01,EMP047,2025-02-12,2025-02-16,2025-02-21,Completed,Low
TSK-047-02,EMP047,2025-10-13,2025-10-20,2025-10-24,Completed,Medium
TSK-047-03,EMP047,2025-10-14,2025-10-22,,In Progress,High
TSK-047-04,EMP047,2025-04-23,2025-05-05,2025-05-11,Completed,Medium
TSK-047-05,EMP047,2025-02-14,2025-02-22,,In Progress,Low
TSK-047-06,EMP047,2025-02-18,2025-02-26,2025-02-23,Completed,High
TSK-047-07,EMP047,2025-01-20,2025-01-30,2025-01-28,Completed,Low
TSK-047-08,EMP047,2025-08-20,2025-08-28,2025-08-29,Completed,High
TSK-047-09,EMP047,2025-04-29,2025-05-10,2025-05-11,Completed,High
TSK-047-10,EMP047,2025-07-13,2025-07-21,,In Progress,Medium
TSK-048-01,EMP048,2025-05-25,2025-05-28,2025-06-01,Completed,High
TSK-048-02,EMP048,2025-04-21,2025-05-05,2025-05-02,Completed,Low
TSK-048-03,EMP048,2025-11-13,2025-11-22,2025-11-21,Completed,Medium
TSK-048-04,EMP048,2025-02-18,2025-03-03,2025-03-09,Completed,Medium
TSK-048-05,EMP048,2025-01-23,2025-01-26,,In Progress,High
TSK-048-06,EMP048,2025-08-22,2025-08-25,2025-08-27,Completed,High
TSK-048-07,EMP048,2025-12-03,2025-12-08,2025-12-11,Completed,Low
TSK-048-08,EMP048,2025-03-04,2025-03-12,2025-03-17,Completed,Medium
TSK-048-09,EMP048,2025-05-15,2025-05-18,2025-05-23,Completed,Low
TSK-048-10,EMP048,2025-10-03,2025-10-13,2025-10-14,Completed,High
TSK-049-01,EMP049,2025-12-08,2025-12-16,2025-12-14,Completed,Low
TSK-049-02,EMP049,2025-10-06,2025-10-16,2025-10-12,Completed,Medium
TSK-049-03,EMP049,2025-03-26,2025-04-01,2025-04-01,Completed,Low
TSK-049-04,EMP049,2025-11-29,2025-12-04,2025-12-06,Completed,Medium
TSK-049-05,EMP049,2025-08-24,2025-08-27,2025-08-31,Completed,Medium
TSK-049-06,EMP049,2025-11-26,2025-12-06,,In Progress,Medium
TSK-049-07,EMP049,2025-09-15,2025-09-26,2025-09-30,Completed,Low
TSK-049-08,EMP049,2025-07-01,2025-07-08,,In Progress,Medium
TSK-049-09,EMP049,2025-07-27,2025-07-30,2025-08-04,Completed,Medium
TSK-049-10,EMP049,2025-02-24,2025-03-04,,In Progress,Low
TSK-050-01,EMP050,2025-05-17,2025-05-22,2025-05-19,Completed,High
TSK-050-02,EMP050,2025-10-07,2025-10-14,,In Progress,Medium
TSK-050-03,EMP050,2025-08-22,2025-09-04,,Not Started,Low
TSK-050-04,EMP050,2025-10-29,2025-11-09,2025-11-14,Completed,Low
TSK-050-05,EMP050,2025-02-06,2025-02-14,2025-02-16,Completed,Medium
TSK-050-06,EMP050,2025-12-09,2025-12-18,2025-12-18,Completed,Low
TSK-050-07,EMP050,2025-07-01,2025-07-10,2025-07-11,Completed,High
TSK-050-08,EMP050,2025-11-17,2025-11-27,2025-11-26,Completed,Low
TSK-050-09,EMP050,2025-09-22,2025-10-01,2025-09-30,Completed,High
TSK-050-10,EMP050,2025-09-11,2025-09-19,2025-09-16,Completed,Medium
TSK-051-01,EMP051,2025-05-08,2025-05-11,2025-05-16,Completed,High
TSK-051-02,EMP051,2025-07-26,2025-08-09,,In Progress,Medium
TSK-051-03,EMP051,2025-11-16,2025-11-23,2025-11-27,Completed,High
TSK-051-04,EMP051,2025-12-09,2025-12-16,,In Progress,High
TSK-051-05,EMP051,2025-10-24,2025-10-29,2025-11-02,Completed,Medium
TSK-051-06,EMP051,2025-11-29,2025-12-04,,In Progress,High
TSK-051-07,EMP051,2025-09-20,2025-10-03,2025-10-03,Completed,Low
TSK-051-08,EMP051,2025-10-16,2025-10-28,,In Progress,High
TSK-051-09,EMP051,2025-02-02,2025-02-10,2025-02-06,Completed,High
TSK-051-10,EMP051,2025-07-19,2025-07-28,2025-07-24,Completed,Medium
TSK-052-01,EMP052,2025-02-09,2025-02-15,2025-02-17,Completed,Medium
TSK-052-02,EMP052,2025-11-22,2025-11-29,2025-12-03,Completed,Low
TSK-052-03,EMP052,2025-01-29,2025-02-08,2025-02-08,Completed,Medium
TSK-052-04,EMP052,2025-03-09,2025-03-20,2025-03-23,Completed,Low
TSK-052-05,EMP052,2025-08-17,2025-08-24,,In Progress,High
TSK-052-06,EMP052,2025-03-22,2025-04-04,2025-04-04,Completed,Low
TSK-052-07,EMP052,2025-08-03,2025-08-16,2025-08-12,Completed,High
TSK-052-08,EMP052,2025-04-26,2025-05-01,2025-04-28,Completed,High
TSK-052-09,EMP052,2025-08-20,2025-08-31,2025-09-03,Completed,Medium
TSK-052-10,EMP052,2025-02-10,2025-02-14,2025-02-18,Completed,Low
TSK-053-01,EMP053,2025-12-12,2025-12-16,2025-12-21,Completed,High
TSK-053-02,EMP053,2025-03-01,2025-03-07,2025-03-04,Completed,High
TSK-053-03,EMP053,2025-05-09,2025-05-20,2025-05-18,Completed,Medium
TSK-053-04,EMP053,2025-01-02,2025-01-06,,In Progress,Medium
TSK-053-05,EMP053,2025-10-03,2025-10-14,2025-10-17,Completed,Medium
TSK-053-06,EMP053,2025-04-05,2025-04-15,2025-04-14,Completed,Medium
TSK-053-07,EMP053,2025-09-13,2025-09-21,2025-09-26,Completed,Low
TSK-053-08,EMP053,2025-03-12,2025-03-15,,Not Started,High
TSK-053-09,EMP053,2025-06-25,2025-07-09,2025-07-08,Completed,High
TSK-053-10,EMP053,2025-02-19,2025-03-01,2025-03-07,Completed,Low
TSK-054-01,EMP054,2025-11-01,2025-11-10,2025-11-10,Completed,High
TSK-054-02,EMP054,2025-07-10,2025-07-20,2025-07-22,Completed,High
TSK-054-03,EMP054,2025-09-19,2025-10-02,,In Progress,Low
TSK-054-04,EMP054,2025-11-20,2025-11-30,2025-12-04,Completed,Low
TSK-054-05,EMP054,2025-06-06,2025-06-10,2025-06-07,Completed,Low
TSK-054-06,EMP054,2025-01-09,2025-01-22,,Not Started,Low
TSK-054-07,EMP054,2025-12-13,2025-12-20,,Not Started,High
TSK-054-08,EMP054,2025-06-08,2025-06-22,,In Progress,Medium
TSK-054-09,EMP054,2025-07-11,2025-07-19,2025-07-25,Completed,Medium
TSK-054-10,EMP054,2025-11-10,2025-11-13,2025-11-18,Completed,Medium
TSK-055-01,EMP055,2025-08-27,2025-09-02,2025-09-04,Completed,Low
TSK-055-02,EMP055,2025-01-28,2025-02-10,2025-02-14,Completed,Low
TSK-055-03,EMP055,2025-11-06,2025-11-15,2025-11-15,Completed,Low
TSK-055-04,EMP055,2025-04-27,2025-05-10,2025-05-10,Completed,Medium
TSK-055-05,EMP055,2025-08-17,2025-08-25,2025-08-30,Completed,High
TSK-055-06,EMP055,2025-04-09,2025-04-18,2025-04-22,Completed,Low
TSK-055-07,EMP055,2025-07-01,2025-07-05,2025-07-05,Completed,Low
TSK-055-08,EMP055,2025-04-28,2025-05-07,,In Progress,High
TSK-055-09,EMP055,2025-04-15,2025-04-25,,In Progress,Low
TSK-055-10,EMP055,2025-07-02,2025-07-09,2025-07-11,Completed,Medium
TSK-056-01,EMP056,2025-10-23,2025-11-04,2025-11-02,Completed,Low
TSK-056-02,EMP056,2025-02-23,2025-03-04,2025-03-04,Completed,Low
TSK-056-03,EMP056,2025-08-18,2025-08-21,2025-08-22,Completed,Low
TSK-056-04,EMP056,2025-12-05,2025-12-19,2025-12-19,Completed,High
TSK-056-05,EMP056,2025-12-01,2025-12-04,2025-12-08,Completed,High
TSK-056-06,EMP056,2025-02-15,2025-02-18,2025-02-23,Completed,Low
TSK-056-07,EMP056,2025-03-31,2025-04-03,2025-04-01,Completed,Low
TSK-056-08,EMP056,2025-05-05,2025-05-16,2025-05-20,Completed,High
TSK-056-09,EMP056,2025-07-08,2025-07-11,2025-07-15,Completed,Low
TSK-056-10,EMP056,2025-09-16,2025-09-26,,In Progress,Medium
TSK-057-01,EMP057,2025-04-11,2025-04-20,2025-04-17,Completed,High
TSK-057-02,EMP057,2025-12-06,2025-12-15,2025-12-21,Completed,Low
TSK-057-03,EMP057,2025-08-04,2025-08-12,2025-08-16,Completed,High
TSK-057-04,EMP057,2025-10-05,2025-10-09,2025-10-05,Completed,Medium
TSK-057-05,EMP057,2025-02-05,2025-02-10,2025-02-12,Completed,Low
TSK-057-06,EMP057,2025-05-04,2025-05-12,2025-05-09,Completed,Low
TSK-057-07,EMP057,2025-05-28,2025-06-08,2025-06-13,Completed,Low
TSK-057-08,EMP057,2025-04-21,2025-05-01,,In Progress,Low
TSK-057-09,EMP057,2025-01-31,2025-02-14,2025-02-16,Completed,Medium
TSK-057-10,EMP057,2025-11-13,2025-11-25,2025-11-24,Completed,Low
TSK-058-01,EMP058,2025-03-25,2025-04-01,2025-03-31,Completed,Medium
TSK-058-02,EMP058,2025-04-01,2025-04-06,2025-04-06,Completed,High
TSK-058-03,EMP058,2025-06-09,2025-06-23,2025-06-26,Completed,Low
TSK-058-04,EMP058,2025-07-14,2025-07-21,,In Progress,High
TSK-058-05,EMP058,2025-08-30,2025-09-04,2025-09-06,Completed,High
TSK-058-06,EMP058,2025-04-30,2025-05-11,,In Progress,High
TSK-058-07,EMP058,2025-02-11,2025-02-18,2025-02-18,Completed,Medium
TSK-058-08,EMP058,2025-09-26,2025-10-02,,Not Started,High
TSK-058-09,EMP058,2025-01-01,2025-01-07,2025-01-12,Completed,Medium
TSK-058-10,EMP058,2025-06-21,2025-07-02,,Not Started,High
TSK-059-01,EMP059,2025-01-31,2025-02-13,2025-02-11,Completed,Low
TSK-059-02,EMP059,2025-11-04,2025-11-11,2025-11-09,Completed,Low
TSK-059-03,EMP059,2025-01-26,2025-01-29,,In Progress,High
TSK-059-04,EMP059,2025-05-24,2025-05-30,,In Progress,Medium
TSK-059-05,EMP059,2025-03-26,2025-04-04,2025-04-03,Completed,Low
TSK-059-06,EMP059,2025-08-03,2025-08-15,2025-08-14,Completed,High
TSK-059-07,EMP059,2025-01-24,2025-02-01,2025-02-03,Completed,Low
TSK-059-08,EMP059,2025-08-26,2025-09-08,2025-09-13,Completed,Medium
TSK-059-09,EMP059,2025-12-04,2025-12-09,2025-12-15,Completed,High
TSK-059-10,EMP059,2025-07-30,2025-08-11,,In Progress,High
TSK-060-01,EMP060,2025-01-17,2025-01-26,2025-01-25,Completed,High
TSK-060-02,EMP060,2025-06-22,2025-06-26,2025-06-24,Completed,High
TSK-060-03,EMP060,2025-03-19,2025-04-02,2025-04-02,Completed,Medium
TSK-060-04,EMP060,2025-06-02,2025-06-08,2025-06-06,Completed,Medium
TSK-060-05,EMP060,2025-07-25,2025-08-06,2025-08-05,Completed,Medium
TSK-060-06,EMP060,2025-10-29,2025-11-10,2025-11-12,Completed,High
TSK-060-07,EMP060,2025-06-07,2025-06-12,2025-06-14,Completed,Low
TSK-060-08,EMP060,2025-05-16,2025-05-21,,In Progress,Low
TSK-060-09,EMP060,2025-09-28,2025-10-02,2025-10-02,Completed,High
TSK-060-10,EMP060,2025-02-20,2025-03-05,2025-03-08,Completed,Medium
TSK-061-01,EMP061,2025-10-21,2025-10-30,2025-11-02,Completed,High
TSK-061-02,EMP061,2025-01-16,2025-01-19,2025-01-15,Completed,Medium
TSK-061-03,EMP061,2025-04-29,2025-05-08,2025-05-04,Completed,High
TSK-061-04,EMP061,2025-05-18,2025-05-21,2025-05-22,Completed,Low
TSK-061-05,EMP061,2025-04-25,2025-05-01,2025-04-30,Completed,High
TSK-061-06,EMP061,2025-01-08,2025-01-22,2025-01-21,Completed,Low
TSK-061-07,EMP061,2025-07-04,2025-07-10,2025-07-15,Completed,Low
TSK-061-08,EMP061,2025-11-21,2025-11-27,2025-12-02,Completed,High
TSK-061-09,EMP061,2025-05-24,2025-05-30,2025-05-27,Completed,Medium
TSK-061-10,EMP061,2025-02-05,2025-02-09,,Not Started,Low
TSK-062-01,EMP062,2025-01-15,2025-01-21,,Not Started,Low
TSK-062-02,EMP062,2025-03-10,2025-03-14,2025-03-11,Completed,Medium
TSK-062-03,EMP062,2025-05-28,2025-06-08,,In Progress,Medium
TSK-062-04,EMP062,2025-07-13,2025-07-24,2025-07-24,Completed,Medium
TSK-062-05,EMP062,2025-08-25,2025-09-05,2025-09-07,Completed,High
TSK-062-06,EMP062,2025-08-06,2025-08-16,2025-08-16,Completed,Medium
TSK-062-07,EMP062,2025-03-01,2025-03-08,2025-03-07,Completed,High
TSK-062-08,EMP062,2025-11-23,2025-11-30,2025-12-01,Completed,Low
TSK-062-09,EMP062,2025-10-01,2025-10-08,2025-10-14,Completed,Low
TSK-062-10,EMP062,2025-03-27,2025-04-06,2025-04-10,Completed,Low
TSK-063-01,EMP063,2025-09-27,2025-10-02,2025-10-05,Completed,Medium
TSK-063-02,EMP063,2025-08-30,2025-09-08,2025-09-09,Completed,High
TSK-063-03,EMP063,2025-05-13,2025-05-16,2025-05-16,Completed,Low
TSK-063-04,EMP063,2025-08-27,2025-09-04,2025-09-03,Completed,Medium
TSK-063-05,EMP063,2025-09-26,2025-10-10,2025-10-16,Completed,Medium
TSK-063-06,EMP063,2025-11-24,2025-12-03,2025-12-03,Completed,Low
TSK-063-07,EMP063,2025-01-11,2025-01-20,2025-01-19,Completed,High
TSK-063-08,EMP063,2025-01-28,2025-02-09,2025-02-09,Completed,Low
TSK-063-09,EMP063,2025-08-12,2025-08-21,2025-08-17,Completed,High
TSK-063-10,EMP063,2025-02-23,2025-03-03,2025-03-08,Completed,Medium
TSK-064-01,EMP064,2025-04-18,2025-04-27,,In Progress,Medium
TSK-064-02,EMP064,2025-09-02,2025-09-13,,Not Started,High
TSK-064-03,EMP064,2025-02-22,2025-02-28,,Not Started,Low
TSK-064-04,EMP064,2025-03-15,2025-03-18,2025-03-23,Completed,Medium
TSK-064-05,EMP064,2025-12-11,2025-12-20,2025-12-22,Completed,High
TSK-064-06,EMP064,2025-03-19,2025-03-24,2025-03-21,Completed,Medium
TSK-064-07,EMP064,2025-06-13,2025-06-19,2025-06-16,Completed,Medium
TSK-064-08,EMP064,2025-09-13,2025-09-22,2025-09-18,Completed,High
TSK-064-09,EMP064,2025-04-15,2025-04-28,2025-04-29,Completed,High
TSK-064-10,EMP064,2025-09-09,2025-09-12,,In Progress,Low
TSK-065-01,EMP065,2025-07-23,2025-08-02,2025-07-30,Completed,Medium
TSK-065-02,EMP065,2025-03-09,2025-03-22,2025-03-28,Completed,Low
TSK-065-03,EMP065,2025-09-16,2025-09-25,2025-09-23,Completed,Medium
TSK-065-04,EMP065,2025-08-13,2025-08-24,2025-08-20,Completed,Low
TSK-065-05,EMP065,2025-10-31,2025-11-09,2025-11-13,Completed,Medium
TSK-065-06,EMP065,2025-06-16,2025-06-27,,Not Started,Medium
TSK-065-07,EMP065,2025-08-09,2025-08-21,,In Progress,Medium
TSK-065-08,EMP065,2025-01-13,2025-01-23,2025-01-23,Completed,Low
TSK-065-09,EMP065,2025-05-31,2025-06-10,,In Progress,Medium
TSK-065-10,EMP065,2025-09-11,2025-09-23,,In Progress,Low
TSK-066-01,EMP066,2025-07-21,2025-08-02,2025-08-07,Completed,High
TSK-066-02,EMP066,2025-11-12,2025-11-17,2025-11-13,Completed,High
TSK-066-03,EMP066,2025-06-10,2025-06-22,2025-06-19,Completed,Low
TSK-066-04,EMP066,2025-03-17,2025-03-21,2025-03-17,Completed,High
TSK-066-05,EMP066,2025-12-06,2025-12-15,2025-12-16,Completed,High
TSK-066-06,EMP066,2025-10-29,2025-11-11,2025-11-13,Completed,Medium
TSK-066-07,EMP066,2025-03-10,2025-03-14,2025-03-16,Completed,Low
TSK-066-08,EMP066,2025-06-30,2025-07-08,2025-07-06,Completed,Low
TSK-066-09,EMP066,2025-04-12,2025-04-23,2025-04-21,Completed,Medium
TSK-066-10,EMP066,2025-11-29,2025-12-13,,In Progress,Low
TSK-067-01,EMP067,2025-10-20,2025-10-23,2025-10-23,Completed,Low
TSK-067-02,EMP067,2025-01-04,2025-01-12,2025-01-08,Completed,Low
TSK-067-03,EMP067,2025-08-14,2025-08-20,2025-08-20,Completed,High
TSK-067-04,EMP067,2025-07-18,2025-07-26,2025-07-23,Completed,High
TSK-067-05,EMP067,2025-01-21,2025-01-25,2025-01-25,Completed,High
TSK-067-06,EMP067,2025-09-01,2025-09-15,2025-09-20,Completed,Medium
TSK-067-07,EMP067,2025-09-21,2025-09-24,2025-09-24,Completed,Low
TSK-067-08,EMP067,2025-12-03,2025-12-11,2025-12-16,Completed,High
TSK-067-09,EMP067,2025-05-12,2025-05-24,2025-05-24,Completed,High
TSK-067-10,EMP067,2025-01-20,2025-01-31,2025-02-03,Completed,Medium
TSK-068-01,EMP068,2025-02-21,2025-03-05,2025-03-02,Completed,High
TSK-068-02,EMP068,2025-05-04,2025-05-16,2025-05-13,Completed,Low
TSK-068-03,EMP068,2025-06-10,2025-06-16,2025-06-21,Completed,Low
TSK-068-04,EMP068,2025-04-25,2025-05-03,2025-04-30,Completed,High
TSK-068-05,EMP068,2025-09-14,2025-09-18,2025-09-20,Completed,Medium
TSK-068-06,EMP068,2025-11-16,2025-11-25,2025-11-23,Completed,Medium
TSK-068-07,EMP068,2025-06-26,2025-07-10,2025-07-11,Completed,Medium
TSK-068-08,EMP068,2025-02-16,2025-02-21,2025-02-22,Completed,Low
TSK-068-09,EMP068,2025-07-26,2025-07-29,2025-07-31,Completed,Medium
TSK-068-10,EMP068,2025-04-21,2025-04-30,2025-05-05,Completed,High
TSK-069-01,EMP069,2025-03-30,2025-04-03,2025-04-04,Completed,Medium
TSK-069-02,EMP069,2025-10-20,2025-10-28,2025-10-26,Completed,Low
TSK-069-03,EMP069,2025-05-19,2025-05-27,,In Progress,Medium
TSK-069-04,EMP069,2025-02-05,2025-02-19,2025-02-21,Completed,High
TSK-069-05,EMP069,2025-12-08,2025-12-16,2025-12-14,Completed,High
TSK-069-06,EMP069,2025-07-29,2025-08-05,2025-08-10,Completed,Medium
TSK-069-07,EMP069,2025-10-27,2025-11-10,2025-11-11,Completed,Low
TSK-069-08,EMP069,2025-12-14,2025-12-22,,Not Started,Low
TSK-069-09,EMP069,2025-07-25,2025-08-04,,Not Started,Low
TSK-069-10,EMP069,2025-08-18,2025-08-22,2025-08-22,Completed,High
TSK-070-01,EMP070,2025-07-25,2025-08-04,2025-08-05,Completed,Low
TSK-070-02,EMP070,2025-06-22,2025-06-30,2025-06-29,Completed,Low
TSK-070-03,EMP070,2025-04-29,2025-05-03,2025-05-06,Completed,Low
TSK-070-04,EMP070,2025-08-05,2025-08-13,2025-08-14,Completed,Medium
TSK-070-05,EMP070,2025-12-17,2025-12-26,2025-12-28,Completed,Low
TSK-070-06,EMP070,2025-11-02,2025-11-08,2025-11-09,Completed,Low
TSK-070-07,EMP070,2025-07-08,2025-07-18,2025-07-15,Completed,Medium
TSK-070-08,EMP070,2025-06-18,2025-06-27,2025-06-26,Completed,High
TSK-070-09,EMP070,2025-03-22,2025-03-28,2025-03-30,Completed,Medium
TSK-070-10,EMP070,2025-09-07,2025-09-11,2025-09-13,Completed,Low
TSK-071-01,EMP071,2025-08-14,2025-08-21,2025-08-24,Completed,Low
TSK-071-02,EMP071,2025-02-19,2025-02-24,2025-02-20,Completed,Medium
TSK-071-03,EMP071,2025-10-31,2025-11-03,2025-11-02,Completed,Low
TSK-071-04,EMP071,2025-08-17,2025-08-28,2025-08-31,Completed,Medium
TSK-071-05,EMP071,2025-07-25,2025-08-05,2025-08-09,Completed,Medium
TSK-071-06,EMP071,2025-02-24,2025-03-10,,Not Started,Medium
TSK-071-07,EMP071,2025-06-20,2025-07-03,,Not Started,Medium
TSK-071-08,EMP071,2025-08-24,2025-08-30,,In Progress,Low
TSK-071-09,EMP071,2025-02-11,2025-02-18,2025-02-24,Completed,High
TSK-071-10,EMP071,2025-07-25,2025-08-02,2025-08-01,Completed,High
TSK-072-01,EMP072,2025-04-20,2025-05-04,2025-05-05,Completed,Low
TSK-072-02,EMP072,2025-10-31,2025-11-05,2025-11-11,Completed,Low
TSK-072-03,EMP072,2025-01-21,2025-01-25,,In Progress,Medium
TSK-072-04,EMP072,2025-03-06,2025-03-18,2025-03-18,Completed,High
TSK-072-05,EMP072,2025-04-14,2025-04-18,,Not Started,Medium
TSK-072-06,EMP072,2025-08-11,2025-08-23,2025-08-19,Completed,Medium
TSK-072-07,EMP072,2025-03-09,2025-03-13,2025-03-16,Completed,Medium
TSK-072-08,EMP072,2025-07-08,2025-07-19,2025-07-25,Completed,Low
TSK-072-09,EMP072,2025-09-23,2025-09-28,2025-10-01,Completed,Medium
TSK-072-10,EMP072,2025-08-13,2025-08-20,,In Progress,Medium
TSK-073-01,EMP073,2025-05-26,2025-05-30,2025-05-27,Completed,Low
TSK-073-02,EMP073,2025-08-15,2025-08-21,2025-08-24,Completed,High
TSK-073-03,EMP073,2025-06-01,2025-06-15,2025-06-12,Completed,Medium
TSK-073-04,EMP073,2025-12-06,2025-12-09,2025-12-07,Completed,Low
TSK-073-05,EMP073,2025-02-24,2025-03-05,2025-03-09,Completed,Medium
TSK-073-06,EMP073,2025-11-13,2025-11-26,2025-11-24,Completed,High
TSK-073-07,EMP073,2025-11-06,2025-11-14,2025-11-16,Completed,Medium
TSK-073-08,EMP073,2025-02-12,2025-02-21,2025-02-17,Completed,Low
TSK-073-09,EMP073,2025-10-13,2025-10-20,2025-10-24,Completed,High
TSK-073-10,EMP073,2025-05-22,2025-06-05,2025-06-03,Completed,Low
TSK-074-01,EMP074,2025-05-24,2025-06-01,2025-05-31,Completed,Medium
TSK-074-02,EMP074,2025-08-10,2025-08-18,,Not Started,Low
TSK-074-03,EMP074,2025-10-29,2025-11-04,2025-11-03,Completed,Medium
TSK-074-04,EMP074,2025-07-14,2025-07-27,2025-07-31,Completed,Low
TSK-074-05,EMP074,2025-11-14,2025-11-26,2025-11-29,Completed,Medium
TSK-074-06,EMP074,2025-12-04,2025-12-18,2025-12-22,Completed,High
TSK-074-07,EMP074,2025-06-22,2025-07-02,2025-06-30,Completed,Medium
TSK-074-08,EMP074,2025-01-16,2025-01-20,,Not Started,High
TSK-074-09,EMP074,2025-04-23,2025-04-28,2025-05-02,Completed,Medium
TSK-074-10,EMP074,2025-01-04,2025-01-10,,Not Started,High
TSK-075-01,EMP075,2025-06-28,2025-07-05,2025-07-01,Completed,Medium
TSK-075-02,EMP075,2025-04-24,2025-05-07,2025-05-13,Completed,High
TSK-075-03,EMP075,2025-07-14,2025-07-22,,Not Started,High
TSK-075-04,EMP075,2025-01-14,2025-01-23,2025-01-29,Completed,High
TSK-075-05,EMP075,2025-04-08,2025-04-11,2025-04-08,Completed,Low
TSK-075-06,EMP075,2025-04-15,2025-04-18,2025-04-18,Completed,Medium
TSK-075-07,EMP075,2025-01-29,2025-02-02,2025-02-08,Completed,Medium
TSK-075-08,EMP075,2025-03-12,2025-03-19,2025-03-24,Completed,Medium
TSK-075-09,EMP075,2025-03-19,2025-04-01,2025-04-06,Completed,Low
TSK-075-10,EMP075,2025-09-22,2025-10-06,2025-10-06,Completed,High
TSK-076-01,EMP076,2025-11-30,2025-12-13,2025-12-12,Completed,Low
TSK-076-02,EMP076,2025-01-27,2025-01-31,2025-02-02,Completed,High
TSK-076-03,EMP076,2025-03-18,2025-03-28,2025-04-02,Completed,Low
TSK-076-04,EMP076,2025-05-22,2025-06-01,2025-06-06,Completed,Low
TSK-076-05,EMP076,2025-01-15,2025-01-28,2025-02-02,Completed,High
TSK-076-06,EMP076,2025-02-07,2025-02-15,2025-02-11,Completed,Low
TSK-076-07,EMP076,2025-06-27,2025-07-06,,Not Started,High
TSK-076-08,EMP076,2025-01-23,2025-02-05,2025-02-01,Completed,High
TSK-076-09,EMP076,2025-10-05,2025-10-14,,Not Started,High
TSK-076-10,EMP076,2025-08-05,2025-08-16,2025-08-22,Completed,Low
TSK-077-01,EMP077,2025-03-10,2025-03-22,2025-03-21,Completed,High
TSK-077-02,EMP077,2025-07-14,2025-07-21,2025-07-19,Completed,Low
TSK-077-03,EMP077,2025-06-12,2025-06-17,,Not Started,Medium
TSK-077-04,EMP077,2025-04-24,2025-05-01,,In Progress,Medium
TSK-077-05,EMP077,2025-01-17,2025-01-28,,In Progress,Medium
TSK-077-06,EMP077,2025-02-06,2025-02-16,2025-02-14,Completed,Low
TSK-077-07,EMP077,2025-08-26,2025-09-04,2025-09-10,Completed,Low
TSK-077-08,EMP077,2025-03-11,2025-03-22,2025-03-28,Completed,High
TSK-077-09,EMP077,2025-05-26,2025-05-31,2025-05-28,Completed,Low
TSK-077-10,EMP077,2025-02-27,2025-03-07,2025-03-03,Completed,High
TSK-078-01,EMP078,2025-10-04,2025-10-08,2025-10-10,Completed,Medium
TSK-078-02,EMP078,2025-07-08,2025-07-19,,In Progress,High
TSK-078-03,EMP078,2025-04-12,2025-04-24,2025-04-26,Completed,Medium
TSK-078-04,EMP078,2025-12-04,2025-12-08,2025-12-12,Completed,High
TSK-078-05,EMP078,2025-04-26,2025-04-29,2025-04-25,Completed,Medium
TSK-078-06,EMP078,2025-04-14,2025-04-22,2025-04-19,Completed,Low
TSK-078-07,EMP078,2025-05-31,2025-06-06,2025-06-09,Completed,Medium
TSK-078-08,EMP078,2025-06-13,2025-06-23,2025-06-20,Completed,High
TSK-078-09,EMP078,2025-10-16,2025-10-20,2025-10-16,Completed,Medium
TSK-078-10,EMP078,2025-06-19,2025-06-22,2025-06-27,Completed,Low
TSK-079-01,EMP079,2025-11-04,2025-11-12,,Not Started,Medium
TSK-079-02,EMP079,2025-05-22,2025-06-01,,In Progress,Medium
TSK-079-03,EMP079,2025-02-20,2025-03-04,2025-03-02,Completed,High
TSK-079-04,EMP079,2025-08-18,2025-08-27,2025-08-30,Completed,Low
TSK-079-05,EMP079,2025-11-02,2025-11-10,2025-11-07,Completed,Low
TSK-079-06,EMP079,2025-05-06,2025-05-15,2025-05-16,Completed,High
TSK-079-07,EMP079,2025-10-23,2025-11-06,2025-11-10,Completed,Low
TSK-079-08,EMP079,2025-05-09,2025-05-13,2025-05-19,Completed,High
TSK-079-09,EMP079,2025-01-05,2025-01-13,2025-01-16,Completed,Low
TSK-079-10,EMP079,2025-08-26,2025-09-09,,In Progress,Low
TSK-080-01,EMP080,2025-02-20,2025-03-06,2025-03-09,Completed,Medium
TSK-080-02,EMP080,2025-05-27,2025-06-02,2025-06-06,Completed,Low
TSK-080-03,EMP080,2025-09-14,2025-09-20,2025-09-18,Completed,Low
TSK-080-04,EMP080,2025-02-24,2025-03-10,,In Progress,Medium
TSK-080-05,EMP080,2025-09-18,2025-09-27,2025-09-29,Completed,Low
TSK-080-06,EMP080,2025-11-14,2025-11-18,2025-11-19,Completed,High
TSK-080-07,EMP080,2025-01-12,2025-01-21,2025-01-18,Completed,High
TSK-080-08,EMP080,2025-02-28,2025-03-05,2025-03-07,Completed,Low
TSK-080-09,EMP080,2025-07-05,2025-07-10,2025-07-10,Completed,High
TSK-080-10,EMP080,2025-05-28,2025-06-10,2025-06-14,Completed,Low
TSK-081-01,EMP081,2025-02-18,2025-03-04,2025-03-01,Completed,Medium
TSK-081-02,EMP081,2025-05-04,2025-05-10,2025-05-07,Completed,Medium
TSK-081-03,EMP081,2025-11-09,2025-11-15,2025-11-13,Completed,Low
TSK-081-04,EMP081,2025-01-16,2025-01-27,2025-02-01,Completed,Medium
TSK-081-05,EMP081,2025-07-10,2025-07-17,2025-07-16,Completed,Medium
TSK-081-06,EMP081,2025-06-25,2025-07-05,,Not Started,Low
TSK-081-07,EMP081,2025-12-01,2025-12-14,2025-12-12,Completed,High
TSK-081-08,EMP081,2025-08-16,2025-08-28,2025-08-31,Completed,Low
TSK-081-09,EMP081,2025-05-10,2025-05-23,2025-05-24,Completed,Medium
TSK-081-10,EMP081,2025-07-16,2025-07-19,2025-07-22,Completed,High
TSK-082-01,EMP082,2025-04-02,2025-04-05,2025-04-02,Completed,Medium
TSK-082-02,EMP082,2025-01-17,2025-01-22,2025-01-19,Completed,Low
TSK-082-03,EMP082,2025-10-25,2025-11-06,2025-11-02,Completed,Low
TSK-082-04,EMP082,2025-07-15,2025-07-29,2025-08-03,Completed,Medium
TSK-082-05,EMP082,2025-07-25,2025-08-06,2025-08-08,Completed,Low
TSK-082-06,EMP082,2025-08-22,2025-09-02,,Not Started,Medium
TSK-082-07,EMP082,2025-08-01,2025-08-04,,In Progress,Low
TSK-082-08,EMP082,2025-06-18,2025-06-23,2025-06-20,Completed,Low
TSK-082-09,EMP082,2025-08-18,2025-08-24,,Not Started,High
TSK-082-10,EMP082,2025-08-15,2025-08-24,2025-08-28,Completed,Medium
TSK-083-01,EMP083,2025-09-02,2025-09-13,2025-09-17,Completed,Low
TSK-083-02,EMP083,2025-06-10,2025-06-14,2025-06-15,Completed,High
TSK-083-03,EMP083,2025-10-17,2025-10-21,,In Progress,High
TSK-083-04,EMP083,2025-01-03,2025-01-12,2025-01-10,Completed,High
TSK-083-05,EMP083,2025-12-02,2025-12-16,2025-12-17,Completed,Low
TSK-083-06,EMP083,2025-10-25,2025-11-05,2025-11-08,Completed,Low
TSK-083-07,EMP083,2025-12-16,2025-12-24,2025-12-25,Completed,Medium
TSK-083-08,EMP083,2025-10-18,2025-10-26,2025-10-31,Completed,Medium
TSK-083-09,EMP083,2025-01-29,2025-02-03,2025-02-02,Completed,Low
TSK-083-10,EMP083,2025-06-27,2025-07-09,2025-07-15,Completed,High
TSK-084-01,EMP084,2025-11-19,2025-11-25,2025-11-24,Completed,High
TSK-084-02,EMP084,2025-02-04,2025-02-13,2025-02-19,Completed,High
TSK-084-03,EMP084,2025-04-17,2025-04-23,2025-04-21,Completed,Medium
TSK-084-04,EMP084,2025-11-10,2025-11-19,,Not Started,Low
TSK-084-05,EMP084,2025-11-21,2025-12-01,,In Progress,Low
TSK-084-06,EMP084,2025-11-30,2025-12-14,2025-12-17,Completed,High
TSK-084-07,EMP084,2025-03-15,2025-03-18,2025-03-14,Completed,Low
TSK-084-08,EMP084,2025-02-15,2025-02-18,2025-02-22,Completed,Low
TSK-084-09,EMP084,2025-06-13,2025-06-22,2025-06-18,Completed,High
TSK-084-10,EMP084,2025-08-27,2025-09-07,2025-09-06,Completed,Low
TSK-085-01,EMP085,2025-07-26,2025-08-05,2025-08-04,Completed,High
TSK-085-02,EMP085,2025-09-30,2025-10-10,2025-10-11,Completed,High
TSK-085-03,EMP085,2025-01-11,2025-01-15,2025-01-15,Completed,High
TSK-085-04,EMP085,2025-05-02,2025-05-16,2025-05-20,Completed,Medium
TSK-085-05,EMP085,2025-09-02,2025-09-09,,In Progress,Medium
TSK-085-06,EMP085,2025-03-30,2025-04-12,2025-04-12,Completed,Medium
TSK-085-07,EMP085,2025-02-05,2025-02-17,2025-02-13,Completed,Low
TSK-085-08,EMP085,2025-05-09,2025-05-18,2025-05-17,Completed,High
TSK-085-09,EMP085,2025-08-15,2025-08-25,2025-08-26,Completed,High
TSK-085-10,EMP085,2025-05-07,2025-05-10,2025-05-10,Completed,High
TSK-086-01,EMP086,2025-02-11,2025-02-20,2025-02-24,Completed,Medium
TSK-086-02,EMP086,2025-06-02,2025-06-06,2025-06-02,Completed,High
TSK-086-03,EMP086,2025-01-28,2025-02-11,,In Progress,Medium
TSK-086-04,EMP086,2025-01-23,2025-01-27,2025-02-01,Completed,Medium
TSK-086-05,EMP086,2025-01-31,2025-02-06,,In Progress,Low
TSK-086-06,EMP086,2025-12-13,2025-12-20,2025-12-23,Completed,Low
TSK-086-07,EMP086,2025-06-30,2025-07-07,2025-07-03,Completed,Medium
TSK-086-08,EMP086,2025-09-05,2025-09-16,2025-09-19,Completed,High
TSK-086-09,EMP086,2025-10-11,2025-10-15,,Not Started,High
TSK-086-10,EMP086,2025-06-01,2025-06-07,2025-06-03,Completed,High
TSK-087-01,EMP087,2025-03-28,2025-04-09,2025-04-12,Completed,Medium
TSK-087-02,EMP087,2025-12-07,2025-12-18,2025-12-24,Completed,Medium
TSK-087-03,EMP087,2025-07-07,2025-07-12,,In Progress,High
TSK-087-04,EMP087,2025-04-28,2025-05-04,2025-05-01,Completed,Medium
TSK-087-05,EMP087,2025-03-05,2025-03-14,2025-03-14,Completed,Medium
TSK-087-06,EMP087,2025-04-01,2025-04-15,2025-04-14,Completed,Low
TSK-087-07,EMP087,2025-04-15,2025-04-21,2025-04-22,Completed,Low
TSK-087-08,EMP087,2025-01-14,2025-01-27,2025-01-29,Completed,Medium
TSK-087-09,EMP087,2025-01-26,2025-02-02,2025-02-03,Completed,High
TSK-087-10,EMP087,2025-10-24,2025-11-04,,In Progress,High
TSK-088-01,EMP088,2025-05-28,2025-06-06,2025-06-10,Completed,Low
TSK-088-02,EMP088,2025-03-11,2025-03-16,,In Progress,Medium
TSK-088-03,EMP088,2025-03-31,2025-04-12,2025-04-15,Completed,Medium
TSK-088-04,EMP088,2025-06-23,2025-06-27,2025-06-30,Completed,Low
TSK-088-05,EMP088,2025-02-25,2025-03-09,,In Progress,Medium
TSK-088-06,EMP088,2025-02-09,2025-02-14,2025-02-10,Completed,Medium
TSK-088-07,EMP088,2025-08-13,2025-08-23,2025-08-27,Completed,High
TSK-088-08,EMP088,2025-05-26,2025-06-07,,In Progress,Low
TSK-088-09,EMP088,2025-01-21,2025-01-28,2025-01-28,Completed,High
TSK-088-10,EMP088,2025-01-09,2025-01-14,2025-01-20,Completed,Medium
TSK-089-01,EMP089,2025-02-26,2025-03-09,2025-03-09,Completed,High
TSK-089-02,EMP089,2025-11-02,2025-11-07,2025-11-09,Completed,Medium
TSK-089-03,EMP089,2025-03-06,2025-03-18,2025-03-20,Completed,Medium
TSK-089-04,EMP089,2025-04-26,2025-05-06,2025-05-08,Completed,Medium
TSK-089-05,EMP089,2025-04-17,2025-04-21,2025-04-26,Completed,High
TSK-089-06,EMP089,2025-01-15,2025-01-27,,Not Started,Low
TSK-089-07,EMP089,2025-01-18,2025-01-25,2025-01-26,Completed,Medium
TSK-089-08,EMP089,2025-03-21,2025-03-29,2025-04-02,Completed,Medium
TSK-089-09,EMP089,2025-04-22,2025-04-28,2025-04-29,Completed,High
TSK-089-10,EMP089,2025-05-21,2025-06-04,2025-06-10,Completed,High
TSK-090-01,EMP090,2025-07-12,2025-07-18,2025-07-22,Completed,Medium
TSK-090-02,EMP090,2025-05-16,2025-05-25,2025-05-22,Completed,Low
TSK-090-03,EMP090,2025-01-05,2025-01-14,2025-01-15,Completed,High
TSK-090-04,EMP090,2025-11-30,2025-12-10,2025-12-06,Completed,Medium
TSK-090-05,EMP090,2025-04-23,2025-05-02,2025-04-30,Completed,Low
TSK-090-06,EMP090,2025-02-24,2025-03-05,,Not Started,High
TSK-090-07,EMP090,2025-02-15,2025-02-18,2025-02-22,Completed,Low
TSK-090-08,EMP090,2025-06-05,2025-06-18,2025-06-23,Completed,High
TSK-090-09,EMP090,2025-01-19,2025-01-22,2025-01-19,Completed,Medium
TSK-090-10,EMP090,2025-02-20,2025-03-06,2025-03-11,Completed,Medium
TSK-091-01,EMP091,2025-03-10,2025-03-22,2025-03-28,Completed,Low
TSK-091-02,EMP091,2025-06-12,2025-06-25,2025-06-25,Completed,High
TSK-091-03,EMP091,2025-03-12,2025-03-25,2025-03-27,Completed,Low
TSK-091-04,EMP091,2025-10-16,2025-10-20,2025-10-26,Completed,Low
TSK-091-05,EMP091,2025-08-31,2025-09-11,2025-09-08,Completed,Medium
TSK-091-06,EMP091,2025-02-25,2025-03-02,2025-02-27,Completed,Medium
TSK-091-07,EMP091,2025-10-25,2025-11-07,2025-11-06,Completed,High
TSK-091-08,EMP091,2025-08-21,2025-08-31,2025-09-03,Completed,Low
TSK-091-09,EMP091,2025-08-19,2025-08-25,2025-08-22,Completed,Low
TSK-091-10,EMP091,2025-03-14,2025-03-18,2025-03-18,Completed,Low
TSK-092-01,EMP092,2025-02-07,2025-02-10,2025-02-13,Completed,Medium
TSK-092-02,EMP092,2025-09-18,2025-09-30,2025-10-02,Completed,High
TSK-092-03,EMP092,2025-02-28,2025-03-05,2025-03-04,Completed,Medium
TSK-092-04,EMP092,2025-08-23,2025-09-02,2025-08-31,Completed,Medium
TSK-092-05,EMP092,2025-06-04,2025-06-14,2025-06-14,Completed,Low
TSK-092-06,EMP092,2025-12-14,2025-12-18,2025-12-19,Completed,Medium
TSK-092-07,EMP092,2025-07-21,2025-08-03,2025-08-04,Completed,Low
TSK-092-08,EMP092,2025-04-25,2025-04-28,2025-05-02,Completed,High
TSK-092-09,EMP092,2025-01-19,2025-02-01,2025-01-31,Completed,Medium
TSK-092-10,EMP092,2025-04-30,2025-05-14,2025-05-14,Completed,Low
TSK-093-01,EMP093,2025-02-19,2025-02-26,2025-03-04,Completed,Medium
TSK-093-02,EMP093,2025-10-25,2025-10-31,2025-10-28,Completed,High
TSK-093-03,EMP093,2025-11-14,2025-11-18,2025-11-22,Completed,Low
TSK-093-04,EMP093,2025-02-24,2025-03-05,,Not Started,Low
TSK-093-05,EMP093,2025-11-22,2025-11-30,2025-12-04,Completed,Medium
TSK-093-06,EMP093,2025-04-06,2025-04-20,2025-04-20,Completed,High
TSK-093-07,EMP093,2025-06-22,2025-06-28,2025-06-24,Completed,Low
TSK-093-08,EMP093,2025-06-16,2025-06-21,2025-06-18,Completed,High
TSK-093-09,EMP093,2025-08-03,2025-08-06,2025-08-11,Completed,Low
TSK-093-10,EMP093,2025-07-17,2025-07-26,2025-07-24,Completed,Medium
TSK-094-01,EMP094,2025-09-16,2025-09-21,2025-09-21,Completed,Low
TSK-094-02,EMP094,2025-10-06,2025-10-13,2025-10-14,Completed,Low
TSK-094-03,EMP094,2025-04-28,2025-05-08,,Not Started,Low
TSK-094-04,EMP094,2025-12-08,2025-12-13,2025-12-13,Completed,Low
TSK-094-05,EMP094,2025-12-07,2025-12-15,2025-12-15,Completed,High
TSK-094-06,EMP094,2025-02-14,2025-02-26,2025-03-03,Completed,Medium
TSK-094-07,EMP094,2025-07-31,2025-08-08,2025-08-13,Completed,Low
TSK-094-08,EMP094,2025-03-03,2025-03-17,,In Progress,Medium
TSK-094-09,EMP094,2025-10-26,2025-11-07,,In Progress,Medium
TSK-094-10,EMP094,2025-10-01,2025-10-15,2025-10-17,Completed,Medium
TSK-095-01,EMP095,2025-01-26,2025-02-03,2025-02-05,Completed,Low
TSK-095-02,EMP095,2025-10-01,2025-10-06,,Not Started,Medium
TSK-095-03,EMP095,2025-11-30,2025-12-04,,Not Started,Medium
TSK-095-04,EMP095,2025-09-05,2025-09-10,,In Progress,Low
TSK-095-05,EMP095,2025-03-05,2025-03-17,,Not Started,Medium
TSK-095-06,EMP095,2025-01-03,2025-01-09,2025-01-07,Completed,Medium
TSK-095-07,EMP095,2025-05-11,2025-05-23,2025-05-20,Completed,Medium
TSK-095-08,EMP095,2025-01-19,2025-02-01,2025-02-07,Completed,Low
TSK-095-09,EMP095,2025-04-23,2025-04-27,2025-04-28,Completed,Low
TSK-095-10,EMP095,2025-01-03,2025-01-08,2025-01-13,Completed,Low
TSK-096-01,EMP096,2025-02-03,2025-02-14,,In Progress,High
TSK-096-02,EMP096,2025-12-07,2025-12-12,2025-12-11,Completed,High
TSK-096-03,EMP096,2025-11-15,2025-11-20,2025-11-23,Completed,High
TSK-096-04,EMP096,2025-05-12,2025-05-21,2025-05-20,Completed,Low
TSK-096-05,EMP096,2025-01-08,2025-01-11,2025-01-09,Completed,Low
TSK-096-06,EMP096,2025-08-19,2025-09-02,,In Progress,Medium
TSK-096-07,EMP096,2025-07-15,2025-07-20,2025-07-24,Completed,Medium
TSK-096-08,EMP096,2025-06-01,2025-06-04,2025-06-04,Completed,High
TSK-096-09,EMP096,2025-08-23,2025-09-03,2025-09-09,Completed,Medium
TSK-096-10,EMP096,2025-03-01,2025-03-12,2025-03-14,Completed,High
TSK-097-01,EMP097,2025-10-17,2025-10-23,2025-10-21,Completed,Low
TSK-097-02,EMP097,2025-04-12,2025-04-26,,In Progress,Medium
TSK-097-03,EMP097,2025-10-25,2025-11-02,,In Progress,Medium
TSK-097-04,EMP097,2025-05-12,2025-05-19,2025-05-21,Completed,High
TSK-097-05,EMP097,2025-09-23,2025-10-01,2025-09-29,Completed,Low
TSK-097-06,EMP097,2025-01-08,2025-01-13,2025-01-12,Completed,Medium
TSK-097-07,EMP097,2025-03-03,2025-03-08,2025-03-13,Completed,Low
TSK-097-08,EMP097,2025-04-07,2025-04-12,2025-04-17,Completed,Medium
TSK-097-09,EMP097,2025-04-18,2025-04-23,2025-04-22,Completed,High
TSK-097-10,EMP097,2025-12-08,2025-12-15,2025-12-12,Completed,Medium
TSK-098-01,EMP098,2025-02-28,2025-03-11,2025-03-13,Completed,High
TSK-098-02,EMP098,2025-11-22,2025-11-29,2025-12-04,Completed,Medium
TSK-098-03,EMP098,2025-03-04,2025-03-12,2025-03-18,Completed,High
TSK-098-04,EMP098,2025-11-30,2025-12-09,2025-12-08,Completed,Low
TSK-098-05,EMP098,2025-01-21,2025-01-31,,Not Started,High
TSK-098-06,EMP098,2025-01-14,2025-01-26,2025-01-22,Completed,High
TSK-098-07,EMP098,2025-10-07,2025-10-15,2025-10-13,Completed,Low
TSK-098-08,EMP098,2025-10-30,2025-11-06,2025-11-10,Completed,High
TSK-098-09,EMP098,2025-05-12,2025-05-15,2025-05-12,Completed,High
TSK-098-10,EMP098,2025-05-06,2025-05-14,2025-05-10,Completed,High
TSK-099-01,EMP099,2025-02-24,2025-03-05,2025-03-09,Completed,Low
TSK-099-02,EMP099,2025-07-13,2025-07-19,2025-07-23,Completed,Medium
TSK-099-03,EMP099,2025-02-14,2025-02-17,2025-02-18,Completed,Medium
TSK-099-04,EMP099,2025-06-05,2025-06-18,2025-06-19,Completed,High
TSK-099-05,EMP099,2025-01-29,2025-02-06,2025-02-06,Completed,Medium
TSK-099-06,EMP099,2025-11-06,2025-11-16,2025-11-19,Completed,Low
TSK-099-07,EMP099,2025-04-01,2025-04-04,2025-04-04,Completed,Medium
TSK-099-08,EMP099,2025-08-23,2025-09-06,2025-09-12,Completed,High
TSK-099-09,EMP099,2025-07-25,2025-07-30,,In Progress,High
TSK-099-10,EMP099,2025-07-11,2025-07-17,2025-07-14,Completed,Medium
TSK-100-01,EMP100,2025-11-23,2025-12-04,2025-12-06,Completed,Low
TSK-100-02,EMP100,2025-03-17,2025-03-25,2025-03-21,Completed,Medium
TSK-100-03,EMP100,2025-02-05,2025-02-08,2025-02-14,Completed,Low
TSK-100-04,EMP100,2025-06-21,2025-06-30,2025-06-29,Completed,Low
TSK-100-05,EMP100,2025-09-15,2025-09-21,2025-09-21,Completed,Low
TSK-100-06,EMP100,2025-02-13,2025-02-24,2025-02-25,Completed,Medium
TSK-100-07,EMP100,2025-07-27,2025-08-06,2025-08-06,Completed,Low
TSK-100-08,EMP100,2025-11-01,2025-11-12,,Not Started,Low
TSK-100-09,EMP100,2025-03-06,2025-03-14,2025-03-20,Completed,Medium
TSK-100-10,EMP100,2025-07-17,2025-07-28,2025-08-01,Completed,Medium
TSK-101-01,EMP101,2025-08-07,2025-08-18,2025-08-18,Completed,Low
TSK-101-02,EMP101,2025-11-22,2025-12-01,2025-12-06,Completed,Low
TSK-101-03,EMP101,2025-07-15,2025-07-19,2025-07-16,Completed,Low
TSK-101-04,EMP101,2025-11-15,2025-11-22,2025-11-24,Completed,Low
TSK-101-05,EMP101,2025-02-07,2025-02-10,2025-02-13,Completed,Low
TSK-101-06,EMP101,2025-01-25,2025-01-30,2025-01-28,Completed,Medium
TSK-101-07,EMP101,2025-08-23,2025-08-26,2025-08-29,Completed,High
TSK-101-08,EMP101,2025-02-11,2025-02-22,2025-02-26,Completed,High
TSK-101-09,EMP101,2025-09-20,2025-09-23,,Not Started,Low
TSK-101-10,EMP101,2025-08-04,2025-08-15,2025-08-14,Completed,Low
TSK-102-01,EMP102,2025-12-02,2025-12-15,2025-12-13,Completed,Low
TSK-102-02,EMP102,2025-08-27,2025-09-09,2025-09-15,Completed,High
TSK-102-03,EMP102,2025-04-18,2025-04-23,2025-04-25,Completed,High
TSK-102-04,EMP102,2025-01-31,2025-02-06,2025-02-04,Completed,Medium
TSK-102-05,EMP102,2025-05-11,2025-05-20,2025-05-25,Completed,Low
TSK-102-06,EMP102,2025-03-20,2025-03-24,2025-03-26,Completed,High
TSK-102-07,EMP102,2025-09-03,2025-09-12,2025-09-17,Completed,Low
TSK-102-08,EMP102,2025-03-21,2025-03-27,2025-04-01,Completed,Medium
TSK-102-09,EMP102,2025-04-14,2025-04-28,2025-04-28,Completed,High
TSK-102-10,EMP102,2025-03-31,2025-04-06,2025-04-02,Completed,High
TSK-103-01,EMP103,2025-07-29,2025-08-02,2025-08-02,Completed,Medium
TSK-103-02,EMP103,2025-01-08,2025-01-16,,In Progress,Low
TSK-103-03,EMP103,2025-10-10,2025-10-21,2025-10-25,Completed,Low
TSK-103-04,EMP103,2025-09-08,2025-09-13,,Not Started,High
TSK-103-05,EMP103,2025-12-09,2025-12-19,2025-12-18,Completed,Low
TSK-103-06,EMP103,2025-11-01,2025-11-05,2025-11-10,Completed,Medium
TSK-103-07,EMP103,2025-03-26,2025-04-01,,Not Started,High
TSK-103-08,EMP103,2025-01-27,2025-02-09,2025-02-15,Completed,High
TSK-103-09,EMP103,2025-06-12,2025-06-16,,In Progress,Medium
TSK-103-10,EMP103,2025-01-15,2025-01-19,,In Progress,Medium
TSK-104-01,EMP104,2025-12-02,2025-12-07,2025-12-04,Completed,High
TSK-104-02,EMP104,2025-01-17,2025-01-29,2025-01-26,Completed,High
TSK-104-03,EMP104,2025-05-30,2025-06-09,2025-06-08,Completed,High
TSK-104-04,EMP104,2025-01-15,2025-01-23,2025-01-19,Completed,Low
TSK-104-05,EMP104,2025-06-18,2025-07-01,2025-07-02,Completed,Low
TSK-104-06,EMP104,2025-11-13,2025-11-19,2025-11-22,Completed,High
TSK-104-07,EMP104,2025-02-05,2025-02-16,,In Progress,Low
TSK-104-08,EMP104,2025-10-28,2025-11-03,2025-10-31,Completed,Medium
TSK-104-09,EMP104,2025-05-19,2025-06-01,2025-05-28,Completed,High
TSK-104-10,EMP104,2025-09-30,2025-10-12,2025-10-08,Completed,High
TSK-105-01,EMP105,2025-02-26,2025-03-11,,Not Started,High
TSK-105-02,EMP105,2025-01-05,2025-01-16,2025-01-15,Completed,High
TSK-105-03,EMP105,2025-07-19,2025-07-26,2025-07-28,Completed,Low
TSK-105-04,EMP105,2025-04-08,2025-04-18,,In Progress,Low
TSK-105-05,EMP105,2025-03-29,2025-04-11,2025-04-14,Completed,Low
TSK-105-06,EMP105,2025-07-13,2025-07-17,2025-07-19,Completed,High
TSK-105-07,EMP105,2025-03-06,2025-03-09,2025-03-12,Completed,Low
TSK-105-08,EMP105,2025-04-12,2025-04-19,2025-04-19,Completed,Medium
TSK-105-09,EMP105,2025-12-07,2025-12-14,2025-12-12,Completed,Medium
TSK-105-10,EMP105,2025-10-18,2025-10-24,2025-10-22,Completed,Medium
TSK-106-01,EMP106,2025-05-11,2025-05-17,2025-05-15,Completed,Low
TSK-106-02,EMP106,2025-10-15,2025-10-26,2025-10-23,Completed,High
TSK-106-03,EMP106,2025-12-08,2025-12-17,,In Progress,Low
TSK-106-04,EMP106,2025-11-11,2025-11-22,2025-11-28,Completed,Low
TSK-106-05,EMP106,2025-09-06,2025-09-20,2025-09-25,Completed,Low
TSK-106-06,EMP106,2025-02-07,2025-02-10,2025-02-09,Completed,Medium
TSK-106-07,EMP106,2025-04-27,2025-05-04,2025-05-08,Completed,High
TSK-106-08,EMP106,2025-01-16,2025-01-19,2025-01-21,Completed,Low
TSK-106-09,EMP106,2025-02-20,2025-03-06,2025-03-08,Completed,Low
TSK-106-10,EMP106,2025-09-08,2025-09-19,,In Progress,Low
TSK-107-01,EMP107,2025-11-01,2025-11-09,,In Progress,Medium
TSK-107-02,EMP107,2025-08-23,2025-09-05,2025-09-05,Completed,Medium
TSK-107-03,EMP107,2025-05-29,2025-06-12,2025-06-17,Completed,High
TSK-107-04,EMP107,2025-10-06,2025-10-11,2025-10-07,Completed,Medium
TSK-107-05,EMP107,2025-07-12,2025-07-23,2025-07-21,Completed,High
TSK-107-06,EMP107,2025-02-19,2025-03-03,2025-02-27,Completed,Low
TSK-107-07,EMP107,2025-02-21,2025-02-28,2025-03-06,Completed,Medium
TSK-107-08,EMP107,2025-02-27,2025-03-07,2025-03-09,Completed,High
TSK-107-09,EMP107,2025-12-17,2025-12-20,2025-12-22,Completed,High
TSK-107-10,EMP107,2025-06-17,2025-06-27,2025-06-24,Completed,Low
TSK-108-01,EMP108,2025-11-29,2025-12-02,2025-12-03,Completed,High
TSK-108-02,EMP108,2025-03-21,2025-03-28,2025-03-26,Completed,High
TSK-108-03,EMP108,2025-08-30,2025-09-10,,Not Started,High
TSK-108-04,EMP108,2025-02-09,2025-02-13,2025-02-18,Completed,Low
TSK-108-05,EMP108,2025-06-09,2025-06-23,2025-06-29,Completed,High
TSK-108-06,EMP108,2025-10-16,2025-10-26,,Not Started,Low
TSK-108-07,EMP108,2025-03-22,2025-03-27,2025-03-26,Completed,High
TSK-108-08,EMP108,2025-05-07,2025-05-13,2025-05-12,Completed,High
TSK-108-09,EMP108,2025-02-23,2025-02-28,2025-03-04,Completed,High
TSK-108-10,EMP108,2025-04-20,2025-05-02,2025-04-30,Completed,High
TSK-109-01,EMP109,2025-01-20,2025-01-30,2025-02-03,Completed,High
TSK-109-02,EMP109,2025-06-22,2025-07-04,2025-07-09,Completed,Low
TSK-109-03,EMP109,2025-11-17,2025-12-01,2025-12-01,Completed,Medium
TSK-109-04,EMP109,2025-05-16,2025-05-30,2025-06-04,Completed,Low
TSK-109-05,EMP109,2025-06-29,2025-07-10,2025-07-07,Completed,High
TSK-109-06,EMP109,2025-10-26,2025-11-06,2025-11-06,Completed,Medium
TSK-109-07,EMP109,2025-02-20,2025-02-28,2025-02-28,Completed,High
TSK-109-08,EMP109,2025-04-09,2025-04-18,,Not Started,Low
TSK-109-09,EMP109,2025-02-08,2025-02-21,2025-02-23,Completed,Medium
TSK-109-10,EMP109,2025-02-11,2025-02-19,2025-02-15,Completed,High
TSK-110-01,EMP110,2025-10-16,2025-10-29,2025-10-25,Completed,Medium
TSK-110-02,EMP110,2025-07-19,2025-07-24,2025-07-30,Completed,High
TSK-110-03,EMP110,2025-01-11,2025-01-25,2025-01-30,Completed,Medium
TSK-110-04,EMP110,2025-10-20,2025-10-28,,In Progress,High
TSK-110-05,EMP110,2025-04-08,2025-04-18,,Not Started,Low
TSK-110-06,EMP110,2025-08-17,2025-08-27,,In Progress,High
TSK-110-07,EMP110,2025-04-17,2025-04-20,2025-04-22,Completed,Medium
TSK-110-08,EMP110,2025-11-15,2025-11-20,,In Progress,Low
TSK-110-09,EMP110,2025-03-03,2025-03-16,2025-03-12,Completed,Medium
TSK-110-10,EMP110,2025-11-24,2025-11-28,,In Progress,High
TSK-111-01,EMP111,2025-01-06,2025-01-14,,Not Started,Low
TSK-111-02,EMP111,2025-10-08,2025-10-19,2025-10-22,Completed,Low
TSK-111-03,EMP111,2025-03-22,2025-04-02,2025-04-02,Completed,High
TSK-111-04,EMP111,2025-02-03,2025-02-15,2025-02-20,Completed,High
TSK-111-05,EMP111,2025-01-26,2025-01-31,2025-01-27,Completed,Low
TSK-111-06,EMP111,2025-05-12,2025-05-21,2025-05-25,Completed,Low
TSK-111-07,EMP111,2025-05-16,2025-05-25,2025-05-29,Completed,High
TSK-111-08,EMP111,2025-04-09,2025-04-18,2025-04-21,Completed,High
TSK-111-09,EMP111,2025-07-10,2025-07-23,,Not Started,High
TSK-111-10,EMP111,2025-02-10,2025-02-15,2025-02-12,Completed,High
TSK-112-01,EMP112,2025-10-09,2025-10-14,,Not Started,High
TSK-112-02,EMP112,2025-05-01,2025-05-05,2025-05-01,Completed,Medium
TSK-112-03,EMP112,2025-10-26,2025-10-31,2025-11-02,Completed,High
TSK-112-04,EMP112,2025-10-12,2025-10-15,,In Progress,High
TSK-112-05,EMP112,2025-11-24,2025-11-28,2025-12-03,Completed,Medium
TSK-112-06,EMP112,2025-10-25,2025-11-02,2025-11-01,Completed,High
TSK-112-07,EMP112,2025-09-21,2025-09-27,2025-09-27,Completed,Medium
TSK-112-08,EMP112,2025-11-02,2025-11-13,2025-11-16,Completed,Medium
TSK-112-09,EMP112,2025-06-10,2025-06-15,,Not Started,Low
TSK-112-10,EMP112,2025-11-11,2025-11-19,2025-11-20,Completed,Low
TSK-113-01,EMP113,2025-02-11,2025-02-17,,In Progress,Low
TSK-113-02,EMP113,2025-01-23,2025-01-30,2025-01-29,Completed,High
TSK-113-03,EMP113,2025-11-23,2025-11-29,2025-11-29,Completed,High
TSK-113-04,EMP113,2025-10-06,2025-10-09,2025-10-11,Completed,Medium
TSK-113-05,EMP113,2025-04-26,2025-04-30,2025-04-29,Completed,Low
TSK-113-06,EMP113,2025-11-26,2025-12-01,2025-12-07,Completed,High
TSK-113-07,EMP113,2025-05-12,2025-05-16,2025-05-18,Completed,Low
TSK-113-08,EMP113,2025-03-30,2025-04-12,,Not Started,Medium
TSK-113-09,EMP113,2025-02-22,2025-02-26,2025-03-01,Completed,Low
TSK-113-10,EMP113,2025-02-06,2025-02-17,2025-02-15,Completed,Medium
TSK-114-01,EMP114,2025-02-08,2025-02-18,2025-02-14,Completed,Medium
TSK-114-02,EMP114,2025-05-15,2025-05-18,2025-05-20,Completed,High
TSK-114-03,EMP114,2025-08-07,2025-08-14,2025-08-17,Completed,High
TSK-114-04,EMP114,2025-06-26,2025-06-30,,In Progress,Low
TSK-114-05,EMP114,2025-03-17,2025-03-21,2025-03-19,Completed,Low
TSK-114-06,EMP114,2025-03-19,2025-03-24,2025-03-28,Completed,Medium
TSK-114-07,EMP114,2025-10-30,2025-11-09,2025-11-15,Completed,Medium
TSK-114-08,EMP114,2025-01-22,2025-01-26,2025-01-30,Completed,Medium
TSK-114-09,EMP114,2025-06-23,2025-07-02,2025-07-06,Completed,High
TSK-114-10,EMP114,2025-06-03,2025-06-06,2025-06-08,Completed,Medium
TSK-115-01,EMP115,2025-12-01,2025-12-11,2025-12-16,Completed,Low
TSK-115-02,EMP115,2025-10-18,2025-10-24,2025-10-23,Completed,High
TSK-115-03,EMP115,2025-12-16,2025-12-29,2026-01-02,Completed,Low
TSK-115-04,EMP115,2025-07-27,2025-08-05,2025-08-04,Completed,Low
TSK-115-05,EMP115,2025-05-01,2025-05-10,2025-05-16,Completed,Medium
TSK-115-06,EMP115,2025-08-16,2025-08-21,2025-08-17,Completed,Low
TSK-115-07,EMP115,2025-04-09,2025-04-17,2025-04-23,Completed,High
TSK-115-08,EMP115,2025-03-03,2025-03-11,2025-03-12,Completed,Medium
TSK-115-09,EMP115,2025-07-31,2025-08-06,2025-08-02,Completed,Medium
TSK-115-10,EMP115,2025-04-23,2025-05-04,2025-05-06,Completed,High
TSK-116-01,EMP116,2025-10-23,2025-11-04,2025-10-31,Completed,Medium
TSK-116-02,EMP116,2025-09-19,2025-10-02,2025-10-04,Completed,Medium
TSK-116-03,EMP116,2025-04-02,2025-04-09,2025-04-12,Completed,Low
TSK-116-04,EMP116,2025-02-21,2025-02-25,2025-03-02,Completed,Medium
TSK-116-05,EMP116,2025-04-12,2025-04-26,2025-04-23,Completed,High
TSK-116-06,EMP116,2025-03-23,2025-04-03,2025-04-05,Completed,High
TSK-116-07,EMP116,2025-08-08,2025-08-20,2025-08-23,Completed,Medium
TSK-116-08,EMP116,2025-05-05,2025-05-12,2025-05-09,Completed,High
TSK-116-09,EMP116,2025-07-22,2025-07-29,2025-07-26,Completed,High
TSK-116-10,EMP116,2025-02-01,2025-02-05,2025-02-09,Completed,Low
TSK-117-01,EMP117,2025-03-15,2025-03-29,,In Progress,High
TSK-117-02,EMP117,2025-11-01,2025-11-07,2025-11-04,Completed,High
TSK-117-03,EMP117,2025-05-23,2025-05-26,2025-05-23,Completed,Medium
TSK-117-04,EMP117,2025-08-22,2025-08-25,2025-08-26,Completed,Low
TSK-117-05,EMP117,2025-03-07,2025-03-12,2025-03-15,Completed,High
TSK-117-06,EMP117,2025-01-19,2025-01-31,2025-01-27,Completed,Medium
TSK-117-07,EMP117,2025-03-25,2025-03-28,2025-03-30,Completed,Medium
TSK-117-08,EMP117,2025-04-11,2025-04-14,2025-04-14,Completed,Low
TSK-117-09,EMP117,2025-06-13,2025-06-24,,In Progress,High
TSK-117-10,EMP117,2025-12-10,2025-12-16,2025-12-22,Completed,Low
TSK-118-01,EMP118,2025-10-20,2025-10-28,2025-10-25,Completed,High
TSK-118-02,EMP118,2025-04-30,2025-05-05,2025-05-11,Completed,Low
TSK-118-03,EMP118,2025-09-12,2025-09-20,2025-09-23,Completed,High
TSK-118-04,EMP118,2025-11-13,2025-11-25,2025-11-26,Completed,Medium
TSK-118-05,EMP118,2025-11-15,2025-11-29,,Not Started,Medium
TSK-118-06,EMP118,2025-02-22,2025-03-06,2025-03-11,Completed,Low
TSK-118-07,EMP118,2025-12-17,2025-12-23,2025-12-27,Completed,Low
TSK-118-08,EMP118,2025-10-03,2025-10-07,2025-10-08,Completed,High
TSK-118-09,EMP118,2025-08-26,2025-09-04,2025-09-07,Completed,High
TSK-118-10,EMP118,2025-03-22,2025-03-31,,In Progress,Medium
TSK-119-01,EMP119,2025-07-07,2025-07-10,2025-07-11,Completed,Medium
TSK-119-02,EMP119,2025-03-16,2025-03-20,2025-03-21,Completed,High
TSK-119-03,EMP119,2025-03-12,2025-03-22,2025-03-27,Completed,Low
TSK-119-04,EMP119,2025-02-02,2025-02-09,2025-02-05,Completed,Low
TSK-119-05,EMP119,2025-05-20,2025-05-31,2025-05-28,Completed,Medium
TSK-119-06,EMP119,2025-04-03,2025-04-11,,Not Started,Medium
TSK-119-07,EMP119,2025-11-26,2025-12-05,,In Progress,Medium
TSK-119-08,EMP119,2025-11-10,2025-11-22,2025-11-23,Completed,Low
TSK-119-09,EMP119,2025-12-09,2025-12-12,,In Progress,High
TSK-119-10,EMP119,2025-04-20,2025-04-29,2025-05-01,Completed,Low
TSK-120-01,EMP120,2025-07-12,2025-07-19,2025-07-17,Completed,Low
TSK-120-02,EMP120,2025-11-14,2025-11-19,2025-11-20,Completed,Medium
TSK-120-03,EMP120,2025-02-04,2025-02-13,,Not Started,High
TSK-120-04,EMP120,2025-11-18,2025-11-28,2025-11-28,Completed,High
TSK-120-05,EMP120,2025-10-10,2025-10-21,2025-10-23,Completed,Low
TSK-120-06,EMP120,2025-02-18,2025-02-23,2025-02-22,Completed,High
TSK-120-07,EMP120,2025-10-24,2025-10-30,,Not Started,Low
TSK-120-08,EMP120,2025-06-20,2025-06-24,2025-06-24,Completed,High
TSK-120-09,EMP120,2025-03-24,2025-04-04,,Not Started,High
TSK-120-10,EMP120,2025-01-02,2025-01-05,2025-01-04,Completed,Low
TSK-121-01,EMP121,2025-10-04,2025-10-17,,Not Started,Low
TSK-121-02,EMP121,2025-11-07,2025-11-18,2025-11-24,Completed,Medium
TSK-121-03,EMP121,2025-10-16,2025-10-25,2025-10-31,Completed,Medium
TSK-121-04,EMP121,2025-07-25,2025-08-01,2025-08-05,Completed,Low
TSK-121-05,EMP121,2025-04-03,2025-04-11,2025-04-13,Completed,Low
TSK-121-06,EMP121,2025-01-11,2025-01-23,,In Progress,High
TSK-121-07,EMP121,2025-11-01,2025-11-04,,Not Started,High
TSK-121-08,EMP121,2025-10-18,2025-10-28,2025-10-25,Completed,Low
TSK-121-09,EMP121,2025-03-10,2025-03-24,2025-03-21,Completed,High
TSK-121-10,EMP121,2025-04-20,2025-04-30,2025-05-06,Completed,Medium
TSK-122-01,EMP122,2025-06-01,2025-06-09,2025-06-07,Completed,Low
TSK-122-02,EMP122,2025-01-12,2025-01-25,2025-01-21,Completed,Low
TSK-122-03,EMP122,2025-05-14,2025-05-25,2025-05-22,Completed,Low
TSK-122-04,EMP122,2025-07-11,2025-07-25,2025-07-24,Completed,Low
TSK-122-05,EMP122,2025-10-23,2025-10-27,2025-10-29,Completed,High
TSK-122-06,EMP122,2025-04-27,2025-05-02,2025-05-08,Completed,High
TSK-122-07,EMP122,2025-12-07,2025-12-10,,Not Started,High
TSK-122-08,EMP122,2025-04-07,2025-04-14,2025-04-10,Completed,Medium
TSK-122-09,EMP122,2025-09-15,2025-09-24,2025-09-21,Completed,Low
TSK-122-10,EMP122,2025-07-29,2025-08-11,2025-08-15,Completed,Low
TSK-123-01,EMP123,2025-03-19,2025-03-22,,In Progress,Medium
TSK-123-02,EMP123,2025-07-30,2025-08-10,2025-08-16,Completed,Medium
TSK-123-03,EMP123,2025-11-22,2025-11-30,2025-11-27,Completed,Medium
TSK-123-04,EMP123,2025-10-29,2025-11-08,2025-11-04,Completed,High
TSK-123-05,EMP123,2025-06-29,2025-07-09,,In Progress,Medium
TSK-123-06,EMP123,2025-01-04,2025-01-15,2025-01-20,Completed,High
TSK-123-07,EMP123,2025-07-19,2025-07-25,2025-07-23,Completed,Medium
TSK-123-08,EMP123,2025-03-26,2025-04-07,,In Progress,High
TSK-123-09,EMP123,2025-02-24,2025-03-01,2025-03-06,Completed,Low
TSK-123-10,EMP123,2025-01-10,2025-01-13,2025-01-14,Completed,Low
TSK-124-01,EMP124,2025-07-15,2025-07-29,2025-07-27,Completed,High
TSK-124-02,EMP124,2025-02-19,2025-03-04,,Not Started,Low
TSK-124-03,EMP124,2025-05-18,2025-06-01,2025-06-04,Completed,Medium
TSK-124-04,EMP124,2025-06-02,2025-06-08,,Not Started,High
TSK-124-05,EMP124,2025-01-26,2025-01-29,2025-01-27,Completed,Medium
TSK-124-06,EMP124,2025-07-21,2025-08-02,2025-08-03,Completed,Low
TSK-124-07,EMP124,2025-05-21,2025-05-25,2025-05-24,Completed,Medium
TSK-124-08,EMP124,2025-02-01,2025-02-06,2025-02-05,Completed,Medium
TSK-124-09,EMP124,2025-01-07,2025-01-11,2025-01-15,Completed,High
TSK-124-10,EMP124,2025-05-20,2025-05-27,2025-05-29,Completed,Low
TSK-125-01,EMP125,2025-08-04,2025-08-17,2025-08-16,Completed,Low
TSK-125-02,EMP125,2025-04-04,2025-04-17,2025-04-20,Completed,Low
TSK-125-03,EMP125,2025-06-17,2025-06-27,2025-07-02,Completed,High
TSK-125-04,EMP125,2025-11-23,2025-11-26,2025-11-24,Completed,Low
TSK-125-05,EMP125,2025-09-05,2025-09-09,2025-09-11,Completed,High
TSK-125-06,EMP125,2025-01-31,2025-02-09,2025-02-08,Completed,Low
TSK-125-07,EMP125,2025-06-02,2025-06-15,,Not Started,Low
TSK-125-08,EMP125,2025-01-14,2025-01-17,2025-01-20,Completed,Medium
TSK-125-09,EMP125,2025-03-09,2025-03-22,2025-03-18,Completed,Low
TSK-125-10,EMP125,2025-11-01,2025-11-11,2025-11-15,Completed,Medium
TSK-126-01,EMP126,2025-04-30,2025-05-05,2025-05-05,Completed,High
TSK-126-02,EMP126,2025-01-09,2025-01-13,2025-01-13,Completed,Medium
TSK-126-03,EMP126,2025-09-30,2025-10-11,2025-10-14,Completed,Medium
TSK-126-04,EMP126,2025-03-28,2025-04-08,2025-04-13,Completed,Medium
TSK-126-05,EMP126,2025-08-25,2025-09-07,2025-09-07,Completed,Low
TSK-126-06,EMP126,2025-09-18,2025-09-22,2025-09-27,Completed,High
TSK-126-07,EMP126,2025-09-22,2025-09-27,2025-10-02,Completed,Low
TSK-126-08,EMP126,2025-04-07,2025-04-12,2025-04-08,Completed,Low
TSK-126-09,EMP126,2025-03-15,2025-03-29,2025-03-26,Completed,Medium
TSK-126-10,EMP126,2025-01-18,2025-01-26,2025-01-27,Completed,Low
TSK-127-01,EMP127,2025-08-07,2025-08-11,2025-08-08,Completed,High
TSK-127-02,EMP127,2025-12-07,2025-12-16,,Not Started,Low
TSK-127-03,EMP127,2025-09-05,2025-09-15,,Not Started,Medium
TSK-127-04,EMP127,2025-05-28,2025-06-11,,In Progress,High
TSK-127-05,EMP127,2025-09-03,2025-09-13,,In Progress,Low
TSK-127-06,EMP127,2025-02-15,2025-02-23,2025-02-21,Completed,High
TSK-127-07,EMP127,2025-04-17,2025-05-01,2025-05-03,Completed,High
TSK-127-08,EMP127,2025-06-11,2025-06-19,,Not Started,Low
TSK-127-09,EMP127,2025-01-29,2025-02-02,2025-02-07,Completed,Low
TSK-127-10,EMP127,2025-04-29,2025-05-04,2025-05-03,Completed,Medium
TSK-128-01,EMP128,2025-09-10,2025-09-24,,Not Started,High
TSK-128-02,EMP128,2025-10-08,2025-10-21,2025-10-20,Completed,Low
TSK-128-03,EMP128,2025-04-09,2025-04-23,2025-04-22,Completed,Low
TSK-128-04,EMP128,2025-07-10,2025-07-23,,In Progress,Medium
TSK-128-05,EMP128,2025-05-31,2025-06-14,2025-06-11,Completed,Medium
TSK-128-06,EMP128,2025-01-08,2025-01-18,2025-01-16,Completed,Medium
TSK-128-07,EMP128,2025-01-21,2025-01-25,2025-01-30,Completed,High
TSK-128-08,EMP128,2025-05-02,2025-05-06,2025-05-11,Completed,Low
TSK-128-09,EMP128,2025-08-14,2025-08-23,2025-08-19,Completed,Medium
TSK-128-10,EMP128,2025-09-11,2025-09-24,2025-09-21,Completed,Low
TSK-129-01,EMP129,2025-11-21,2025-12-04,2025-12-06,Completed,Medium
TSK-129-02,EMP129,2025-02-13,2025-02-20,,Not Started,Medium
TSK-129-03,EMP129,2025-06-03,2025-06-14,2025-06-12,Completed,Medium
TSK-129-04,EMP129,2025-05-27,2025-06-04,2025-06-09,Completed,Medium
TSK-129-05,EMP129,2025-12-08,2025-12-11,2025-12-11,Completed,Medium
TSK-129-06,EMP129,2025-07-02,2025-07-12,2025-07-11,Completed,High
TSK-129-07,EMP129,2025-03-28,2025-04-09,2025-04-07,Completed,High
TSK-129-08,EMP129,2025-03-10,2025-03-19,2025-03-19,Completed,Medium
TSK-129-09,EMP129,2025-08-12,2025-08-18,2025-08-18,Completed,Medium
TSK-129-10,EMP129,2025-02-02,2025-02-10,,In Progress,Medium
TSK-130-01,EMP130,2025-05-11,2025-05-24,2025-05-29,Completed,Low
TSK-130-02,EMP130,2025-10-29,2025-11-03,2025-11-08,Completed,High
TSK-130-03,EMP130,2025-11-08,2025-11-19,2025-11-16,Completed,High
TSK-130-04,EMP130,2025-11-03,2025-11-11,2025-11-13,Completed,High
TSK-130-05,EMP130,2025-11-17,2025-12-01,2025-11-30,Completed,High
TSK-130-06,EMP130,2025-08-31,2025-09-08,2025-09-08,Completed,Medium
TSK-130-07,EMP130,2025-11-11,2025-11-23,,In Progress,High
TSK-130-08,EMP130,2025-06-16,2025-06-29,,In Progress,Medium
TSK-130-09,EMP130,2025-02-06,2025-02-11,2025-02-07,Completed,High
TSK-130-10,EMP130,2025-12-15,2025-12-22,2025-12-27,Completed,High
TSK-131-01,EMP131,2025-04-30,2025-05-07,2025-05-03,Completed,High
TSK-131-02,EMP131,2025-09-24,2025-09-29,2025-10-05,Completed,Medium
TSK-131-03,EMP131,2025-09-27,2025-10-01,,In Progress,High
TSK-131-04,EMP131,2025-02-08,2025-02-22,,In Progress,Low
TSK-131-05,EMP131,2025-04-29,2025-05-08,2025-05-07,Completed,Medium
TSK-131-06,EMP131,2025-04-07,2025-04-21,2025-04-26,Completed,Medium
TSK-131-07,EMP131,2025-08-01,2025-08-11,2025-08-11,Completed,High
TSK-131-08,EMP131,2025-01-26,2025-01-31,2025-01-27,Completed,Medium
TSK-131-09,EMP131,2025-08-14,2025-08-28,2025-08-29,Completed,High
TSK-131-10,EMP131,2025-04-11,2025-04-20,2025-04-21,Completed,Low
TSK-132-01,EMP132,2025-02-19,2025-02-25,2025-02-28,Completed,High
TSK-132-02,EMP132,2025-11-03,2025-11-08,2025-11-07,Completed,High
TSK-132-03,EMP132,2025-03-28,2025-04-04,2025-04-02,Completed,Low
TSK-132-04,EMP132,2025-11-12,2025-11-21,2025-11-27,Completed,Low
TSK-132-05,EMP132,2025-01-27,2025-02-08,,In Progress,High
TSK-132-06,EMP132,2025-04-26,2025-04-30,2025-05-06,Completed,Medium
TSK-132-07,EMP132,2025-04-23,2025-05-02,2025-04-30,Completed,Low
TSK-132-08,EMP132,2025-07-12,2025-07-25,2025-07-22,Completed,High
TSK-132-09,EMP132,2025-04-06,2025-04-16,,In Progress,Low
TSK-132-10,EMP132,2025-04-09,2025-04-12,2025-04-15,Completed,Medium
TSK-133-01,EMP133,2025-05-07,2025-05-20,2025-05-19,Completed,Medium
TSK-133-02,EMP133,2025-09-14,2025-09-19,2025-09-23,Completed,Low
TSK-133-03,EMP133,2025-03-25,2025-04-01,2025-04-05,Completed,Medium
TSK-133-04,EMP133,2025-03-16,2025-03-25,2025-03-26,Completed,Low
TSK-133-05,EMP133,2025-06-24,2025-06-30,2025-06-27,Completed,Low
TSK-133-06,EMP133,2025-11-29,2025-12-05,2025-12-05,Completed,High
TSK-133-07,EMP133,2025-06-02,2025-06-09,2025-06-11,Completed,Medium
TSK-133-08,EMP133,2025-08-09,2025-08-21,2025-08-20,Completed,High
TSK-133-09,EMP133,2025-07-20,2025-08-03,2025-08-02,Completed,Medium
TSK-133-10,EMP133,2025-11-09,2025-11-13,2025-11-11,Completed,Medium
TSK-134-01,EMP134,2025-07-10,2025-07-23,2025-07-20,Completed,Medium
TSK-134-02,EMP134,2025-05-29,2025-06-09,,In Progress,Low
TSK-134-03,EMP134,2025-01-12,2025-01-25,2025-01-29,Completed,Medium
TSK-134-04,EMP134,2025-09-19,2025-09-23,2025-09-26,Completed,High
TSK-134-05,EMP134,2025-07-10,2025-07-23,2025-07-27,Completed,Medium
TSK-134-06,EMP134,2025-04-11,2025-04-17,2025-04-21,Completed,Medium
TSK-134-07,EMP134,2025-06-24,2025-07-05,2025-07-01,Completed,High
TSK-134-08,EMP134,2025-07-14,2025-07-21,2025-07-22,Completed,Low
TSK-134-09,EMP134,2025-03-20,2025-04-01,2025-04-07,Completed,Low
TSK-134-10,EMP134,2025-09-29,2025-10-02,2025-10-05,Completed,Medium
TSK-135-01,EMP135,2025-02-03,2025-02-11,2025-02-15,Completed,High
TSK-135-02,EMP135,2025-04-06,2025-04-15,2025-04-12,Completed,Medium
TSK-135-03,EMP135,2025-02-03,2025-02-07,,In Progress,High
TSK-135-04,EMP135,2025-10-04,2025-10-17,2025-10-16,Completed,Low
TSK-135-05,EMP135,2025-06-28,2025-07-02,,In Progress,Medium
TSK-135-06,EMP135,2025-01-10,2025-01-24,2025-01-28,Completed,Low
TSK-135-07,EMP135,2025-07-21,2025-08-01,2025-07-30,Completed,High
TSK-135-08,EMP135,2025-12-16,2025-12-29,2025-12-30,Completed,High
TSK-135-09,EMP135,2025-02-23,2025-03-03,,In Progress,High
TSK-135-10,EMP135,2025-08-12,2025-08-18,2025-08-20,Completed,Medium
TSK-136-01,EMP136,2025-02-04,2025-02-16,2025-02-17,Completed,Medium
TSK-136-02,EMP136,2025-01-16,2025-01-20,2025-01-18,Completed,Low
TSK-136-03,EMP136,2025-11-13,2025-11-19,,In Progress,High
TSK-136-04,EMP136,2025-09-05,2025-09-19,2025-09-17,Completed,Low
TSK-136-05,EMP136,2025-09-07,2025-09-21,2025-09-26,Completed,Medium
TSK-136-06,EMP136,2025-12-11,2025-12-22,2025-12-28,Completed,Low
TSK-136-07,EMP136,2025-04-13,2025-04-16,2025-04-18,Completed,Medium
TSK-136-08,EMP136,2025-10-26,2025-11-02,2025-11-07,Completed,Medium
TSK-136-09,EMP136,2025-11-07,2025-11-18,2025-11-22,Completed,Low
TSK-136-10,EMP136,2025-05-23,2025-05-28,2025-06-01,Completed,Medium
TSK-137-01,EMP137,2025-10-16,2025-10-29,,In Progress,High
TSK-137-02,EMP137,2025-10-26,2025-11-09,2025-11-13,Completed,Medium
TSK-137-03,EMP137,2025-01-28,2025-02-10,2025-02-09,Completed,High
TSK-137-04,EMP137,2025-11-22,2025-11-27,2025-12-03,Completed,High
TSK-137-05,EMP137,2025-08-05,2025-08-14,2025-08-13,Completed,High
TSK-137-06,EMP137,2025-08-12,2025-08-16,,In Progress,High
TSK-137-07,EMP137,2025-04-17,2025-04-29,2025-04-26,Completed,Low
TSK-137-08,EMP137,2025-09-10,2025-09-19,2025-09-15,Completed,High
TSK-137-09,EMP137,2025-02-21,2025-03-06,,In Progress,High
TSK-137-10,EMP137,2025-02-10,2025-02-15,2025-02-17,Completed,High
TSK-138-01,EMP138,2025-08-09,2025-08-12,2025-08-13,Completed,High
TSK-138-02,EMP138,2025-10-16,2025-10-30,2025-10-28,Completed,High
TSK-138-03,EMP138,2025-06-21,2025-06-27,2025-06-26,Completed,Low
TSK-138-04,EMP138,2025-06-15,2025-06-27,2025-06-29,Completed,Medium
TSK-138-05,EMP138,2025-07-26,2025-07-30,2025-07-28,Completed,Medium
TSK-138-06,EMP138,2025-10-28,2025-11-06,,In Progress,Medium
TSK-138-07,EMP138,2025-02-02,2025-02-13,,In Progress,High
TSK-138-08,EMP138,2025-07-29,2025-08-07,2025-08-08,Completed,High
TSK-138-09,EMP138,2025-09-12,2025-09-21,,In Progress,High
TSK-138-10,EMP138,2025-11-01,2025-11-08,2025-11-10,Completed,Medium
TSK-139-01,EMP139,2025-09-16,2025-09-22,2025-09-26,Completed,High
TSK-139-02,EMP139,2025-01-31,2025-02-09,2025-02-13,Completed,Low
TSK-139-03,EMP139,2025-01-08,2025-01-17,2025-01-14,Completed,Low
TSK-139-04,EMP139,2025-12-16,2025-12-21,,Not Started,Medium
TSK-139-05,EMP139,2025-12-02,2025-12-12,2025-12-08,Completed,High
TSK-139-06,EMP139,2025-09-24,2025-09-29,2025-10-05,Completed,High
TSK-139-07,EMP139,2025-06-16,2025-06-30,2025-06-30,Completed,High
TSK-139-08,EMP139,2025-09-10,2025-09-24,2025-09-25,Completed,Low
TSK-139-09,EMP139,2025-06-12,2025-06-21,,In Progress,Medium
TSK-139-10,EMP139,2025-01-19,2025-01-22,,Not Started,Low
TSK-140-01,EMP140,2025-04-23,2025-04-27,,In Progress,High
TSK-140-02,EMP140,2025-05-13,2025-05-16,2025-05-19,Completed,Low
TSK-140-03,EMP140,2025-01-22,2025-01-26,2025-02-01,Completed,Medium
TSK-140-04,EMP140,2025-02-04,2025-02-12,2025-02-14,Completed,Medium
TSK-140-05,EMP140,2025-09-02,2025-09-13,,In Progress,High
TSK-140-06,EMP140,2025-04-22,2025-04-30,2025-04-29,Completed,Medium
TSK-140-07,EMP140,2025-05-17,2025-05-20,2025-05-25,Completed,Medium
TSK-140-08,EMP140,2025-03-31,2025-04-03,2025-03-30,Completed,Low
TSK-140-09,EMP140,2025-05-03,2025-05-06,2025-05-10,Completed,Medium
TSK-140-10,EMP140,2025-07-19,2025-07-24,,In Progress,High
TSK-141-01,EMP141,2025-10-02,2025-10-09,2025-10-08,Completed,Medium
TSK-141-02,EMP141,2025-07-23,2025-08-06,2025-08-07,Completed,High
TSK-141-03,EMP141,2025-11-14,2025-11-17,,In Progress,Medium
TSK-141-04,EMP141,2025-03-02,2025-03-08,2025-03-13,Completed,High
TSK-141-05,EMP141,2025-03-24,2025-04-01,2025-04-02,Completed,Low
TSK-141-06,EMP141,2025-04-23,2025-04-26,2025-04-29,Completed,High
TSK-141-07,EMP141,2025-02-23,2025-03-09,,In Progress,High
TSK-141-08,EMP141,2025-12-11,2025-12-20,2025-12-19,Completed,High
TSK-141-09,EMP141,2025-09-15,2025-09-25,2025-09-29,Completed,Low
TSK-141-10,EMP141,2025-09-26,2025-09-29,2025-09-30,Completed,High
TSK-142-01,EMP142,2025-06-17,2025-06-27,2025-06-24,Completed,High
TSK-142-02,EMP142,2025-03-21,2025-03-28,2025-03-30,Completed,Medium
TSK-142-03,EMP142,2025-08-01,2025-08-06,2025-08-04,Completed,Medium
TSK-142-04,EMP142,2025-07-05,2025-07-11,2025-07-16,Completed,Low
TSK-142-05,EMP142,2025-04-28,2025-05-07,2025-05-09,Completed,Low
TSK-142-06,EMP142,2025-07-28,2025-08-03,2025-08-07,Completed,High
TSK-142-07,EMP142,2025-02-03,2025-02-14,2025-02-12,Completed,Low
TSK-142-08,EMP142,2025-08-29,2025-09-11,2025-09-07,Completed,Medium
TSK-142-09,EMP142,2025-10-20,2025-11-02,2025-11-07,Completed,High
TSK-142-10,EMP142,2025-08-22,2025-08-28,2025-08-27,Completed,Medium
TSK-143-01,EMP143,2025-03-04,2025-03-11,2025-03-12,Completed,Medium
TSK-143-02,EMP143,2025-09-08,2025-09-12,2025-09-17,Completed,Low
TSK-143-03,EMP143,2025-07-24,2025-08-02,,In Progress,High
TSK-143-04,EMP143,2025-04-03,2025-04-16,2025-04-22,Completed,Medium
TSK-143-05,EMP143,2025-06-24,2025-07-06,2025-07-07,Completed,Low
TSK-143-06,EMP143,2025-06-15,2025-06-18,2025-06-16,Completed,Low
TSK-143-07,EMP143,2025-10-15,2025-10-22,2025-10-20,Completed,Low
TSK-143-08,EMP143,2025-08-22,2025-09-05,2025-09-02,Completed,Low
TSK-143-09,EMP143,2025-01-28,2025-02-10,2025-02-08,Completed,Medium
TSK-143-10,EMP143,2025-11-11,2025-11-17,,Not Started,High
TSK-144-01,EMP144,2025-03-27,2025-04-01,2025-03-28,Completed,High
TSK-144-02,EMP144,2025-04-25,2025-04-30,2025-04-27,Completed,High
TSK-144-03,EMP144,2025-04-11,2025-04-19,2025-04-18,Completed,Low
TSK-144-04,EMP144,2025-01-20,2025-02-02,2025-02-05,Completed,Medium
TSK-144-05,EMP144,2025-07-22,2025-08-01,2025-08-03,Completed,High
TSK-144-06,EMP144,2025-12-08,2025-12-22,,In Progress,Low
TSK-144-07,EMP144,2025-05-09,2025-05-15,2025-05-12,Completed,Medium
TSK-144-08,EMP144,2025-06-09,2025-06-13,2025-06-13,Completed,Medium
TSK-144-09,EMP144,2025-04-27,2025-05-01,2025-05-03,Completed,High
TSK-144-10,EMP144,2025-08-07,2025-08-11,2025-08-11,Completed,Low
TSK-145-01,EMP145,2025-07-06,2025-07-15,2025-07-15,Completed,Medium
TSK-145-02,EMP145,2025-03-07,2025-03-13,2025-03-15,Completed,High
TSK-145-03,EMP145,2025-04-13,2025-04-19,2025-04-15,Completed,Low
TSK-145-04,EMP145,2025-07-11,2025-07-14,2025-07-14,Completed,Low
TSK-145-05,EMP145,2025-11-06,2025-11-14,2025-11-11,Completed,High
TSK-145-06,EMP145,2025-03-25,2025-04-01,2025-04-06,Completed,Medium
TSK-145-07,EMP145,2025-11-13,2025-11-16,2025-11-20,Completed,High
TSK-145-08,EMP145,2025-11-04,2025-11-14,2025-11-10,Completed,High
TSK-145-09,EMP145,2025-04-14,2025-04-23,2025-04-21,Completed,Medium
TSK-145-10,EMP145,2025-06-12,2025-06-22,2025-06-19,Completed,Low
TSK-146-01,EMP146,2025-01-09,2025-01-18,,In Progress,Low
TSK-146-02,EMP146,2025-08-27,2025-09-10,,Not Started,High
TSK-146-03,EMP146,2025-01-20,2025-02-01,2025-02-02,Completed,Low
TSK-146-04,EMP146,2025-12-16,2025-12-26,,In Progress,Medium
TSK-146-05,EMP146,2025-05-27,2025-06-05,2025-06-09,Completed,Medium
TSK-146-06,EMP146,2025-09-19,2025-09-27,2025-09-28,Completed,Low
TSK-146-07,EMP146,2025-09-21,2025-09-28,2025-09-24,Completed,High
TSK-146-08,EMP146,2025-02-26,2025-03-08,2025-03-08,Completed,High
TSK-146-09,EMP146,2025-09-22,2025-09-27,2025-10-03,Completed,Medium
TSK-146-10,EMP146,2025-05-28,2025-06-05,2025-06-08,Completed,Low
TSK-147-01,EMP147,2025-11-16,2025-11-27,2025-12-02,Completed,High
TSK-147-02,EMP147,2025-05-23,2025-06-04,2025-06-07,Completed,High
TSK-147-03,EMP147,2025-03-04,2025-03-17,2025-03-23,Completed,High
TSK-147-04,EMP147,2025-01-12,2025-01-21,2025-01-24,Completed,Medium
TSK-147-05,EMP147,2025-03-28,2025-04-10,2025-04-07,Completed,High
TSK-147-06,EMP147,2025-01-16,2025-01-25,2025-01-27,Completed,Low
TSK-147-07,EMP147,2025-01-26,2025-02-08,2025-02-14,Completed,Medium
TSK-147-08,EMP147,2025-03-21,2025-04-01,2025-04-04,Completed,Medium
TSK-147-09,EMP147,2025-03-01,2025-03-14,2025-03-10,Completed,High
TSK-147-10,EMP147,2025-01-30,2025-02-08,2025-02-12,Completed,High
TSK-148-01,EMP148,2025-03-29,2025-04-05,2025-04-06,Completed,Medium
TSK-148-02,EMP148,2025-09-17,2025-09-22,2025-09-24,Completed,High
TSK-148-03,EMP148,2025-08-10,2025-08-23,2025-08-21,Completed,Low
TSK-148-04,EMP148,2025-05-30,2025-06-05,2025-06-05,Completed,High
TSK-148-05,EMP148,2025-02-01,2025-02-12,2025-02-13,Completed,High
TSK-148-06,EMP148,2025-09-21,2025-09-24,2025-09-30,Completed,Medium
TSK-148-07,EMP148,2025-01-06,2025-01-19,2025-01-21,Completed,Medium
TSK-148-08,EMP148,2025-02-24,2025-02-28,,Not Started,High
TSK-148-09,EMP148,2025-10-24,2025-10-27,2025-10-23,Completed,High
TSK-148-10,EMP148,2025-12-06,2025-12-18,,In Progress,High
TSK-149-01,EMP149,2025-06-07,2025-06-16,2025-06-12,Completed,High
TSK-149-02,EMP149,2025-02-02,2025-02-12,,Not Started,Medium
TSK-149-03,EMP149,2025-04-08,2025-04-11,,In Progress,Medium
TSK-149-04,EMP149,2025-10-04,2025-10-07,2025-10-03,Completed,Low
TSK-149-05,EMP149,2025-08-26,2025-09-07,2025-09-08,Completed,Low
TSK-149-06,EMP149,2025-01-13,2025-01-27,,Not Started,High
TSK-149-07,EMP149,2025-04-22,2025-04-28,2025-04-28,Completed,Medium
TSK-149-08,EMP149,2025-01-27,2025-01-30,2025-01-30,Completed,Medium
TSK-149-09,EMP149,2025-12-16,2025-12-25,2025-12-21,Completed,Low
TSK-149-10,EMP149,2025-01-25,2025-02-02,2025-02-06,Completed,Low
TSK-150-01,EMP150,2025-10-09,2025-10-16,,In Progress,Low
TSK-150-02,EMP150,2025-03-23,2025-03-31,2025-03-27,Completed,Low
TSK-150-03,EMP150,2025-05-02,2025-05-12,2025-05-16,Completed,Medium
TSK-150-04,EMP150,2025-11-02,2025-11-11,2025-11-10,Completed,High
TSK-150-05,EMP150,2025-03-16,2025-03-28,2025-03-28,Completed,High
TSK-150-06,EMP150,2025-04-01,2025-04-11,2025-04-16,Completed,Low
TSK-150-07,EMP150,2025-10-10,2025-10-14,2025-10-15,Completed,Low
TSK-150-08,EMP150,2025-11-18,2025-11-27,2025-11-29,Completed,Low
TSK-150-09,EMP150,2025-01-21,2025-01-28,2025-01-30,Completed,High
TSK-150-10,EMP150,2025-11-15,2025-11-27,,Not Started,Medium
TSK-151-01,EMP151,2025-05-10,2025-05-14,2025-05-14,Completed,Medium
TSK-151-02,EMP151,2025-03-10,2025-03-22,2025-03-28,Completed,Low
TSK-151-03,EMP151,2025-11-17,2025-11-27,2025-11-30,Completed,Low
TSK-151-04,EMP151,2025-06-23,2025-07-07,2025-07-03,Completed,Medium
TSK-151-05,EMP151,2025-07-27,2025-08-07,,In Progress,Medium
TSK-151-06,EMP151,2025-12-13,2025-12-27,2026-01-02,Completed,High
TSK-151-07,EMP151,2025-10-17,2025-10-31,,In Progress,Medium
TSK-151-08,EMP151,2025-06-30,2025-07-10,2025-07-10,Completed,High
TSK-151-09,EMP151,2025-04-13,2025-04-17,,In Progress,Medium
TSK-151-10,EMP151,2025-06-07,2025-06-21,2025-06-19,Completed,Low
TSK-152-01,EMP152,2025-11-15,2025-11-29,2025-12-04,Completed,High
TSK-152-02,EMP152,2025-04-28,2025-05-11,2025-05-14,Completed,Medium
TSK-152-03,EMP152,2025-12-06,2025-12-16,2025-12-19,Completed,High
TSK-152-04,EMP152,2025-03-27,2025-04-04,2025-04-09,Completed,High
TSK-152-05,EMP152,2025-02-21,2025-03-07,2025-03-12,Completed,Low
TSK-152-06,EMP152,2025-11-12,2025-11-16,2025-11-15,Completed,High
TSK-152-07,EMP152,2025-04-29,2025-05-13,2025-05-11,Completed,Medium
TSK-152-08,EMP152,2025-05-02,2025-05-10,2025-05-07,Completed,Medium
TSK-152-09,EMP152,2025-01-11,2025-01-21,2025-01-27,Completed,Low
TSK-152-10,EMP152,2025-08-13,2025-08-27,2025-08-26,Completed,Medium
TSK-153-01,EMP153,2025-08-07,2025-08-15,2025-08-21,Completed,Low
TSK-153-02,EMP153,2025-01-26,2025-02-06,2025-02-06,Completed,Medium
TSK-153-03,EMP153,2025-05-31,2025-06-09,2025-06-08,Completed,Medium
TSK-153-04,EMP153,2025-08-19,2025-09-02,,In Progress,High
TSK-153-05,EMP153,2025-10-24,2025-11-02,2025-11-07,Completed,Low
TSK-153-06,EMP153,2025-06-07,2025-06-15,,Not Started,Low
TSK-153-07,EMP153,2025-09-03,2025-09-08,2025-09-04,Completed,Medium
TSK-153-08,EMP153,2025-07-04,2025-07-15,2025-07-13,Completed,Medium
TSK-153-09,EMP153,2025-08-29,2025-09-04,2025-09-03,Completed,High
TSK-153-10,EMP153,2025-10-22,2025-10-30,,Not Started,Medium
TSK-154-01,EMP154,2025-08-28,2025-09-05,,Not Started,High
TSK-154-02,EMP154,2025-09-06,2025-09-15,2025-09-14,Completed,High
TSK-154-03,EMP154,2025-06-27,2025-07-04,2025-06-30,Completed,Medium
TSK-154-04,EMP154,2025-07-04,2025-07-16,2025-07-15,Completed,High
TSK-154-05,EMP154,2025-01-19,2025-01-31,2025-02-01,Completed,High
TSK-154-06,EMP154,2025-03-18,2025-03-23,2025-03-20,Completed,High
TSK-154-07,EMP154,2025-06-04,2025-06-18,2025-06-22,Completed,Low
TSK-154-08,EMP154,2025-03-23,2025-03-28,2025-03-24,Completed,Medium
TSK-154-09,EMP154,2025-09-05,2025-09-14,2025-09-11,Completed,High
TSK-154-10,EMP154,2025-05-03,2025-05-10,2025-05-06,Completed,Low
TSK-155-01,EMP155,2025-10-06,2025-10-10,2025-10-06,Completed,High
TSK-155-02,EMP155,2025-09-07,2025-09-15,2025-09-20,Completed,Medium
TSK-155-03,EMP155,2025-10-26,2025-10-31,2025-10-30,Completed,Low
TSK-155-04,EMP155,2025-06-30,2025-07-07,2025-07-07,Completed,Medium
TSK-155-05,EMP155,2025-10-09,2025-10-14,2025-10-20,Completed,Medium
TSK-155-06,EMP155,2025-07-03,2025-07-13,,Not Started,Low
TSK-155-07,EMP155,2025-09-22,2025-10-06,,In Progress,Low
TSK-155-08,EMP155,2025-02-08,2025-02-17,,In Progress,Low
TSK-155-09,EMP155,2025-07-08,2025-07-13,2025-07-10,Completed,Low
TSK-155-10,EMP155,2025-11-23,2025-12-03,2025-12-03,Completed,Low
TSK-156-01,EMP156,2025-12-02,2025-12-06,2025-12-09,Completed,High
TSK-156-02,EMP156,2025-04-14,2025-04-25,2025-04-27,Completed,Low
TSK-156-03,EMP156,2025-02-26,2025-03-10,2025-03-12,Completed,High
TSK-156-04,EMP156,2025-03-23,2025-04-03,2025-04-03,Completed,Medium
TSK-156-05,EMP156,2025-07-26,2025-08-03,2025-07-30,Completed,High
TSK-156-06,EMP156,2025-05-06,2025-05-17,,Not Started,Medium
TSK-156-07,EMP156,2025-09-09,2025-09-14,2025-09-18,Completed,Low
TSK-156-08,EMP156,2025-08-04,2025-08-13,2025-08-10,Completed,High
TSK-156-09,EMP156,2025-05-31,2025-06-12,2025-06-14,Completed,Medium
TSK-156-10,EMP156,2025-05-23,2025-06-04,2025-06-07,Completed,Medium
TSK-157-01,EMP157,2025-07-11,2025-07-22,2025-07-20,Completed,Medium
TSK-157-02,EMP157,2025-06-04,2025-06-16,2025-06-13,Completed,Medium
TSK-157-03,EMP157,2025-12-14,2025-12-26,2025-12-30,Completed,High
TSK-157-04,EMP157,2025-09-17,2025-09-26,2025-09-24,Completed,High
TSK-157-05,EMP157,2025-04-17,2025-04-21,2025-04-27,Completed,Low
TSK-157-06,EMP157,2025-07-18,2025-07-29,2025-07-27,Completed,High
TSK-157-07,EMP157,2025-10-31,2025-11-06,2025-11-04,Completed,Low
TSK-157-08,EMP157,2025-11-23,2025-11-27,2025-11-26,Completed,Low
TSK-157-09,EMP157,2025-01-10,2025-01-24,2025-01-20,Completed,Medium
TSK-157-10,EMP157,2025-09-30,2025-10-11,2025-10-11,Completed,Medium
TSK-158-01,EMP158,2025-03-15,2025-03-19,2025-03-21,Completed,Medium
TSK-158-02,EMP158,2025-01-26,2025-02-05,2025-02-07,Completed,Low
TSK-158-03,EMP158,2025-09-04,2025-09-09,2025-09-07,Completed,High
TSK-158-04,EMP158,2025-04-21,2025-04-28,2025-04-25,Completed,Low
TSK-158-05,EMP158,2025-06-15,2025-06-25,,Not Started,High
TSK-158-06,EMP158,2025-01-20,2025-02-03,2025-02-07,Completed,Low
TSK-158-07,EMP158,2025-03-24,2025-03-30,2025-03-28,Completed,Medium
TSK-158-08,EMP158,2025-01-23,2025-02-05,,Not Started,Medium
TSK-158-09,EMP158,2025-06-22,2025-07-03,2025-07-02,Completed,High
TSK-158-10,EMP158,2025-04-20,2025-04-30,2025-05-02,Completed,Medium
TSK-159-01,EMP159,2025-02-20,2025-03-06,2025-03-09,Completed,High
TSK-159-02,EMP159,2025-06-18,2025-06-29,2025-07-04,Completed,Medium
TSK-159-03,EMP159,2025-02-18,2025-02-21,2025-02-26,Completed,High
TSK-159-04,EMP159,2025-06-23,2025-07-01,2025-07-06,Completed,High
TSK-159-05,EMP159,2025-08-30,2025-09-13,2025-09-12,Completed,Low
TSK-159-06,EMP159,2025-07-30,2025-08-03,2025-07-30,Completed,High
TSK-159-07,EMP159,2025-03-10,2025-03-24,2025-03-29,Completed,Low
TSK-159-08,EMP159,2025-11-25,2025-12-02,2025-11-28,Completed,Low
TSK-159-09,EMP159,2025-10-20,2025-10-23,2025-10-29,Completed,Low
TSK-159-10,EMP159,2025-06-07,2025-06-19,2025-06-21,Completed,High
TSK-160-01,EMP160,2025-05-01,2025-05-08,2025-05-04,Completed,High
TSK-160-02,EMP160,2025-10-15,2025-10-23,,In Progress,High
TSK-160-03,EMP160,2025-05-08,2025-05-19,,In Progress,High
TSK-160-04,EMP160,2025-12-01,2025-12-04,2025-12-05,Completed,Low
TSK-160-05,EMP160,2025-10-21,2025-10-27,,In Progress,High
TSK-160-06,EMP160,2025-01-09,2025-01-15,2025-01-19,Completed,Low
TSK-160-07,EMP160,2025-10-14,2025-10-28,2025-10-29,Completed,High
TSK-160-08,EMP160,2025-02-05,2025-02-08,,In Progress,High
TSK-160-09,EMP160,2025-04-15,2025-04-29,2025-05-01,Completed,Medium
TSK-160-10,EMP160,2025-12-16,2025-12-24,2025-12-21,Completed,Medium
TSK-161-01,EMP161,2025-11-21,2025-11-28,2025-11-24,Completed,High
TSK-161-02,EMP161,2025-04-02,2025-04-14,2025-04-19,Completed,Medium
TSK-161-03,EMP161,2025-07-19,2025-07-27,2025-07-27,Completed,Low
TSK-161-04,EMP161,2025-06-15,2025-06-18,2025-06-23,Completed,Low
TSK-161-05,EMP161,2025-10-11,2025-10-14,2025-10-15,Completed,High
TSK-161-06,EMP161,2025-10-22,2025-10-27,2025-10-23,Completed,Low
TSK-161-07,EMP161,2025-02-28,2025-03-07,2025-03-05,Completed,Low
TSK-161-08,EMP161,2025-03-30,2025-04-08,2025-04-11,Completed,Medium
TSK-161-09,EMP161,2025-12-12,2025-12-18,2025-12-15,Completed,Low
TSK-161-10,EMP161,2025-04-08,2025-04-12,2025-04-18,Completed,Low
TSK-162-01,EMP162,2025-10-16,2025-10-25,2025-10-26,Completed,Medium
TSK-162-02,EMP162,2025-06-05,2025-06-09,2025-06-11,Completed,Low
TSK-162-03,EMP162,2025-03-12,2025-03-23,2025-03-27,Completed,High
TSK-162-04,EMP162,2025-06-10,2025-06-22,2025-06-20,Completed,Medium
TSK-162-05,EMP162,2025-06-11,2025-06-23,2025-06-26,Completed,Medium
TSK-162-06,EMP162,2025-03-21,2025-03-26,2025-03-30,Completed,High
TSK-162-07,EMP162,2025-04-03,2025-04-07,2025-04-08,Completed,Medium
TSK-162-08,EMP162,2025-02-03,2025-02-16,2025-02-22,Completed,Low
TSK-162-09,EMP162,2025-06-14,2025-06-25,,In Progress,High
TSK-162-10,EMP162,2025-08-13,2025-08-17,,In Progress,Low
TSK-163-01,EMP163,2025-04-26,2025-05-06,2025-05-12,Completed,Low
TSK-163-02,EMP163,2025-12-03,2025-12-06,2025-12-09,Completed,High
TSK-163-03,EMP163,2025-11-06,2025-11-10,2025-11-14,Completed,Medium
TSK-163-04,EMP163,2025-06-10,2025-06-15,2025-06-17,Completed,High
TSK-163-05,EMP163,2025-01-01,2025-01-07,2025-01-08,Completed,Medium
TSK-163-06,EMP163,2025-05-19,2025-05-31,2025-05-31,Completed,Low
TSK-163-07,EMP163,2025-09-20,2025-10-01,2025-10-01,Completed,Low
TSK-163-08,EMP163,2025-07-17,2025-07-22,2025-07-28,Completed,Low
TSK-163-09,EMP163,2025-05-26,2025-06-07,,In Progress,Low
TSK-163-10,EMP163,2025-12-13,2025-12-27,2025-12-31,Completed,High
TSK-164-01,EMP164,2025-05-30,2025-06-04,2025-06-09,Completed,Medium
TSK-164-02,EMP164,2025-01-01,2025-01-04,,In Progress,High
TSK-164-03,EMP164,2025-04-30,2025-05-07,,In Progress,High
TSK-164-04,EMP164,2025-09-07,2025-09-10,2025-09-16,Completed,Low
TSK-164-05,EMP164,2025-09-28,2025-10-05,2025-10-03,Completed,Medium
TSK-164-06,EMP164,2025-04-06,2025-04-18,2025-04-18,Completed,Medium
TSK-164-07,EMP164,2025-10-21,2025-10-27,2025-10-31,Completed,Medium
TSK-164-08,EMP164,2025-09-14,2025-09-27,2025-10-01,Completed,High
TSK-164-09,EMP164,2025-01-24,2025-02-06,2025-02-12,Completed,Low
TSK-164-10,EMP164,2025-02-02,2025-02-14,2025-02-14,Completed,High
TSK-165-01,EMP165,2025-11-27,2025-12-05,2025-12-04,Completed,Low
TSK-165-02,EMP165,2025-09-08,2025-09-19,2025-09-17,Completed,Medium
TSK-165-03,EMP165,2025-02-25,2025-03-08,,Not Started,High
TSK-165-04,EMP165,2025-10-24,2025-11-01,2025-11-02,Completed,Medium
TSK-165-05,EMP165,2025-05-08,2025-05-15,2025-05-19,Completed,High
TSK-165-06,EMP165,2025-11-16,2025-11-26,2025-11-22,Completed,High
TSK-165-07,EMP165,2025-05-07,2025-05-18,2025-05-15,Completed,Low
TSK-165-08,EMP165,2025-09-15,2025-09-18,,In Progress,Low
TSK-165-09,EMP165,2025-01-12,2025-01-25,2025-01-27,Completed,Medium
TSK-165-10,EMP165,2025-01-19,2025-01-28,2025-01-25,Completed,High
TSK-166-01,EMP166,2025-12-15,2025-12-29,2026-01-03,Completed,Medium
TSK-166-02,EMP166,2025-08-24,2025-09-05,2025-09-09,Completed,Low
TSK-166-03,EMP166,2025-05-10,2025-05-15,,Not Started,Medium
TSK-166-04,EMP166,2025-01-22,2025-02-05,2025-02-06,Completed,High
TSK-166-05,EMP166,2025-03-18,2025-03-31,2025-04-03,Completed,Medium
TSK-166-06,EMP166,2025-08-04,2025-08-15,2025-08-19,Completed,High
TSK-166-07,EMP166,2025-03-27,2025-04-07,2025-04-07,Completed,Medium
TSK-166-08,EMP166,2025-05-02,2025-05-07,2025-05-06,Completed,High
TSK-166-09,EMP166,2025-10-08,2025-10-15,2025-10-11,Completed,Low
TSK-166-10,EMP166,2025-01-18,2025-01-31,,Not Started,Medium
TSK-167-01,EMP167,2025-04-08,2025-04-15,2025-04-14,Completed,Low
TSK-167-02,EMP167,2025-07-12,2025-07-16,2025-07-18,Completed,Medium
TSK-167-03,EMP167,2025-02-06,2025-02-14,2025-02-19,Completed,High
TSK-167-04,EMP167,2025-08-30,2025-09-03,2025-09-08,Completed,High
TSK-167-05,EMP167,2025-11-19,2025-12-02,,Not Started,Medium
TSK-167-06,EMP167,2025-01-15,2025-01-28,,Not Started,High
TSK-167-07,EMP167,2025-03-11,2025-03-17,2025-03-22,Completed,High
TSK-167-08,EMP167,2025-05-29,2025-06-11,2025-06-07,Completed,Low
TSK-167-09,EMP167,2025-06-10,2025-06-20,2025-06-20,Completed,High
TSK-167-10,EMP167,2025-06-18,2025-06-28,2025-06-30,Completed,Low
TSK-168-01,EMP168,2025-10-20,2025-11-03,,In Progress,Medium
TSK-168-02,EMP168,2025-02-15,2025-03-01,2025-02-28,Completed,Low
TSK-168-03,EMP168,2025-02-16,2025-02-21,2025-02-23,Completed,Low
TSK-168-04,EMP168,2025-05-10,2025-05-19,2025-05-22,Completed,Medium
TSK-168-05,EMP168,2025-11-17,2025-11-25,2025-11-22,Completed,Medium
TSK-168-06,EMP168,2025-02-10,2025-02-18,2025-02-14,Completed,Low
TSK-168-07,EMP168,2025-05-26,2025-06-08,2025-06-11,Completed,Low
TSK-168-08,EMP168,2025-08-27,2025-09-08,,In Progress,Medium
TSK-168-09,EMP168,2025-05-19,2025-05-26,2025-05-31,Completed,Low
TSK-168-10,EMP168,2025-02-16,2025-02-22,2025-02-24,Completed,Low
TSK-169-01,EMP169,2025-08-11,2025-08-21,2025-08-19,Completed,Low
TSK-169-02,EMP169,2025-09-30,2025-10-07,2025-10-04,Completed,Low
TSK-169-03,EMP169,2025-03-30,2025-04-06,,In Progress,Low
TSK-169-04,EMP169,2025-03-15,2025-03-26,,In Progress,High
TSK-169-05,EMP169,2025-08-30,2025-09-08,2025-09-10,Completed,Medium
TSK-169-06,EMP169,2025-02-23,2025-03-06,2025-03-07,Completed,High
TSK-169-07,EMP169,2025-10-01,2025-10-06,2025-10-04,Completed,High
TSK-169-08,EMP169,2025-10-19,2025-10-23,2025-10-28,Completed,High
TSK-169-09,EMP169,2025-02-10,2025-02-15,2025-02-11,Completed,Low
TSK-169-10,EMP169,2025-04-30,2025-05-03,2025-05-06,Completed,High
TSK-170-01,EMP170,2025-10-07,2025-10-13,2025-10-15,Completed,High
TSK-170-02,EMP170,2025-02-18,2025-02-27,2025-03-04,Completed,Low
TSK-170-03,EMP170,2025-03-18,2025-04-01,2025-04-04,Completed,High
TSK-170-04,EMP170,2025-01-16,2025-01-30,2025-02-01,Completed,Low
TSK-170-05,EMP170,2025-09-09,2025-09-19,,Not Started,High
TSK-170-06,EMP170,2025-02-13,2025-02-27,2025-03-01,Completed,Low
TSK-170-07,EMP170,2025-01-30,2025-02-08,2025-02-06,Completed,Low
TSK-170-08,EMP170,2025-06-10,2025-06-13,2025-06-19,Completed,High
TSK-170-09,EMP170,2025-09-26,2025-10-10,2025-10-15,Completed,Medium
TSK-170-10,EMP170,2025-10-08,2025-10-21,2025-10-18,Completed,Low
TSK-171-01,EMP171,2025-06-30,2025-07-10,,In Progress,High
TSK-171-02,EMP171,2025-07-21,2025-08-02,2025-08-05,Completed,High
TSK-171-03,EMP171,2025-05-01,2025-05-11,2025-05-15,Completed,Low
TSK-171-04,EMP171,2025-06-26,2025-06-29,,Not Started,Medium
TSK-171-05,EMP171,2025-07-12,2025-07-16,2025-07-16,Completed,High
TSK-171-06,EMP171,2025-02-09,2025-02-19,2025-02-19,Completed,High
TSK-171-07,EMP171,2025-02-14,2025-02-24,2025-03-01,Completed,Low
TSK-171-08,EMP171,2025-04-17,2025-04-24,,Not Started,High
TSK-171-09,EMP171,2025-11-16,2025-11-30,2025-12-04,Completed,High
TSK-171-10,EMP171,2025-09-23,2025-10-06,2025-10-07,Completed,Low
TSK-172-01,EMP172,2025-08-14,2025-08-24,2025-08-26,Completed,Medium
TSK-172-02,EMP172,2025-02-16,2025-02-20,2025-02-23,Completed,Medium
TSK-172-03,EMP172,2025-02-26,2025-03-06,2025-03-02,Completed,Medium
TSK-172-04,EMP172,2025-01-01,2025-01-08,2025-01-04,Completed,Low
TSK-172-05,EMP172,2025-09-29,2025-10-04,2025-10-10,Completed,High
TSK-172-06,EMP172,2025-09-13,2025-09-21,,In Progress,High
TSK-172-07,EMP172,2025-05-03,2025-05-06,,In Progress,High
TSK-172-08,EMP172,2025-06-19,2025-06-22,2025-06-24,Completed,Low
TSK-172-09,EMP172,2025-08-19,2025-08-27,2025-08-31,Completed,Low
TSK-172-10,EMP172,2025-07-19,2025-07-28,2025-07-27,Completed,Low
TSK-173-01,EMP173,2025-05-31,2025-06-08,2025-06-05,Completed,Low
TSK-173-02,EMP173,2025-09-08,2025-09-11,,In Progress,Medium
TSK-173-03,EMP173,2025-11-19,2025-11-24,,In Progress,High
TSK-173-04,EMP173,2025-11-28,2025-12-04,2025-12-05,Completed,High
TSK-173-05,EMP173,2025-08-09,2025-08-12,2025-08-13,Completed,Medium
TSK-173-06,EMP173,2025-03-18,2025-03-26,2025-03-28,Completed,Medium
TSK-173-07,EMP173,2025-03-04,2025-03-16,2025-03-12,Completed,High
TSK-173-08,EMP173,2025-12-02,2025-12-05,2025-12-11,Completed,High
TSK-173-09,EMP173,2025-05-28,2025-06-10,2025-06-09,Completed,High
TSK-173-10,EMP173,2025-11-06,2025-11-19,2025-11-23,Completed,Medium
TSK-174-01,EMP174,2025-01-28,2025-02-10,2025-02-10,Completed,High
TSK-174-02,EMP174,2025-04-12,2025-04-18,2025-04-16,Completed,Medium
TSK-174-03,EMP174,2025-01-18,2025-01-26,2025-02-01,Completed,High
TSK-174-04,EMP174,2025-05-17,2025-05-20,2025-05-19,Completed,High
TSK-174-05,EMP174,2025-07-18,2025-07-27,,In Progress,High
TSK-174-06,EMP174,2025-11-11,2025-11-24,2025-11-24,Completed,Low
TSK-174-07,EMP174,2025-07-21,2025-07-25,2025-07-26,Completed,Low
TSK-174-08,EMP174,2025-05-14,2025-05-27,2025-05-25,Completed,Low
TSK-174-09,EMP174,2025-01-25,2025-02-01,2025-02-05,Completed,Low
TSK-174-10,EMP174,2025-02-16,2025-02-19,,Not Started,Low
TSK-175-01,EMP175,2025-01-06,2025-01-12,2025-01-14,Completed,Medium
TSK-175-02,EMP175,2025-09-03,2025-09-14,2025-09-16,Completed,High
TSK-175-03,EMP175,2025-10-08,2025-10-14,,In Progress,High
TSK-175-04,EMP175,2025-07-12,2025-07-19,2025-07-15,Completed,High
TSK-175-05,EMP175,2025-03-12,2025-03-17,2025-03-22,Completed,High
TSK-175-06,EMP175,2025-04-13,2025-04-23,2025-04-24,Completed,Medium
TSK-175-07,EMP175,2025-11-02,2025-11-08,2025-11-14,Completed,High
TSK-175-08,EMP175,2025-04-22,2025-05-01,2025-05-06,Completed,Medium
TSK-175-09,EMP175,2025-01-31,2025-02-13,2025-02-15,Completed,Medium
TSK-175-10,EMP175,2025-01-24,2025-02-02,2025-01-31,Completed,Medium
TSK-176-01,EMP176,2025-03-19,2025-03-22,2025-03-27,Completed,High
TSK-176-02,EMP176,2025-06-02,2025-06-14,2025-06-16,Completed,High
TSK-176-03,EMP176,2025-08-11,2025-08-14,2025-08-18,Completed,Low
TSK-176-04,EMP176,2025-05-17,2025-05-25,2025-05-31,Completed,Low
TSK-176-05,EMP176,2025-07-11,2025-07-18,2025-07-20,Completed,Low
TSK-176-06,EMP176,2025-09-15,2025-09-28,2025-10-03,Completed,Low
TSK-176-07,EMP176,2025-06-16,2025-06-26,2025-06-26,Completed,Low
TSK-176-08,EMP176,2025-07-19,2025-07-22,2025-07-19,Completed,Medium
TSK-176-09,EMP176,2025-05-14,2025-05-19,2025-05-18,Completed,High
TSK-176-10,EMP176,2025-08-01,2025-08-09,2025-08-05,Completed,Low
TSK-177-01,EMP177,2025-10-10,2025-10-23,2025-10-20,Completed,High
TSK-177-02,EMP177,2025-01-13,2025-01-24,2025-01-25,Completed,Medium
TSK-177-03,EMP177,2025-11-25,2025-11-30,2025-11-29,Completed,High
TSK-177-04,EMP177,2025-10-01,2025-10-11,,In Progress,Low
TSK-177-05,EMP177,2025-04-14,2025-04-23,2025-04-28,Completed,High
TSK-177-06,EMP177,2025-08-11,2025-08-16,2025-08-21,Completed,High
TSK-177-07,EMP177,2025-04-27,2025-05-09,2025-05-12,Completed,Medium
TSK-177-08,EMP177,2025-07-18,2025-07-28,2025-07-30,Completed,Low
TSK-177-09,EMP177,2025-01-30,2025-02-05,,Not Started,Low
TSK-177-10,EMP177,2025-08-14,2025-08-26,2025-08-26,Completed,High
TSK-178-01,EMP178,2025-08-01,2025-08-06,,Not Started,Medium
TSK-178-02,EMP178,2025-04-16,2025-04-29,2025-04-25,Completed,High
TSK-178-03,EMP178,2025-10-05,2025-10-08,2025-10-05,Completed,High
TSK-178-04,EMP178,2025-01-08,2025-01-15,2025-01-19,Completed,High
TSK-178-05,EMP178,2025-11-18,2025-12-02,2025-11-30,Completed,Low
TSK-178-06,EMP178,2025-01-12,2025-01-20,2025-01-18,Completed,High
TSK-178-07,EMP178,2025-03-30,2025-04-03,2025-04-03,Completed,Low
TSK-178-08,EMP178,2025-01-13,2025-01-22,2025-01-22,Completed,High
TSK-178-09,EMP178,2025-08-26,2025-09-09,2025-09-13,Completed,Medium
TSK-178-10,EMP178,2025-01-22,2025-01-28,2025-01-25,Completed,Medium
TSK-179-01,EMP179,2025-07-06,2025-07-16,2025-07-22,Completed,Medium
TSK-179-02,EMP179,2025-05-18,2025-05-27,2025-05-24,Completed,Low
TSK-179-03,EMP179,2025-10-25,2025-11-07,2025-11-03,Completed,High
TSK-179-04,EMP179,2025-09-16,2025-09-24,2025-09-20,Completed,Medium
TSK-179-05,EMP179,2025-03-24,2025-04-05,2025-04-01,Completed,High
TSK-179-06,EMP179,2025-06-30,2025-07-09,2025-07-08,Completed,High
TSK-179-07,EMP179,2025-07-28,2025-08-03,2025-08-02,Completed,Low
TSK-179-08,EMP179,2025-08-31,2025-09-14,2025-09-17,Completed,Medium
TSK-179-09,EMP179,2025-12-14,2025-12-28,,Not Started,Low
TSK-179-10,EMP179,2025-07-14,2025-07-23,2025-07-22,Completed,High
TSK-180-01,EMP180,2025-06-14,2025-06-22,2025-06-25,Completed,High
TSK-180-02,EMP180,2025-10-11,2025-10-21,,In Progress,High
TSK-180-03,EMP180,2025-11-24,2025-12-08,2025-12-13,Completed,Medium
TSK-180-04,EMP180,2025-07-20,2025-07-25,2025-07-29,Completed,Medium
TSK-180-05,EMP180,2025-08-04,2025-08-10,2025-08-06,Completed,Medium
TSK-180-06,EMP180,2025-12-03,2025-12-14,2025-12-17,Completed,Low
TSK-180-07,EMP180,2025-08-23,2025-08-30,,In Progress,Low
TSK-180-08,EMP180,2025-05-13,2025-05-21,2025-05-19,Completed,Medium
TSK-180-09,EMP180,2025-03-06,2025-03-17,2025-03-22,Completed,Low
TSK-180-10,EMP180,2025-12-05,2025-12-18,2025-12-18,Completed,Low
TSK-181-01,EMP181,2025-12-15,2025-12-18,2025-12-20,Completed,Low
TSK-181-02,EMP181,2025-05-24,2025-06-04,2025-06-01,Completed,Low
TSK-181-03,EMP181,2025-01-06,2025-01-09,2025-01-08,Completed,Low
TSK-181-04,EMP181,2025-01-02,2025-01-06,2025-01-09,Completed,Low
TSK-181-05,EMP181,2025-01-19,2025-01-29,2025-01-31,Completed,Low
TSK-181-06,EMP181,2025-08-01,2025-08-13,,In Progress,High
TSK-181-07,EMP181,2025-09-13,2025-09-21,2025-09-18,Completed,Medium
TSK-181-08,EMP181,2025-03-30,2025-04-07,2025-04-11,Completed,Medium
TSK-181-09,EMP181,2025-09-06,2025-09-14,2025-09-13,Completed,Medium
TSK-181-10,EMP181,2025-02-26,2025-03-11,2025-03-14,Completed,Low
TSK-182-01,EMP182,2025-10-09,2025-10-21,,In Progress,High
TSK-182-02,EMP182,2025-04-23,2025-05-05,2025-05-07,Completed,Low
TSK-182-03,EMP182,2025-04-16,2025-04-21,,In Progress,High
TSK-182-04,EMP182,2025-11-15,2025-11-19,2025-11-23,Completed,Medium
TSK-182-05,EMP182,2025-10-28,2025-11-02,2025-10-31,Completed,High
TSK-182-06,EMP182,2025-08-10,2025-08-18,2025-08-16,Completed,Low
TSK-182-07,EMP182,2025-09-30,2025-10-06,2025-10-07,Completed,Low
TSK-182-08,EMP182,2025-05-12,2025-05-24,,In Progress,High
TSK-182-09,EMP182,2025-03-17,2025-03-23,2025-03-20,Completed,Medium
TSK-182-10,EMP182,2025-06-23,2025-07-02,2025-07-06,Completed,Low
TSK-183-01,EMP183,2025-03-03,2025-03-08,2025-03-08,Completed,Low
TSK-183-02,EMP183,2025-04-10,2025-04-13,2025-04-18,Completed,Low
TSK-183-03,EMP183,2025-07-28,2025-08-02,2025-08-03,Completed,High
TSK-183-04,EMP183,2025-03-06,2025-03-10,,In Progress,Medium
TSK-183-05,EMP183,2025-11-19,2025-11-24,2025-11-25,Completed,Medium
TSK-183-06,EMP183,2025-03-06,2025-03-12,2025-03-08,Completed,High
TSK-183-07,EMP183,2025-01-17,2025-01-22,2025-01-27,Completed,Low
TSK-183-08,EMP183,2025-06-14,2025-06-22,2025-06-20,Completed,Low
TSK-183-09,EMP183,2025-04-10,2025-04-18,2025-04-18,Completed,Low
TSK-183-10,EMP183,2025-10-08,2025-10-15,2025-10-11,Completed,Medium
TSK-184-01,EMP184,2025-06-26,2025-07-01,2025-07-05,Completed,Medium
TSK-184-02,EMP184,2025-02-22,2025-02-28,2025-02-26,Completed,Low
TSK-184-03,EMP184,2025-07-21,2025-07-26,2025-07-23,Completed,Medium
TSK-184-04,EMP184,2025-09-10,2025-09-22,2025-09-26,Completed,Low
TSK-184-05,EMP184,2025-04-27,2025-05-04,2025-04-30,Completed,Low
TSK-184-06,EMP184,2025-11-08,2025-11-20,2025-11-18,Completed,High
TSK-184-07,EMP184,2025-03-03,2025-03-09,,In Progress,Medium
TSK-184-08,EMP184,2025-06-10,2025-06-23,2025-06-28,Completed,High
TSK-184-09,EMP184,2025-08-08,2025-08-14,2025-08-19,Completed,Low
TSK-184-10,EMP184,2025-08-16,2025-08-23,2025-08-26,Completed,Low
TSK-185-01,EMP185,2025-04-28,2025-05-12,2025-05-15,Completed,Low
TSK-185-02,EMP185,2025-04-01,2025-04-11,,Not Started,Medium
TSK-185-03,EMP185,2025-06-22,2025-07-02,2025-06-28,Completed,High
TSK-185-04,EMP185,2025-08-21,2025-08-28,2025-08-24,Completed,Low
TSK-185-05,EMP185,2025-11-29,2025-12-04,,Not Started,High
TSK-185-06,EMP185,2025-05-11,2025-05-22,2025-05-28,Completed,High
TSK-185-07,EMP185,2025-05-08,2025-05-12,2025-05-16,Completed,Medium
TSK-185-08,EMP185,2025-03-07,2025-03-21,,In Progress,Medium
TSK-185-09,EMP185,2025-09-10,2025-09-24,2025-09-30,Completed,Low
TSK-185-10,EMP185,2025-03-05,2025-03-14,,Not Started,Low
TSK-186-01,EMP186,2025-09-10,2025-09-23,2025-09-28,Completed,Low
TSK-186-02,EMP186,2025-08-05,2025-08-10,2025-08-12,Completed,Medium
TSK-186-03,EMP186,2025-04-09,2025-04-17,2025-04-17,Completed,Low
TSK-186-04,EMP186,2025-11-29,2025-12-08,2025-12-07,Completed,High
TSK-186-05,EMP186,2025-02-17,2025-02-20,2025-02-26,Completed,High
TSK-186-06,EMP186,2025-09-07,2025-09-21,2025-09-27,Completed,Low
TSK-186-07,EMP186,2025-06-27,2025-07-04,2025-07-08,Completed,Medium
TSK-186-08,EMP186,2025-08-03,2025-08-06,2025-08-12,Completed,Medium
TSK-186-09,EMP186,2025-03-12,2025-03-24,2025-03-25,Completed,High
TSK-186-10,EMP186,2025-01-26,2025-01-29,,Not Started,High
TSK-187-01,EMP187,2025-02-07,2025-02-18,2025-02-18,Completed,Low
TSK-187-02,EMP187,2025-07-03,2025-07-17,2025-07-16,Completed,Low
TSK-187-03,EMP187,2025-09-22,2025-10-06,,In Progress,Medium
TSK-187-04,EMP187,2025-10-28,2025-10-31,2025-11-02,Completed,Low
TSK-187-05,EMP187,2025-06-21,2025-06-28,2025-07-02,Completed,Medium
TSK-187-06,EMP187,2025-11-18,2025-11-28,2025-11-28,Completed,Low
TSK-187-07,EMP187,2025-08-29,2025-09-06,,In Progress,High
TSK-187-08,EMP187,2025-06-30,2025-07-08,2025-07-08,Completed,Medium
TSK-187-09,EMP187,2025-06-02,2025-06-06,2025-06-12,Completed,Low
TSK-187-10,EMP187,2025-11-24,2025-12-06,,In Progress,Low
TSK-188-01,EMP188,2025-03-14,2025-03-21,,In Progress,High
TSK-188-02,EMP188,2025-09-23,2025-10-07,2025-10-12,Completed,High
TSK-188-03,EMP188,2025-07-08,2025-07-15,2025-07-16,Completed,High
TSK-188-04,EMP188,2025-02-21,2025-02-27,2025-02-25,Completed,High
TSK-188-05,EMP188,2025-04-05,2025-04-10,2025-04-10,Completed,Medium
TSK-188-06,EMP188,2025-08-21,2025-08-29,2025-08-30,Completed,High
TSK-188-07,EMP188,2025-06-30,2025-07-11,2025-07-17,Completed,Low
TSK-188-08,EMP188,2025-04-01,2025-04-08,2025-04-11,Completed,High
TSK-188-09,EMP188,2025-03-06,2025-03-14,2025-03-12,Completed,Medium
TSK-188-10,EMP188,2025-10-26,2025-10-29,2025-10-25,Completed,Medium
TSK-189-01,EMP189,2025-08-11,2025-08-15,,In Progress,Low
TSK-189-02,EMP189,2025-05-14,2025-05-20,2025-05-23,Completed,High
TSK-189-03,EMP189,2025-07-18,2025-07-30,,Not Started,Low
TSK-189-04,EMP189,2025-07-01,2025-07-10,2025-07-13,Completed,Medium
TSK-189-05,EMP189,2025-07-23,2025-08-01,2025-08-02,Completed,Low
TSK-189-06,EMP189,2025-08-22,2025-08-28,2025-08-28,Completed,Medium
TSK-189-07,EMP189,2025-06-19,2025-07-02,2025-06-28,Completed,Medium
TSK-189-08,EMP189,2025-09-30,2025-10-08,2025-10-12,Completed,Medium
TSK-189-09,EMP189,2025-10-21,2025-11-01,2025-10-29,Completed,Medium
TSK-189-10,EMP189,2025-09-25,2025-10-06,2025-10-07,Completed,Medium
TSK-190-01,EMP190,2025-02-12,2025-02-26,2025-02-22,Completed,Low
TSK-190-02,EMP190,2025-10-21,2025-11-02,2025-11-04,Completed,Low
TSK-190-03,EMP190,2025-12-01,2025-12-15,2025-12-11,Completed,Medium
TSK-190-04,EMP190,2025-09-20,2025-09-28,2025-09-27,Completed,Low
TSK-190-05,EMP190,2025-02-12,2025-02-23,,In Progress,High
TSK-190-06,EMP190,2025-05-16,2025-05-30,2025-05-31,Completed,High
TSK-190-07,EMP190,2025-06-06,2025-06-12,2025-06-16,Completed,Medium
TSK-190-08,EMP190,2025-01-20,2025-02-02,2025-02-07,Completed,Low
TSK-190-09,EMP190,2025-09-12,2025-09-24,2025-09-21,Completed,High
TSK-190-10,EMP190,2025-03-22,2025-03-31,2025-04-06,Completed,Low
TSK-191-01,EMP191,2025-03-05,2025-03-19,2025-03-23,Completed,High
TSK-191-02,EMP191,2025-06-13,2025-06-26,2025-06-22,Completed,Medium
TSK-191-03,EMP191,2025-03-01,2025-03-09,2025-03-09,Completed,High
TSK-191-04,EMP191,2025-02-21,2025-03-07,2025-03-08,Completed,Low
TSK-191-05,EMP191,2025-04-16,2025-04-27,2025-05-02,Completed,Low
TSK-191-06,EMP191,2025-04-29,2025-05-04,,In Progress,Low
TSK-191-07,EMP191,2025-07-03,2025-07-11,2025-07-12,Completed,Medium
TSK-191-08,EMP191,2025-11-10,2025-11-15,2025-11-14,Completed,High
TSK-191-09,EMP191,2025-07-20,2025-08-01,2025-08-05,Completed,Medium
TSK-191-10,EMP191,2025-02-03,2025-02-06,2025-02-11,Completed,Low
TSK-192-01,EMP192,2025-03-07,2025-03-15,,Not Started,Low
TSK-192-02,EMP192,2025-08-12,2025-08-17,2025-08-13,Completed,Low
TSK-192-03,EMP192,2025-03-03,2025-03-09,2025-03-13,Completed,Medium
TSK-192-04,EMP192,2025-05-14,2025-05-24,2025-05-26,Completed,Low
TSK-192-05,EMP192,2025-07-09,2025-07-21,,Not Started,High
TSK-192-06,EMP192,2025-04-04,2025-04-15,,In Progress,Low
TSK-192-07,EMP192,2025-01-05,2025-01-16,2025-01-20,Completed,High
TSK-192-08,EMP192,2025-08-30,2025-09-07,2025-09-07,Completed,Medium
TSK-192-09,EMP192,2025-11-07,2025-11-17,2025-11-17,Completed,High
TSK-192-10,EMP192,2025-10-30,2025-11-10,2025-11-12,Completed,Medium
TSK-193-01,EMP193,2025-07-07,2025-07-12,,Not Started,Medium
TSK-193-02,EMP193,2025-03-26,2025-04-01,,In Progress,Low
TSK-193-03,EMP193,2025-04-28,2025-05-01,,In Progress,Low
TSK-193-04,EMP193,2025-05-20,2025-05-25,2025-05-25,Completed,Medium
TSK-193-05,EMP193,2025-07-05,2025-07-17,,In Progress,Medium
TSK-193-06,EMP193,2025-09-03,2025-09-14,2025-09-20,Completed,Low
TSK-193-07,EMP193,2025-03-19,2025-03-30,2025-04-03,Completed,Medium
TSK-193-08,EMP193,2025-01-24,2025-01-28,2025-01-29,Completed,Medium
TSK-193-09,EMP193,2025-07-06,2025-07-15,2025-07-19,Completed,High
TSK-193-10,EMP193,2025-09-08,2025-09-20,2025-09-16,Completed,High
TSK-194-01,EMP194,2025-11-07,2025-11-19,2025-11-24,Completed,High
TSK-194-02,EMP194,2025-01-08,2025-01-14,2025-01-10,Completed,Low
TSK-194-03,EMP194,2025-03-28,2025-03-31,2025-04-01,Completed,High
TSK-194-04,EMP194,2025-01-15,2025-01-24,2025-01-29,Completed,Medium
TSK-194-05,EMP194,2025-01-10,2025-01-19,2025-01-21,Completed,Medium
TSK-194-06,EMP194,2025-05-31,2025-06-13,2025-06-16,Completed,Low
TSK-194-07,EMP194,2025-07-08,2025-07-18,2025-07-18,Completed,Medium
TSK-194-08,EMP194,2025-04-23,2025-04-28,2025-05-01,Completed,Medium
TSK-194-09,EMP194,2025-12-16,2025-12-26,2025-12-27,Completed,Low
TSK-194-10,EMP194,2025-12-14,2025-12-24,2025-12-29,Completed,Medium
TSK-195-01,EMP195,2025-08-09,2025-08-13,2025-08-11,Completed,High
TSK-195-02,EMP195,2025-02-12,2025-02-22,2025-02-26,Completed,Medium
TSK-195-03,EMP195,2025-02-26,2025-03-02,2025-03-08,Completed,Medium
TSK-195-04,EMP195,2025-03-26,2025-03-31,2025-03-29,Completed,High
TSK-195-05,EMP195,2025-11-19,2025-11-27,2025-11-29,Completed,Medium
TSK-195-06,EMP195,2025-06-27,2025-07-04,,In Progress,Low
TSK-195-07,EMP195,2025-02-07,2025-02-14,,In Progress,Medium
TSK-195-08,EMP195,2025-07-26,2025-08-04,2025-08-02,Completed,Medium
TSK-195-09,EMP195,2025-12-06,2025-12-16,2025-12-22,Completed,Medium
TSK-195-10,EMP195,2025-01-18,2025-01-28,,In Progress,High
TSK-196-01,EMP196,2025-02-25,2025-03-10,2025-03-16,Completed,High
TSK-196-02,EMP196,2025-11-07,2025-11-12,2025-11-08,Completed,Low
TSK-196-03,EMP196,2025-08-17,2025-08-31,2025-08-28,Completed,Medium
TSK-196-04,EMP196,2025-11-22,2025-12-06,,In Progress,Medium
TSK-196-05,EMP196,2025-04-15,2025-04-26,2025-04-23,Completed,Medium
TSK-196-06,EMP196,2025-01-15,2025-01-25,2025-01-21,Completed,Medium
TSK-196-07,EMP196,2025-12-04,2025-12-18,2025-12-14,Completed,Medium
TSK-196-08,EMP196,2025-11-05,2025-11-10,2025-11-07,Completed,High
TSK-196-09,EMP196,2025-06-24,2025-07-02,2025-07-01,Completed,Medium
TSK-196-10,EMP196,2025-05-13,2025-05-27,,In Progress,Medium
TSK-197-01,EMP197,2025-10-14,2025-10-21,2025-10-20,Completed,High
TSK-197-02,EMP197,2025-01-26,2025-01-29,,Not Started,Low
TSK-197-03,EMP197,2025-04-09,2025-04-14,2025-04-15,Completed,Medium
TSK-197-04,EMP197,2025-02-16,2025-03-02,2025-03-07,Completed,Low
TSK-197-05,EMP197,2025-05-05,2025-05-09,2025-05-07,Completed,High
TSK-197-06,EMP197,2025-02-22,2025-03-05,,Not Started,High
TSK-197-07,EMP197,2025-03-07,2025-03-11,2025-03-16,Completed,Low
TSK-197-08,EMP197,2025-12-02,2025-12-09,2025-12-11,Completed,Low
TSK-197-09,EMP197,2025-01-09,2025-01-15,2025-01-11,Completed,Low
TSK-197-10,EMP197,2025-10-21,2025-11-01,2025-10-30,Completed,Medium
TSK-198-01,EMP198,2025-07-12,2025-07-25,2025-07-31,Completed,Medium
TSK-198-02,EMP198,2025-08-12,2025-08-25,,In Progress,Medium
TSK-198-03,EMP198,2025-08-16,2025-08-27,2025-09-02,Completed,Medium
TSK-198-04,EMP198,2025-01-20,2025-02-02,2025-02-04,Completed,Medium
TSK-198-05,EMP198,2025-01-12,2025-01-18,,In Progress,High
TSK-198-06,EMP198,2025-10-01,2025-10-15,2025-10-18,Completed,Medium
TSK-198-07,EMP198,2025-08-01,2025-08-12,2025-08-16,Completed,High
TSK-198-08,EMP198,2025-06-29,2025-07-13,2025-07-19,Completed,Medium
TSK-198-09,EMP198,2025-02-22,2025-02-27,2025-03-03,Completed,Medium
TSK-198-10,EMP198,2025-08-29,2025-09-11,2025-09-17,Completed,Medium
TSK-199-01,EMP199,2025-05-13,2025-05-17,2025-05-21,Completed,High
TSK-199-02,EMP199,2025-12-09,2025-12-19,2025-12-18,Completed,Low
TSK-199-03,EMP199,2025-08-10,2025-08-20,2025-08-18,Completed,Low
TSK-199-04,EMP199,2025-02-23,2025-03-04,2025-03-05,Completed,High
TSK-199-05,EMP199,2025-09-12,2025-09-24,2025-09-30,Completed,Medium
TSK-199-06,EMP199,2025-09-25,2025-10-01,2025-09-28,Completed,Medium
TSK-199-07,EMP199,2025-01-15,2025-01-19,2025-01-18,Completed,Low
TSK-199-08,EMP199,2025-05-04,2025-05-16,2025-05-20,Completed,Medium
TSK-199-09,EMP199,2025-12-05,2025-12-17,2025-12-13,Completed,Medium
TSK-199-10,EMP199,2025-09-24,2025-10-03,2025-10-06,Completed,High
TSK-200-01,EMP200,2025-01-19,2025-01-24,2025-01-21,Completed,High
TSK-200-02,EMP200,2025-10-13,2025-10-26,2025-10-29,Completed,Medium
TSK-200-03,EMP200,2025-08-11,2025-08-17,2025-08-20,Completed,High
TSK-200-04,EMP200,2025-06-14,2025-06-27,2025-06-26,Completed,Low
TSK-200-05,EMP200,2025-03-08,2025-03-22,,In Progress,Medium
TSK-200-06,EMP200,2025-12-04,2025-12-09,2025-12-09,Completed,High
TSK-200-07,EMP200,2025-11-05,2025-11-12,2025-11-09,Completed,Low
TSK-200-08,EMP200,2025-11-23,2025-11-26,2025-11-26,Completed,Medium
TSK-200-09,EMP200,2025-12-13,2025-12-21,2025-12-25,Completed,Medium
TSK-200-10,EMP200,2025-08-01,2025-08-06,2025-08-12,Completed,Medium
TSK-201-01,EMP201,2025-07-30,2025-08-03,2025-08-06,Completed,High
TSK-201-02,EMP201,2025-04-01,2025-04-11,2025-04-12,Completed,Medium
TSK-201-03,EMP201,2025-07-07,2025-07-15,2025-07-21,Completed,Medium
TSK-201-04,EMP201,2025-04-13,2025-04-26,,In Progress,Low
TSK-201-05,EMP201,2025-06-13,2025-06-23,,In Progress,High
TSK-201-06,EMP201,2025-07-13,2025-07-19,2025-07-25,Completed,High
TSK-201-07,EMP201,2025-03-27,2025-04-04,2025-04-02,Completed,Low
TSK-201-08,EMP201,2025-09-09,2025-09-17,2025-09-19,Completed,High
TSK-201-09,EMP201,2025-03-21,2025-03-28,2025-03-29,Completed,Medium
TSK-201-10,EMP201,2025-08-26,2025-09-04,2025-09-07,Completed,Medium
TSK-202-01,EMP202,2025-10-05,2025-10-09,2025-10-07,Completed,High
TSK-202-02,EMP202,2025-06-18,2025-07-02,2025-07-05,Completed,High
TSK-202-03,EMP202,2025-02-25,2025-03-01,2025-03-03,Completed,High
TSK-202-04,EMP202,2025-11-27,2025-12-06,,In Progress,Low
TSK-202-05,EMP202,2025-10-13,2025-10-25,2025-10-24,Completed,Medium
TSK-202-06,EMP202,2025-05-24,2025-05-27,2025-05-31,Completed,Low
TSK-202-07,EMP202,2025-05-03,2025-05-10,2025-05-06,Completed,High
TSK-202-08,EMP202,2025-04-16,2025-04-26,,Not Started,Medium
TSK-202-09,EMP202,2025-06-23,2025-06-27,2025-06-30,Completed,Low
TSK-202-10,EMP202,2025-07-31,2025-08-14,2025-08-10,Completed,High
TSK-203-01,EMP203,2025-06-17,2025-06-21,2025-06-20,Completed,Low
TSK-203-02,EMP203,2025-04-15,2025-04-23,2025-04-27,Completed,Low
TSK-203-03,EMP203,2025-06-30,2025-07-06,2025-07-09,Completed,Medium
TSK-203-04,EMP203,2025-09-23,2025-09-29,2025-10-03,Completed,High
TSK-203-05,EMP203,2025-08-19,2025-09-02,2025-09-08,Completed,High
TSK-203-06,EMP203,2025-05-26,2025-06-03,2025-06-09,Completed,Medium
TSK-203-07,EMP203,2025-08-26,2025-09-05,2025-09-06,Completed,High
TSK-203-08,EMP203,2025-02-11,2025-02-25,2025-02-25,Completed,High
TSK-203-09,EMP203,2025-04-27,2025-05-05,,In Progress,High
TSK-203-10,EMP203,2025-10-02,2025-10-09,2025-10-12,Completed,Low
TSK-204-01,EMP204,2025-11-14,2025-11-28,2025-12-01,Completed,High
TSK-204-02,EMP204,2025-04-22,2025-05-01,2025-05-04,Completed,High
TSK-204-03,EMP204,2025-10-13,2025-10-24,2025-10-25,Completed,Low
TSK-204-04,EMP204,2025-10-24,2025-11-04,2025-11-09,Completed,Low
TSK-204-05,EMP204,2025-03-17,2025-03-21,2025-03-21,Completed,Low
TSK-204-06,EMP204,2025-09-29,2025-10-12,2025-10-11,Completed,Low
TSK-204-07,EMP204,2025-08-02,2025-08-08,2025-08-13,Completed,Medium
TSK-204-08,EMP204,2025-04-16,2025-04-28,2025-04-25,Completed,High
TSK-204-09,EMP204,2025-08-20,2025-08-31,2025-09-03,Completed,High
TSK-204-10,EMP204,2025-07-26,2025-07-30,2025-07-30,Completed,High
TSK-205-01,EMP205,2025-09-21,2025-09-29,2025-09-29,Completed,High
TSK-205-02,EMP205,2025-02-05,2025-02-11,2025-02-07,Completed,Medium
TSK-205-03,EMP205,2025-11-09,2025-11-12,2025-11-15,Completed,High
TSK-205-04,EMP205,2025-01-14,2025-01-19,2025-01-21,Completed,High
TSK-205-05,EMP205,2025-12-10,2025-12-23,2025-12-20,Completed,Low
TSK-205-06,EMP205,2025-09-16,2025-09-20,2025-09-22,Completed,Medium
TSK-205-07,EMP205,2025-09-21,2025-09-30,,Not Started,Medium
TSK-205-08,EMP205,2025-06-13,2025-06-19,2025-06-15,Completed,Low
TSK-205-09,EMP205,2025-05-19,2025-05-27,,In Progress,Medium
TSK-205-10,EMP205,2025-06-19,2025-07-03,,In Progress,Medium
TSK-206-01,EMP206,2025-01-05,2025-01-10,,In Progress,High
TSK-206-02,EMP206,2025-10-19,2025-10-23,2025-10-27,Completed,Low
TSK-206-03,EMP206,2025-05-22,2025-06-05,2025-06-11,Completed,High
TSK-206-04,EMP206,2025-07-04,2025-07-13,2025-07-16,Completed,Low
TSK-206-05,EMP206,2025-03-29,2025-04-07,2025-04-10,Completed,High
TSK-206-06,EMP206,2025-03-02,2025-03-08,2025-03-06,Completed,Low
TSK-206-07,EMP206,2025-10-17,2025-10-24,2025-10-29,Completed,Medium
TSK-206-08,EMP206,2025-09-10,2025-09-18,2025-09-16,Completed,High
TSK-206-09,EMP206,2025-11-04,2025-11-07,2025-11-11,Completed,High
TSK-206-10,EMP206,2025-02-14,2025-02-28,,Not Started,Low
TSK-207-01,EMP207,2025-11-21,2025-12-03,2025-11-30,Completed,High
TSK-207-02,EMP207,2025-06-12,2025-06-21,2025-06-22,Completed,Low
TSK-207-03,EMP207,2025-02-19,2025-03-05,2025-03-10,Completed,Medium
TSK-207-04,EMP207,2025-06-15,2025-06-19,,Not Started,Low
TSK-207-05,EMP207,2025-01-01,2025-01-06,2025-01-04,Completed,Medium
TSK-207-06,EMP207,2025-02-24,2025-03-03,,Not Started,Medium
TSK-207-07,EMP207,2025-02-26,2025-03-09,2025-03-10,Completed,Low
TSK-207-08,EMP207,2025-09-15,2025-09-27,2025-10-02,Completed,Low
TSK-207-09,EMP207,2025-09-09,2025-09-23,2025-09-23,Completed,Low
TSK-207-10,EMP207,2025-10-18,2025-10-27,,In Progress,Low
TSK-208-01,EMP208,2025-07-20,2025-07-25,2025-07-28,Completed,Low
TSK-208-02,EMP208,2025-12-08,2025-12-13,2025-12-18,Completed,Medium
TSK-208-03,EMP208,2025-06-22,2025-07-04,,In Progress,Low
TSK-208-04,EMP208,2025-10-21,2025-10-26,,In Progress,High
TSK-208-05,EMP208,2025-03-08,2025-03-19,,Not Started,High
TSK-208-06,EMP208,2025-11-20,2025-11-28,2025-12-01,Completed,Medium
TSK-208-07,EMP208,2025-10-15,2025-10-27,2025-10-31,Completed,Low
TSK-208-08,EMP208,2025-11-10,2025-11-19,2025-11-22,Completed,Low
TSK-208-09,EMP208,2025-11-24,2025-12-04,2025-11-30,Completed,Low
TSK-208-10,EMP208,2025-07-27,2025-08-04,2025-08-02,Completed,Low
TSK-209-01,EMP209,2025-10-09,2025-10-13,2025-10-16,Completed,Medium
TSK-209-02,EMP209,2025-06-24,2025-06-29,2025-06-26,Completed,Low
TSK-209-03,EMP209,2025-01-02,2025-01-12,2025-01-10,Completed,Medium
TSK-209-04,EMP209,2025-08-04,2025-08-07,2025-08-03,Completed,Medium
TSK-209-05,EMP209,2025-02-11,2025-02-17,,In Progress,Medium
TSK-209-06,EMP209,2025-05-16,2025-05-21,2025-05-24,Completed,Low
TSK-209-07,EMP209,2025-08-02,2025-08-07,2025-08-08,Completed,High
TSK-209-08,EMP209,2025-05-29,2025-06-01,,Not Started,Low
TSK-209-09,EMP209,2025-08-05,2025-08-10,2025-08-15,Completed,Low
TSK-209-10,EMP209,2025-07-15,2025-07-24,2025-07-23,Completed,Medium
TSK-210-01,EMP210,2025-08-08,2025-08-19,2025-08-23,Completed,High
TSK-210-02,EMP210,2025-06-06,2025-06-17,2025-06-15,Completed,High
TSK-210-03,EMP210,2025-07-02,2025-07-12,2025-07-16,Completed,Medium
TSK-210-04,EMP210,2025-09-04,2025-09-16,2025-09-22,Completed,High
TSK-210-05,EMP210,2025-07-01,2025-07-14,,Not Started,Low
TSK-210-06,EMP210,2025-11-03,2025-11-06,2025-11-03,Completed,Medium
TSK-210-07,EMP210,2025-02-18,2025-02-28,,Not Started,Low
TSK-210-08,EMP210,2025-02-11,2025-02-24,2025-02-26,Completed,Medium
TSK-210-09,EMP210,2025-12-09,2025-12-20,2025-12-17,Completed,High
TSK-210-10,EMP210,2025-04-12,2025-04-23,2025-04-22,Completed,Medium
TSK-211-01,EMP211,2025-09-08,2025-09-16,2025-09-17,Completed,Low
TSK-211-02,EMP211,2025-04-10,2025-04-21,2025-04-20,Completed,Medium
TSK-211-03,EMP211,2025-02-16,2025-02-22,2025-02-22,Completed,Medium
TSK-211-04,EMP211,2025-04-14,2025-04-19,2025-04-24,Completed,High
TSK-211-05,EMP211,2025-07-10,2025-07-21,2025-07-17,Completed,Low
TSK-211-06,EMP211,2025-06-10,2025-06-20,2025-06-18,Completed,Medium
TSK-211-07,EMP211,2025-05-09,2025-05-22,2025-05-28,Completed,Low
TSK-211-08,EMP211,2025-01-19,2025-01-29,2025-01-28,Completed,Low
TSK-211-09,EMP211,2025-01-01,2025-01-12,2025-01-12,Completed,High
TSK-211-10,EMP211,2025-03-15,2025-03-18,,In Progress,Low
TSK-212-01,EMP212,2025-10-01,2025-10-04,2025-10-05,Completed,Low
TSK-212-02,EMP212,2025-05-13,2025-05-20,,In Progress,High
TSK-212-03,EMP212,2025-03-16,2025-03-20,2025-03-16,Completed,Low
TSK-212-04,EMP212,2025-09-28,2025-10-11,2025-10-13,Completed,Medium
TSK-212-05,EMP212,2025-01-23,2025-01-30,2025-02-04,Completed,Low
TSK-212-06,EMP212,2025-02-12,2025-02-21,2025-02-24,Completed,High
TSK-212-07,EMP212,2025-08-18,2025-08-27,2025-08-28,Completed,Low
TSK-212-08,EMP212,2025-05-17,2025-05-22,2025-05-21,Completed,Low
TSK-212-09,EMP212,2025-08-09,2025-08-23,,Not Started,High
TSK-212-10,EMP212,2025-04-06,2025-04-14,2025-04-13,Completed,Medium
TSK-213-01,EMP213,2025-09-02,2025-09-05,2025-09-06,Completed,Low
TSK-213-02,EMP213,2025-06-20,2025-06-30,2025-07-05,Completed,Medium
TSK-213-03,EMP213,2025-07-17,2025-07-27,2025-07-24,Completed,High
TSK-213-04,EMP213,2025-01-13,2025-01-25,2025-01-28,Completed,Medium
TSK-213-05,EMP213,2025-06-21,2025-06-24,,Not Started,Medium
TSK-213-06,EMP213,2025-02-03,2025-02-15,2025-02-15,Completed,Low
TSK-213-07,EMP213,2025-10-01,2025-10-06,2025-10-11,Completed,Medium
TSK-213-08,EMP213,2025-05-28,2025-06-09,2025-06-15,Completed,Medium
TSK-213-09,EMP213,2025-06-11,2025-06-15,2025-06-14,Completed,Medium
TSK-213-10,EMP213,2025-12-11,2025-12-23,2025-12-24,Completed,Medium
TSK-214-01,EMP214,2025-04-28,2025-05-09,2025-05-05,Completed,Low
TSK-214-02,EMP214,2025-07-11,2025-07-14,2025-07-15,Completed,Medium
TSK-214-03,EMP214,2025-05-12,2025-05-16,2025-05-12,Completed,Low
TSK-214-04,EMP214,2025-08-16,2025-08-24,2025-08-28,Completed,High
TSK-214-05,EMP214,2025-05-02,2025-05-12,2025-05-13,Completed,High
TSK-214-06,EMP214,2025-08-23,2025-09-05,2025-09-03,Completed,High
TSK-214-07,EMP214,2025-11-11,2025-11-23,2025-11-26,Completed,Low
TSK-214-08,EMP214,2025-05-03,2025-05-07,2025-05-11,Completed,High
TSK-214-09,EMP214,2025-09-06,2025-09-20,2025-09-24,Completed,High
TSK-214-10,EMP214,2025-02-27,2025-03-08,2025-03-08,Completed,High
TSK-215-01,EMP215,2025-08-29,2025-09-04,2025-09-01,Completed,High
TSK-215-02,EMP215,2025-10-05,2025-10-08,2025-10-04,Completed,High
TSK-215-03,EMP215,2025-11-11,2025-11-14,2025-11-14,Completed,High
TSK-215-04,EMP215,2025-03-26,2025-04-02,2025-03-31,Completed,High
TSK-215-05,EMP215,2025-06-19,2025-06-23,2025-06-29,Completed,High
TSK-215-06,EMP215,2025-01-22,2025-01-30,2025-02-05,Completed,Medium
TSK-215-07,EMP215,2025-02-27,2025-03-02,2025-02-27,Completed,Low
TSK-215-08,EMP215,2025-07-27,2025-08-09,2025-08-07,Completed,High
TSK-215-09,EMP215,2025-11-27,2025-12-01,2025-12-04,Completed,Medium
TSK-215-10,EMP215,2025-10-02,2025-10-07,2025-10-12,Completed,Medium
TSK-216-01,EMP216,2025-03-22,2025-03-26,2025-03-28,Completed,Medium
TSK-216-02,EMP216,2025-04-23,2025-04-28,,In Progress,High
TSK-216-03,EMP216,2025-01-22,2025-01-28,,In Progress,High
TSK-216-04,EMP216,2025-08-01,2025-08-12,2025-08-12,Completed,High
TSK-216-05,EMP216,2025-05-30,2025-06-11,2025-06-14,Completed,Medium
TSK-216-06,EMP216,2025-08-23,2025-08-30,,In Progress,Medium
TSK-216-07,EMP216,2025-01-13,2025-01-27,2025-01-25,Completed,Medium
TSK-216-08,EMP216,2025-06-22,2025-06-29,,Not Started,Low
TSK-216-09,EMP216,2025-10-04,2025-10-08,2025-10-06,Completed,Medium
TSK-216-10,EMP216,2025-11-05,2025-11-17,2025-11-23,Completed,High
TSK-217-01,EMP217,2025-06-10,2025-06-20,,In Progress,High
TSK-217-02,EMP217,2025-04-09,2025-04-12,2025-04-14,Completed,High
TSK-217-03,EMP217,2025-05-08,2025-05-18,2025-05-19,Completed,Medium
TSK-217-04,EMP217,2025-06-03,2025-06-10,2025-06-06,Completed,Medium
TSK-217-05,EMP217,2025-08-21,2025-08-26,2025-08-30,Completed,Medium
TSK-217-06,EMP217,2025-10-11,2025-10-14,2025-10-11,Completed,Medium
TSK-217-07,EMP217,2025-06-10,2025-06-18,,Not Started,Low
TSK-217-08,EMP217,2025-10-16,2025-10-22,2025-10-23,Completed,Medium
TSK-217-09,EMP217,2025-10-07,2025-10-12,2025-10-15,Completed,High
TSK-217-10,EMP217,2025-06-24,2025-07-05,2025-07-11,Completed,High
TSK-218-01,EMP218,2025-09-17,2025-10-01,,In Progress,Medium
TSK-218-02,EMP218,2025-03-29,2025-04-05,2025-04-07,Completed,Low
TSK-218-03,EMP218,2025-02-14,2025-02-20,2025-02-22,Completed,Medium
TSK-218-04,EMP218,2025-05-08,2025-05-20,2025-05-24,Completed,High
TSK-218-05,EMP218,2025-03-02,2025-03-05,,Not Started,High
TSK-218-06,EMP218,2025-04-15,2025-04-24,,In Progress,High
TSK-218-07,EMP218,2025-05-29,2025-06-06,2025-06-06,Completed,High
TSK-218-08,EMP218,2025-06-06,2025-06-12,2025-06-09,Completed,Medium
TSK-218-09,EMP218,2025-12-14,2025-12-23,2025-12-26,Completed,Medium
TSK-218-10,EMP218,2025-04-29,2025-05-10,2025-05-16,Completed,Low
TSK-219-01,EMP219,2025-05-04,2025-05-14,,Not Started,Low
TSK-219-02,EMP219,2025-11-10,2025-11-16,2025-11-15,Completed,Low
TSK-219-03,EMP219,2025-04-07,2025-04-16,,In Progress,High
TSK-219-04,EMP219,2025-12-01,2025-12-11,2025-12-11,Completed,Low
TSK-219-05,EMP219,2025-02-05,2025-02-08,2025-02-14,Completed,High
TSK-219-06,EMP219,2025-09-17,2025-09-23,2025-09-21,Completed,Medium
TSK-219-07,EMP219,2025-10-28,2025-11-11,2025-11-17,Completed,Low
TSK-219-08,EMP219,2025-04-12,2025-04-25,2025-04-25,Completed,High
TSK-219-09,EMP219,2025-01-26,2025-02-02,2025-02-02,Completed,Medium
TSK-219-10,EMP219,2025-08-16,2025-08-29,2025-08-26,Completed,High
TSK-220-01,EMP220,2025-10-17,2025-10-23,2025-10-25,Completed,Low
TSK-220-02,EMP220,2025-05-17,2025-05-25,2025-05-30,Completed,High
TSK-220-03,EMP220,2025-07-22,2025-08-04,,In Progress,Low
TSK-220-04,EMP220,2025-02-07,2025-02-13,2025-02-19,Completed,High
TSK-220-05,EMP220,2025-01-20,2025-01-23,2025-01-23,Completed,Low
TSK-220-06,EMP220,2025-05-17,2025-05-23,2025-05-22,Completed,Low
TSK-220-07,EMP220,2025-01-27,2025-02-06,2025-02-08,Completed,Medium
TSK-220-08,EMP220,2025-07-23,2025-08-02,2025-08-07,Completed,High
TSK-220-09,EMP220,2025-10-10,2025-10-14,,In Progress,High
TSK-220-10,EMP220,2025-07-22,2025-07-30,2025-08-05,Completed,Medium
TSK-221-01,EMP221,2025-08-28,2025-09-11,2025-09-15,Completed,Medium
TSK-221-02,EMP221,2025-11-18,2025-11-25,,In Progress,High
TSK-221-03,EMP221,2025-06-28,2025-07-06,2025-07-03,Completed,Medium
TSK-221-04,EMP221,2025-10-27,2025-11-10,2025-11-12,Completed,High
TSK-221-05,EMP221,2025-07-09,2025-07-15,2025-07-13,Completed,Medium
TSK-221-06,EMP221,2025-11-29,2025-12-03,2025-12-06,Completed,Medium
TSK-221-07,EMP221,2025-05-04,2025-05-10,,In Progress,Low
TSK-221-08,EMP221,2025-07-31,2025-08-11,2025-08-07,Completed,Medium
TSK-221-09,EMP221,2025-01-04,2025-01-16,2025-01-16,Completed,Medium
TSK-221-10,EMP221,2025-01-18,2025-01-27,2025-01-23,Completed,Low
TSK-222-01,EMP222,2025-10-18,2025-10-23,2025-10-23,Completed,High
TSK-222-02,EMP222,2025-03-20,2025-03-28,2025-03-27,Completed,Medium
TSK-222-03,EMP222,2025-08-01,2025-08-12,2025-08-17,Completed,Medium
TSK-222-04,EMP222,2025-05-25,2025-06-02,2025-06-03,Completed,High
TSK-222-05,EMP222,2025-08-21,2025-09-01,2025-08-29,Completed,Low
TSK-222-06,EMP222,2025-09-18,2025-09-24,2025-09-29,Completed,Low
TSK-222-07,EMP222,2025-09-20,2025-10-01,2025-10-02,Completed,Low
TSK-222-08,EMP222,2025-07-13,2025-07-27,,In Progress,High
TSK-222-09,EMP222,2025-11-10,2025-11-14,2025-11-11,Completed,High
TSK-222-10,EMP222,2025-06-27,2025-07-05,2025-07-05,Completed,High
TSK-223-01,EMP223,2025-08-02,2025-08-14,2025-08-14,Completed,Medium
TSK-223-02,EMP223,2025-04-15,2025-04-21,,In Progress,Low
TSK-223-03,EMP223,2025-08-13,2025-08-22,2025-08-28,Completed,Medium
TSK-223-04,EMP223,2025-05-09,2025-05-21,2025-05-21,Completed,Medium
TSK-223-05,EMP223,2025-03-10,2025-03-21,2025-03-19,Completed,Medium
TSK-223-06,EMP223,2025-11-02,2025-11-15,2025-11-19,Completed,Low
TSK-223-07,EMP223,2025-03-06,2025-03-11,2025-03-14,Completed,Medium
TSK-223-08,EMP223,2025-05-19,2025-05-31,2025-06-06,Completed,Medium
TSK-223-09,EMP223,2025-10-06,2025-10-11,2025-10-13,Completed,High
TSK-223-10,EMP223,2025-06-30,2025-07-12,2025-07-18,Completed,High
TSK-224-01,EMP224,2025-01-22,2025-02-03,2025-01-31,Completed,High
TSK-224-02,EMP224,2025-09-29,2025-10-05,2025-10-10,Completed,Medium
TSK-224-03,EMP224,2025-01-27,2025-02-03,2025-02-08,Completed,High
TSK-224-04,EMP224,2025-10-11,2025-10-14,2025-10-11,Completed,Medium
TSK-224-05,EMP224,2025-01-29,2025-02-02,2025-02-02,Completed,High
TSK-224-06,EMP224,2025-10-29,2025-11-12,2025-11-18,Completed,Medium
TSK-224-07,EMP224,2025-03-07,2025-03-13,2025-03-12,Completed,High
TSK-224-08,EMP224,2025-08-17,2025-08-23,2025-08-19,Completed,High
TSK-224-09,EMP224,2025-03-22,2025-04-03,2025-03-30,Completed,High
TSK-224-10,EMP224,2025-10-05,2025-10-19,2025-10-25,Completed,High
TSK-225-01,EMP225,2025-02-19,2025-02-23,,Not Started,High
TSK-225-02,EMP225,2025-03-31,2025-04-05,2025-04-05,Completed,Medium
TSK-225-03,EMP225,2025-09-08,2025-09-13,2025-09-11,Completed,Low
TSK-225-04,EMP225,2025-12-13,2025-12-27,2025-12-23,Completed,High
TSK-225-05,EMP225,2025-07-16,2025-07-25,,In Progress,High
TSK-225-06,EMP225,2025-01-19,2025-01-31,2025-01-31,Completed,Medium
TSK-225-07,EMP225,2025-07-02,2025-07-06,,Not Started,Low
TSK-225-08,EMP225,2025-02-19,2025-02-23,2025-02-23,Completed,Low
TSK-225-09,EMP225,2025-10-18,2025-10-30,,In Progress,Low
TSK-225-10,EMP225,2025-07-06,2025-07-14,2025-07-11,Completed,Low
TSK-226-01,EMP226,2025-11-29,2025-12-10,2025-12-12,Completed,Medium
TSK-226-02,EMP226,2025-11-02,2025-11-08,2025-11-05,Completed,High
TSK-226-03,EMP226,2025-01-19,2025-01-23,2025-01-29,Completed,Low
TSK-226-04,EMP226,2025-05-30,2025-06-11,,Not Started,Medium
TSK-226-05,EMP226,2025-10-18,2025-10-23,2025-10-27,Completed,Low
TSK-226-06,EMP226,2025-04-30,2025-05-11,2025-05-13,Completed,Medium
TSK-226-07,EMP226,2025-04-27,2025-05-09,2025-05-09,Completed,Medium
TSK-226-08,EMP226,2025-11-12,2025-11-20,2025-11-16,Completed,High
TSK-226-09,EMP226,2025-01-29,2025-02-06,2025-02-02,Completed,Low
TSK-226-10,EMP226,2025-05-25,2025-06-05,,In Progress,Medium
TSK-227-01,EMP227,2025-09-02,2025-09-11,,Not Started,Low
TSK-227-02,EMP227,2025-07-23,2025-08-01,,In Progress,High
TSK-227-03,EMP227,2025-09-10,2025-09-16,2025-09-21,Completed,Medium
TSK-227-04,EMP227,2025-05-11,2025-05-14,,In Progress,High
TSK-227-05,EMP227,2025-05-29,2025-06-08,,In Progress,High
TSK-227-06,EMP227,2025-10-30,2025-11-07,2025-11-08,Completed,High
TSK-227-07,EMP227,2025-09-05,2025-09-10,2025-09-10,Completed,Low
TSK-227-08,EMP227,2025-07-19,2025-07-29,2025-08-04,Completed,Low
TSK-227-09,EMP227,2025-08-06,2025-08-20,2025-08-17,Completed,High
TSK-227-10,EMP227,2025-02-07,2025-02-18,2025-02-16,Completed,Medium
TSK-228-01,EMP228,2025-10-03,2025-10-11,2025-10-13,Completed,High
TSK-228-02,EMP228,2025-09-10,2025-09-24,2025-09-22,Completed,Medium
TSK-228-03,EMP228,2025-10-14,2025-10-24,2025-10-28,Completed,Low
TSK-228-04,EMP228,2025-12-10,2025-12-19,2025-12-15,Completed,Low
TSK-228-05,EMP228,2025-08-11,2025-08-22,2025-08-26,Completed,Low
TSK-228-06,EMP228,2025-04-11,2025-04-23,2025-04-29,Completed,High
TSK-228-07,EMP228,2025-07-02,2025-07-08,2025-07-12,Completed,Medium
TSK-228-08,EMP228,2025-12-08,2025-12-20,2025-12-20,Completed,Low
TSK-228-09,EMP228,2025-05-27,2025-06-08,2025-06-04,Completed,Medium
TSK-228-10,EMP228,2025-06-14,2025-06-26,2025-06-29,Completed,Medium
TSK-229-01,EMP229,2025-06-01,2025-06-04,2025-06-10,Completed,Medium
TSK-229-02,EMP229,2025-02-23,2025-02-28,2025-02-26,Completed,Low
TSK-229-03,EMP229,2025-11-14,2025-11-26,2025-11-27,Completed,Low
TSK-229-04,EMP229,2025-05-05,2025-05-13,2025-05-19,Completed,High
TSK-229-05,EMP229,2025-01-07,2025-01-16,,In Progress,Medium
TSK-229-06,EMP229,2025-05-24,2025-05-31,2025-06-06,Completed,Medium
TSK-229-07,EMP229,2025-07-25,2025-08-07,,In Progress,High
TSK-229-08,EMP229,2025-12-05,2025-12-19,,In Progress,High
TSK-229-09,EMP229,2025-07-04,2025-07-10,2025-07-15,Completed,Low
TSK-229-10,EMP229,2025-03-04,2025-03-15,2025-03-13,Completed,Low
TSK-230-01,EMP230,2025-12-03,2025-12-10,2025-12-13,Completed,High
TSK-230-02,EMP230,2025-06-29,2025-07-06,2025-07-08,Completed,Medium
TSK-230-03,EMP230,2025-05-13,2025-05-17,2025-05-14,Completed,Low
TSK-230-04,EMP230,2025-02-27,2025-03-02,2025-02-28,Completed,Medium
TSK-230-05,EMP230,2025-06-02,2025-06-16,2025-06-12,Completed,Medium
TSK-230-06,EMP230,2025-02-26,2025-03-12,2025-03-11,Completed,Medium
TSK-230-07,EMP230,2025-12-10,2025-12-19,2025-12-23,Completed,Medium
TSK-230-08,EMP230,2025-05-23,2025-06-02,2025-05-31,Completed,Medium
TSK-230-09,EMP230,2025-07-05,2025-07-14,2025-07-15,Completed,Low
TSK-230-10,EMP230,2025-09-19,2025-10-02,2025-10-08,Completed,Medium
TSK-231-01,EMP231,2025-03-18,2025-04-01,2025-03-28,Completed,Medium
TSK-231-02,EMP231,2025-08-04,2025-08-10,2025-08-06,Completed,Medium
TSK-231-03,EMP231,2025-05-15,2025-05-19,2025-05-22,Completed,Medium
TSK-231-04,EMP231,2025-02-03,2025-02-08,,In Progress,Medium
TSK-231-05,EMP231,2025-08-16,2025-08-27,2025-08-25,Completed,Low
TSK-231-06,EMP231,2025-03-25,2025-04-08,,Not Started,Low
TSK-231-07,EMP231,2025-09-14,2025-09-24,2025-09-30,Completed,High
TSK-231-08,EMP231,2025-05-26,2025-06-02,2025-05-30,Completed,Medium
TSK-231-09,EMP231,2025-01-02,2025-01-09,2025-01-07,Completed,Medium
TSK-231-10,EMP231,2025-08-07,2025-08-17,,Not Started,High
TSK-232-01,EMP232,2025-03-06,2025-03-20,2025-03-16,Completed,High
TSK-232-02,EMP232,2025-06-20,2025-07-04,2025-06-30,Completed,High
TSK-232-03,EMP232,2025-07-08,2025-07-17,2025-07-16,Completed,High
TSK-232-04,EMP232,2025-10-20,2025-11-01,2025-11-02,Completed,Medium
TSK-232-05,EMP232,2025-04-24,2025-05-04,2025-05-05,Completed,High
TSK-232-06,EMP232,2025-01-17,2025-01-25,,Not Started,Medium
TSK-232-07,EMP232,2025-02-09,2025-02-15,,In Progress,Low
TSK-232-08,EMP232,2025-05-06,2025-05-14,2025-05-19,Completed,Medium
TSK-232-09,EMP232,2025-08-30,2025-09-08,2025-09-12,Completed,Low
TSK-232-10,EMP232,2025-02-03,2025-02-12,2025-02-09,Completed,Low
TSK-233-01,EMP233,2025-03-02,2025-03-07,,In Progress,High
TSK-233-02,EMP233,2025-06-27,2025-07-09,2025-07-06,Completed,Low
TSK-233-03,EMP233,2025-04-07,2025-04-15,,In Progress,High
TSK-233-04,EMP233,2025-05-05,2025-05-09,2025-05-10,Completed,Low
TSK-233-05,EMP233,2025-09-30,2025-10-14,2025-10-16,Completed,Low
TSK-233-06,EMP233,2025-11-15,2025-11-19,2025-11-17,Completed,High
TSK-233-07,EMP233,2025-07-08,2025-07-19,2025-07-25,Completed,Low
TSK-233-08,EMP233,2025-08-21,2025-09-03,2025-09-04,Completed,Low
TSK-233-09,EMP233,2025-01-15,2025-01-28,2025-01-28,Completed,Low
TSK-233-10,EMP233,2025-05-14,2025-05-23,,Not Started,High
TSK-234-01,EMP234,2025-11-05,2025-11-13,,Not Started,Low
TSK-234-02,EMP234,2025-02-11,2025-02-15,,Not Started,Low
TSK-234-03,EMP234,2025-10-26,2025-11-08,2025-11-07,Completed,Medium
TSK-234-04,EMP234,2025-07-21,2025-07-28,2025-07-26,Completed,Low
TSK-234-05,EMP234,2025-10-27,2025-10-30,2025-10-26,Completed,High
TSK-234-06,EMP234,2025-08-24,2025-08-31,2025-09-02,Completed,High
TSK-234-07,EMP234,2025-02-12,2025-02-25,2025-02-26,Completed,Medium
TSK-234-08,EMP234,2025-05-22,2025-06-01,2025-05-29,Completed,Medium
TSK-234-09,EMP234,2025-01-21,2025-01-24,2025-01-25,Completed,Low
TSK-234-10,EMP234,2025-06-16,2025-06-28,2025-07-01,Completed,Low
TSK-235-01,EMP235,2025-11-05,2025-11-11,2025-11-09,Completed,Low
TSK-235-02,EMP235,2025-02-07,2025-02-16,2025-02-20,Completed,Low
TSK-235-03,EMP235,2025-02-09,2025-02-18,2025-02-16,Completed,High
TSK-235-04,EMP235,2025-11-19,2025-12-01,2025-12-04,Completed,Low
TSK-235-05,EMP235,2025-02-20,2025-03-03,2025-03-02,Completed,Low
TSK-235-06,EMP235,2025-12-08,2025-12-17,2025-12-13,Completed,Low
TSK-235-07,EMP235,2025-08-04,2025-08-17,2025-08-20,Completed,Low
TSK-235-08,EMP235,2025-03-28,2025-04-08,2025-04-08,Completed,Medium
TSK-235-09,EMP235,2025-01-08,2025-01-21,2025-01-22,Completed,Medium
TSK-235-10,EMP235,2025-03-11,2025-03-17,2025-03-17,Completed,Medium
TSK-236-01,EMP236,2025-10-08,2025-10-20,2025-10-19,Completed,Medium
TSK-236-02,EMP236,2025-05-29,2025-06-11,2025-06-07,Completed,Medium
TSK-236-03,EMP236,2025-08-27,2025-09-06,2025-09-04,Completed,Medium
TSK-236-04,EMP236,2025-05-18,2025-05-31,2025-06-04,Completed,Medium
TSK-236-05,EMP236,2025-11-28,2025-12-08,2025-12-08,Completed,High
TSK-236-06,EMP236,2025-08-20,2025-08-24,,Not Started,High
TSK-236-07,EMP236,2025-02-13,2025-02-18,2025-02-18,Completed,High
TSK-236-08,EMP236,2025-06-11,2025-06-18,2025-06-24,Completed,Medium
TSK-236-09,EMP236,2025-11-26,2025-12-05,2025-12-07,Completed,Medium
TSK-236-10,EMP236,2025-06-22,2025-07-03,2025-06-30,Completed,High
TSK-237-01,EMP237,2025-09-16,2025-09-27,2025-09-28,Completed,High
TSK-237-02,EMP237,2025-02-17,2025-02-28,2025-03-04,Completed,Low
TSK-237-03,EMP237,2025-04-23,2025-05-01,2025-05-03,Completed,High
TSK-237-04,EMP237,2025-10-01,2025-10-15,2025-10-18,Completed,Medium
TSK-237-05,EMP237,2025-09-23,2025-09-30,,In Progress,Low
TSK-237-06,EMP237,2025-10-02,2025-10-10,2025-10-12,Completed,High
TSK-237-07,EMP237,2025-04-20,2025-04-23,2025-04-20,Completed,High
TSK-237-08,EMP237,2025-06-14,2025-06-17,2025-06-22,Completed,Medium
TSK-237-09,EMP237,2025-04-10,2025-04-16,,In Progress,Low
TSK-237-10,EMP237,2025-05-31,2025-06-09,2025-06-11,Completed,Medium
TSK-238-01,EMP238,2025-09-17,2025-09-21,2025-09-22,Completed,High
TSK-238-02,EMP238,2025-12-04,2025-12-16,,In Progress,Low
TSK-238-03,EMP238,2025-11-21,2025-11-26,2025-11-24,Completed,Medium
TSK-238-04,EMP238,2025-12-02,2025-12-10,2025-12-08,Completed,Medium
TSK-238-05,EMP238,2025-02-10,2025-02-20,2025-02-17,Completed,Low
TSK-238-06,EMP238,2025-11-21,2025-11-25,2025-11-29,Completed,High
TSK-238-07,EMP238,2025-08-14,2025-08-18,2025-08-23,Completed,Medium
TSK-238-08,EMP238,2025-04-11,2025-04-21,2025-04-24,Completed,Low
TSK-238-09,EMP238,2025-09-07,2025-09-16,2025-09-16,Completed,High
TSK-238-10,EMP238,2025-11-20,2025-11-24,,Not Started,Medium
TSK-239-01,EMP239,2025-09-02,2025-09-16,2025-09-12,Completed,High
TSK-239-02,EMP239,2025-12-02,2025-12-16,2025-12-21,Completed,High
TSK-239-03,EMP239,2025-07-21,2025-07-24,,In Progress,High
TSK-239-04,EMP239,2025-10-29,2025-11-07,2025-11-06,Completed,Medium
TSK-239-05,EMP239,2025-10-10,2025-10-19,2025-10-25,Completed,Medium
TSK-239-06,EMP239,2025-04-12,2025-04-25,2025-04-25,Completed,Low
TSK-239-07,EMP239,2025-03-31,2025-04-06,2025-04-10,Completed,Medium
TSK-239-08,EMP239,2025-06-07,2025-06-14,,Not Started,Low
TSK-239-09,EMP239,2025-02-04,2025-02-12,2025-02-18,Completed,Low
TSK-239-10,EMP239,2025-06-09,2025-06-18,,In Progress,High
TSK-240-01,EMP240,2025-01-31,2025-02-09,2025-02-09,Completed,High
TSK-240-02,EMP240,2025-12-05,2025-12-10,2025-12-08,Completed,High
TSK-240-03,EMP240,2025-07-04,2025-07-16,,Not Started,Low
TSK-240-04,EMP240,2025-01-29,2025-02-06,2025-02-12,Completed,High
TSK-240-05,EMP240,2025-01-06,2025-01-17,2025-01-23,Completed,Low
TSK-240-06,EMP240,2025-07-31,2025-08-09,2025-08-07,Completed,Medium
TSK-240-07,EMP240,2025-06-05,2025-06-17,,In Progress,High
TSK-240-08,EMP240,2025-05-10,2025-05-15,,Not Started,High
TSK-240-09,EMP240,2025-05-30,2025-06-08,2025-06-10,Completed,Low
TSK-240-10,EMP240,2025-04-11,2025-04-19,2025-04-18,Completed,High
TSK-241-01,EMP241,2025-07-27,2025-08-06,2025-08-05,Completed,Medium
TSK-241-02,EMP241,2025-07-03,2025-07-06,2025-07-10,Completed,Low
TSK-241-03,EMP241,2025-05-25,2025-06-01,,In Progress,High
TSK-241-04,EMP241,2025-12-05,2025-12-09,,In Progress,Low
TSK-241-05,EMP241,2025-01-24,2025-02-01,2025-02-04,Completed,Medium
TSK-241-06,EMP241,2025-02-13,2025-02-27,2025-03-01,Completed,Medium
TSK-241-07,EMP241,2025-11-17,2025-11-24,2025-11-27,Completed,High
TSK-241-08,EMP241,2025-09-06,2025-09-09,2025-09-05,Completed,Medium
TSK-241-09,EMP241,2025-07-01,2025-07-11,2025-07-07,Completed,Medium
TSK-241-10,EMP241,2025-09-21,2025-09-29,2025-10-02,Completed,Low
TSK-242-01,EMP242,2025-05-27,2025-06-10,2025-06-06,Completed,Medium
TSK-242-02,EMP242,2025-07-14,2025-07-25,,Not Started,Low
TSK-242-03,EMP242,2025-08-13,2025-08-23,2025-08-24,Completed,High
TSK-242-04,EMP242,2025-09-12,2025-09-18,2025-09-17,Completed,Low
TSK-242-05,EMP242,2025-01-06,2025-01-14,2025-01-13,Completed,High
TSK-242-06,EMP242,2025-06-26,2025-07-09,2025-07-14,Completed,Low
TSK-242-07,EMP242,2025-10-06,2025-10-16,2025-10-18,Completed,Low
TSK-242-08,EMP242,2025-03-04,2025-03-18,2025-03-19,Completed,Medium
TSK-242-09,EMP242,2025-04-26,2025-05-05,2025-05-03,Completed,Medium
TSK-242-10,EMP242,2025-09-05,2025-09-11,,In Progress,High
TSK-243-01,EMP243,2025-01-15,2025-01-18,2025-01-20,Completed,Low
TSK-243-02,EMP243,2025-05-20,2025-05-26,2025-05-25,Completed,Low
TSK-243-03,EMP243,2025-01-13,2025-01-25,,Not Started,Low
TSK-243-04,EMP243,2025-08-20,2025-08-27,2025-08-26,Completed,High
TSK-243-05,EMP243,2025-10-24,2025-10-29,2025-11-04,Completed,Low
TSK-243-06,EMP243,2025-12-11,2025-12-20,2025-12-19,Completed,High
TSK-243-07,EMP243,2025-05-13,2025-05-27,2025-05-23,Completed,High
TSK-243-08,EMP243,2025-08-19,2025-08-30,2025-08-29,Completed,Low
TSK-243-09,EMP243,2025-12-16,2025-12-24,2025-12-25,Completed,High
TSK-243-10,EMP243,2025-07-03,2025-07-13,,In Progress,Medium
TSK-244-01,EMP244,2025-02-28,2025-03-13,2025-03-12,Completed,Low
TSK-244-02,EMP244,2025-09-29,2025-10-08,2025-10-04,Completed,Low
TSK-244-03,EMP244,2025-05-08,2025-05-12,2025-05-13,Completed,Medium
TSK-244-04,EMP244,2025-02-16,2025-02-21,2025-02-22,Completed,Medium
TSK-244-05,EMP244,2025-03-24,2025-03-30,2025-04-04,Completed,Low
TSK-244-06,EMP244,2025-06-23,2025-07-01,2025-07-05,Completed,High
TSK-244-07,EMP244,2025-04-04,2025-04-13,,In Progress,Medium
TSK-244-08,EMP244,2025-08-06,2025-08-16,2025-08-17,Completed,High
TSK-244-09,EMP244,2025-09-12,2025-09-19,2025-09-24,Completed,High
TSK-244-10,EMP244,2025-03-09,2025-03-23,2025-03-25,Completed,High
TSK-245-01,EMP245,2025-07-31,2025-08-07,2025-08-11,Completed,Low
TSK-245-02,EMP245,2025-08-12,2025-08-18,2025-08-14,Completed,High
TSK-245-03,EMP245,2025-10-15,2025-10-23,2025-10-29,Completed,Medium
TSK-245-04,EMP245,2025-06-29,2025-07-02,2025-07-06,Completed,Low
TSK-245-05,EMP245,2025-01-18,2025-01-29,2025-01-27,Completed,High
TSK-245-06,EMP245,2025-11-19,2025-11-26,2025-11-26,Completed,Medium
TSK-245-07,EMP245,2025-07-31,2025-08-13,2025-08-15,Completed,High
TSK-245-08,EMP245,2025-09-12,2025-09-26,2025-09-28,Completed,High
TSK-245-09,EMP245,2025-06-01,2025-06-14,,In Progress,Low
TSK-245-10,EMP245,2025-07-08,2025-07-21,2025-07-25,Completed,Medium
TSK-246-01,EMP246,2025-12-06,2025-12-15,2025-12-21,Completed,High
TSK-246-02,EMP246,2025-05-09,2025-05-18,2025-05-19,Completed,Medium
TSK-246-03,EMP246,2025-02-10,2025-02-13,2025-02-13,Completed,Medium
TSK-246-04,EMP246,2025-03-19,2025-03-28,2025-04-02,Completed,Low
TSK-246-05,EMP246,2025-06-11,2025-06-20,2025-06-18,Completed,Medium
TSK-246-06,EMP246,2025-06-08,2025-06-17,2025-06-20,Completed,Medium
TSK-246-07,EMP246,2025-07-19,2025-08-02,,In Progress,Medium
TSK-246-08,EMP246,2025-06-14,2025-06-22,2025-06-21,Completed,Low
TSK-246-09,EMP246,2025-01-10,2025-01-13,2025-01-13,Completed,Medium
TSK-246-10,EMP246,2025-11-03,2025-11-09,2025-11-07,Completed,High
TSK-247-01,EMP247,2025-09-25,2025-09-28,2025-09-24,Completed,High
TSK-247-02,EMP247,2025-10-11,2025-10-23,2025-10-24,Completed,Low
TSK-247-03,EMP247,2025-03-30,2025-04-11,,In Progress,Medium
TSK-247-04,EMP247,2025-02-23,2025-03-03,,In Progress,High
TSK-247-05,EMP247,2025-06-05,2025-06-15,2025-06-20,Completed,Low
TSK-247-06,EMP247,2025-07-26,2025-07-30,2025-07-26,Completed,Low
TSK-247-07,EMP247,2025-04-21,2025-04-28,2025-05-02,Completed,High
TSK-247-08,EMP247,2025-04-22,2025-05-06,2025-05-05,Completed,High
TSK-247-09,EMP247,2025-05-12,2025-05-24,,Not Started,High
TSK-247-10,EMP247,2025-07-01,2025-07-13,2025-07-14,Completed,Medium
TSK-248-01,EMP248,2025-09-21,2025-10-04,2025-10-02,Completed,Low
TSK-248-02,EMP248,2025-09-24,2025-10-05,2025-10-09,Completed,High
TSK-248-03,EMP248,2025-03-17,2025-03-30,2025-03-29,Completed,Medium
TSK-248-04,EMP248,2025-09-17,2025-10-01,2025-09-27,Completed,High
TSK-248-05,EMP248,2025-07-08,2025-07-20,2025-07-21,Completed,Low
TSK-248-06,EMP248,2025-10-02,2025-10-12,2025-10-14,Completed,Low
TSK-248-07,EMP248,2025-01-03,2025-01-10,2025-01-14,Completed,High
TSK-248-08,EMP248,2025-03-21,2025-04-01,2025-03-31,Completed,High
TSK-248-09,EMP248,2025-05-20,2025-05-30,2025-05-31,Completed,Medium
TSK-248-10,EMP248,2025-04-01,2025-04-13,2025-04-11,Completed,High
TSK-249-01,EMP249,2025-09-08,2025-09-19,2025-09-22,Completed,Low
TSK-249-02,EMP249,2025-04-16,2025-04-19,2025-04-23,Completed,High
TSK-249-03,EMP249,2025-05-25,2025-05-29,2025-05-30,Completed,Low
TSK-249-04,EMP249,2025-03-30,2025-04-06,2025-04-04,Completed,Low
TSK-249-05,EMP249,2025-09-16,2025-09-23,2025-09-22,Completed,Low
TSK-249-06,EMP249,2025-10-31,2025-11-08,2025-11-10,Completed,Medium
TSK-249-07,EMP249,2025-07-15,2025-07-27,2025-07-23,Completed,Low
TSK-249-08,EMP249,2025-10-17,2025-10-22,2025-10-22,Completed,Medium
TSK-249-09,EMP249,2025-12-01,2025-12-08,2025-12-06,Completed,High
TSK-249-10,EMP249,2025-08-22,2025-09-01,2025-08-28,Completed,Low
TSK-250-01,EMP250,2025-12-01,2025-12-09,2025-12-10,Completed,Medium
TSK-250-02,EMP250,2025-05-10,2025-05-19,2025-05-16,Completed,Low
TSK-250-03,EMP250,2025-02-28,2025-03-04,2025-03-08,Completed,Low
TSK-250-04,EMP250,2025-06-14,2025-06-23,2025-06-24,Completed,Low
TSK-250-05,EMP250,2025-01-03,2025-01-11,2025-01-15,Completed,High
TSK-250-06,EMP250,2025-08-12,2025-08-26,2025-08-25,Completed,High
TSK-250-07,EMP250,2025-05-17,2025-05-28,,In Progress,Low
TSK-250-08,EMP250,2025-02-08,2025-02-21,2025-02-24,Completed,Medium
TSK-250-09,EMP250,2025-02-07,2025-02-21,2025-02-23,Completed,Medium
TSK-250-10,EMP250,2025-03-04,2025-03-13,2025-03-18,Completed,High
TSK-251-01,EMP251,2025-05-23,2025-06-02,2025-05-30,Completed,Low
TSK-251-02,EMP251,2025-04-25,2025-05-05,2025-05-07,Completed,High
TSK-251-03,EMP251,2025-11-09,2025-11-18,2025-11-19,Completed,High
TSK-251-04,EMP251,2025-06-11,2025-06-24,2025-06-21,Completed,Medium
TSK-251-05,EMP251,2025-03-06,2025-03-13,2025-03-16,Completed,Low
TSK-251-06,EMP251,2025-05-10,2025-05-21,,In Progress,Medium
TSK-251-07,EMP251,2025-12-07,2025-12-16,,In Progress,Low
TSK-251-08,EMP251,2025-04-28,2025-05-11,2025-05-08,Completed,Medium
TSK-251-09,EMP251,2025-01-15,2025-01-28,2025-01-25,Completed,High
TSK-251-10,EMP251,2025-02-26,2025-03-09,,In Progress,High
TSK-252-01,EMP252,2025-12-06,2025-12-17,2025-12-20,Completed,High
TSK-252-02,EMP252,2025-02-21,2025-03-01,2025-03-07,Completed,Medium
TSK-252-03,EMP252,2025-03-25,2025-04-01,2025-04-03,Completed,High
TSK-252-04,EMP252,2025-05-20,2025-06-01,2025-06-05,Completed,High
TSK-252-05,EMP252,2025-05-26,2025-05-31,2025-05-27,Completed,Low
TSK-252-06,EMP252,2025-02-04,2025-02-08,2025-02-08,Completed,Medium
TSK-252-07,EMP252,2025-11-07,2025-11-16,2025-11-22,Completed,High
TSK-252-08,EMP252,2025-10-27,2025-11-05,2025-11-01,Completed,Low
TSK-252-09,EMP252,2025-09-28,2025-10-01,2025-09-28,Completed,High
TSK-252-10,EMP252,2025-10-31,2025-11-06,2025-11-11,Completed,High
TSK-253-01,EMP253,2025-02-15,2025-02-28,2025-03-01,Completed,Medium
TSK-253-02,EMP253,2025-08-11,2025-08-19,2025-08-18,Completed,High
TSK-253-03,EMP253,2025-01-01,2025-01-11,,In Progress,High
TSK-253-04,EMP253,2025-01-19,2025-01-28,2025-02-03,Completed,High
TSK-253-05,EMP253,2025-04-21,2025-04-26,,Not Started,Low
TSK-253-06,EMP253,2025-04-22,2025-04-25,,In Progress,Low
TSK-253-07,EMP253,2025-05-25,2025-06-03,2025-06-02,Completed,High
TSK-253-08,EMP253,2025-11-06,2025-11-09,2025-11-15,Completed,High
TSK-253-09,EMP253,2025-11-26,2025-12-07,2025-12-08,Completed,High
TSK-253-10,EMP253,2025-08-10,2025-08-23,,In Progress,Low
TSK-254-01,EMP254,2025-07-22,2025-08-05,2025-08-06,Completed,Medium
TSK-254-02,EMP254,2025-02-05,2025-02-19,2025-02-18,Completed,Low
TSK-254-03,EMP254,2025-02-10,2025-02-24,2025-02-21,Completed,Medium
TSK-254-04,EMP254,2025-09-23,2025-09-26,,Not Started,Medium
TSK-254-05,EMP254,2025-05-19,2025-05-25,2025-05-23,Completed,Medium
TSK-254-06,EMP254,2025-02-25,2025-03-05,2025-03-04,Completed,High
TSK-254-07,EMP254,2025-01-25,2025-01-28,2025-01-28,Completed,Medium
TSK-254-08,EMP254,2025-10-25,2025-10-28,2025-10-28,Completed,Medium
TSK-254-09,EMP254,2025-11-07,2025-11-14,2025-11-12,Completed,Low
TSK-254-10,EMP254,2025-04-29,2025-05-09,2025-05-07,Completed,Medium
TSK-255-01,EMP255,2025-01-19,2025-01-30,,In Progress,Low
TSK-255-02,EMP255,2025-01-19,2025-01-28,2025-01-27,Completed,High
TSK-255-03,EMP255,2025-12-04,2025-12-15,2025-12-12,Completed,High
TSK-255-04,EMP255,2025-03-31,2025-04-07,2025-04-12,Completed,Medium
TSK-255-05,EMP255,2025-10-09,2025-10-19,2025-10-20,Completed,High
TSK-255-06,EMP255,2025-09-11,2025-09-22,2025-09-26,Completed,High
TSK-255-07,EMP255,2025-11-02,2025-11-12,,In Progress,Medium
TSK-255-08,EMP255,2025-10-15,2025-10-21,2025-10-24,Completed,High
TSK-255-09,EMP255,2025-04-17,2025-04-27,2025-04-23,Completed,Low
TSK-255-10,EMP255,2025-06-29,2025-07-04,2025-07-03,Completed,Medium
TSK-256-01,EMP256,2025-06-22,2025-07-01,2025-07-02,Completed,Medium
TSK-256-02,EMP256,2025-06-07,2025-06-11,2025-06-09,Completed,Low
TSK-256-03,EMP256,2025-08-14,2025-08-27,2025-09-02,Completed,Low
TSK-256-04,EMP256,2025-01-27,2025-02-06,2025-02-10,Completed,Low
TSK-256-05,EMP256,2025-07-10,2025-07-16,2025-07-18,Completed,High
TSK-256-06,EMP256,2025-03-11,2025-03-18,2025-03-19,Completed,Low
TSK-256-07,EMP256,2025-12-05,2025-12-10,2025-12-15,Completed,Low
TSK-256-08,EMP256,2025-01-06,2025-01-19,2025-01-17,Completed,Low
TSK-256-09,EMP256,2025-10-29,2025-11-10,2025-11-14,Completed,High
TSK-256-10,EMP256,2025-08-13,2025-08-18,2025-08-23,Completed,Medium
TSK-257-01,EMP257,2025-08-17,2025-08-22,2025-08-19,Completed,Medium
TSK-257-02,EMP257,2025-10-09,2025-10-15,2025-10-16,Completed,Low
TSK-257-03,EMP257,2025-08-24,2025-09-01,2025-08-28,Completed,Low
TSK-257-04,EMP257,2025-04-08,2025-04-20,,In Progress,Low
TSK-257-05,EMP257,2025-10-01,2025-10-06,2025-10-02,Completed,Medium
TSK-257-06,EMP257,2025-04-08,2025-04-22,,Not Started,High
TSK-257-07,EMP257,2025-03-03,2025-03-13,2025-03-12,Completed,Medium
TSK-257-08,EMP257,2025-08-04,2025-08-18,2025-08-14,Completed,High
TSK-257-09,EMP257,2025-05-22,2025-05-25,,In Progress,High
TSK-257-10,EMP257,2025-03-21,2025-04-02,2025-03-29,Completed,Low
TSK-258-01,EMP258,2025-02-14,2025-02-28,,In Progress,Low
TSK-258-02,EMP258,2025-05-20,2025-05-24,,Not Started,High
TSK-258-03,EMP258,2025-08-27,2025-09-06,2025-09-06,Completed,Medium
TSK-258-04,EMP258,2025-07-25,2025-08-03,2025-08-04,Completed,Medium
TSK-258-05,EMP258,2025-02-07,2025-02-16,2025-02-16,Completed,High
TSK-258-06,EMP258,2025-01-23,2025-02-02,2025-02-03,Completed,High
TSK-258-07,EMP258,2025-11-24,2025-11-27,2025-11-23,Completed,High
TSK-258-08,EMP258,2025-04-23,2025-04-28,2025-04-28,Completed,Low
TSK-258-09,EMP258,2025-03-09,2025-03-21,2025-03-20,Completed,High
TSK-258-10,EMP258,2025-01-24,2025-02-06,2025-02-02,Completed,Medium
TSK-259-01,EMP259,2025-01-18,2025-01-25,,In Progress,Low
TSK-259-02,EMP259,2025-05-06,2025-05-14,2025-05-19,Completed,High
TSK-259-03,EMP259,2025-02-10,2025-02-19,2025-02-15,Completed,Medium
TSK-259-04,EMP259,2025-01-25,2025-02-02,2025-02-05,Completed,Low
TSK-259-05,EMP259,2025-06-08,2025-06-19,2025-06-20,Completed,Low
TSK-259-06,EMP259,2025-05-21,2025-05-25,2025-05-22,Completed,High
TSK-259-07,EMP259,2025-04-04,2025-04-07,2025-04-06,Completed,Low
TSK-259-08,EMP259,2025-06-16,2025-06-27,2025-06-30,Completed,Medium
TSK-259-09,EMP259,2025-06-01,2025-06-08,2025-06-05,Completed,High
TSK-259-10,EMP259,2025-06-01,2025-06-14,2025-06-14,Completed,Low
TSK-260-01,EMP260,2025-08-28,2025-09-04,2025-09-04,Completed,Low
TSK-260-02,EMP260,2025-08-31,2025-09-04,2025-09-02,Completed,Medium
TSK-260-03,EMP260,2025-12-09,2025-12-12,2025-12-10,Completed,Medium
TSK-260-04,EMP260,2025-08-26,2025-09-02,2025-09-02,Completed,High
TSK-260-05,EMP260,2025-08-12,2025-08-24,2025-08-20,Completed,Low
TSK-260-06,EMP260,2025-10-21,2025-10-24,2025-10-23,Completed,Low
TSK-260-07,EMP260,2025-09-14,2025-09-25,2025-09-25,Completed,Medium
TSK-260-08,EMP260,2025-03-14,2025-03-25,2025-03-27,Completed,Medium
TSK-260-09,EMP260,2025-06-18,2025-06-28,,Not Started,Medium
TSK-260-10,EMP260,2025-05-24,2025-06-02,2025-06-06,Completed,Low
TSK-261-01,EMP261,2025-05-19,2025-05-28,2025-05-28,Completed,Low
TSK-261-02,EMP261,2025-09-02,2025-09-08,2025-09-06,Completed,High
TSK-261-03,EMP261,2025-03-16,2025-03-21,2025-03-17,Completed,High
TSK-261-04,EMP261,2025-11-05,2025-11-11,2025-11-12,Completed,Medium
TSK-261-05,EMP261,2025-06-05,2025-06-19,2025-06-23,Completed,Medium
TSK-261-06,EMP261,2025-03-04,2025-03-08,2025-03-14,Completed,Medium
TSK-261-07,EMP261,2025-04-18,2025-04-24,2025-04-26,Completed,Low
TSK-261-08,EMP261,2025-09-30,2025-10-07,2025-10-06,Completed,Low
TSK-261-09,EMP261,2025-08-12,2025-08-17,2025-08-17,Completed,High
TSK-261-10,EMP261,2025-01-25,2025-02-05,,In Progress,Medium
TSK-262-01,EMP262,2025-04-12,2025-04-24,,Not Started,Low
TSK-262-02,EMP262,2025-02-18,2025-02-23,2025-02-25,Completed,Low
TSK-262-03,EMP262,2025-11-03,2025-11-10,2025-11-15,Completed,Medium
TSK-262-04,EMP262,2025-03-12,2025-03-16,2025-03-15,Completed,Low
TSK-262-05,EMP262,2025-06-28,2025-07-12,2025-07-11,Completed,Low
TSK-262-06,EMP262,2025-05-26,2025-06-03,2025-06-08,Completed,High
TSK-262-07,EMP262,2025-04-15,2025-04-25,2025-04-23,Completed,High
TSK-262-08,EMP262,2025-03-07,2025-03-13,2025-03-12,Completed,High
TSK-262-09,EMP262,2025-03-19,2025-04-02,2025-03-31,Completed,Low
TSK-262-10,EMP262,2025-05-23,2025-05-30,2025-05-31,Completed,Medium
TSK-263-01,EMP263,2025-05-16,2025-05-23,,In Progress,Low
TSK-263-02,EMP263,2025-04-18,2025-04-21,2025-04-18,Completed,High
TSK-263-03,EMP263,2025-06-11,2025-06-20,2025-06-25,Completed,Low
TSK-263-04,EMP263,2025-03-16,2025-03-26,2025-03-24,Completed,Medium
TSK-263-05,EMP263,2025-10-29,2025-11-11,,Not Started,High
TSK-263-06,EMP263,2025-05-07,2025-05-11,,Not Started,Medium
TSK-263-07,EMP263,2025-04-23,2025-04-28,2025-04-30,Completed,Low
TSK-263-08,EMP263,2025-02-18,2025-02-22,,Not Started,Medium
TSK-263-09,EMP263,2025-03-10,2025-03-22,2025-03-19,Completed,High
TSK-263-10,EMP263,2025-05-28,2025-06-05,2025-06-07,Completed,Low
TSK-264-01,EMP264,2025-04-28,2025-05-05,,Not Started,Low
TSK-264-02,EMP264,2025-01-06,2025-01-15,2025-01-13,Completed,High
TSK-264-03,EMP264,2025-05-05,2025-05-16,2025-05-20,Completed,Medium
TSK-264-04,EMP264,2025-04-01,2025-04-09,2025-04-06,Completed,Low
TSK-264-05,EMP264,2025-11-02,2025-11-11,2025-11-13,Completed,Low
TSK-264-06,EMP264,2025-11-01,2025-11-10,2025-11-14,Completed,Low
TSK-264-07,EMP264,2025-11-03,2025-11-17,2025-11-21,Completed,Low
TSK-264-08,EMP264,2025-11-04,2025-11-18,2025-11-18,Completed,High
TSK-264-09,EMP264,2025-10-01,2025-10-08,2025-10-05,Completed,Medium
TSK-264-10,EMP264,2025-10-05,2025-10-19,2025-10-24,Completed,Low
TSK-265-01,EMP265,2025-10-07,2025-10-21,2025-10-20,Completed,High
TSK-265-02,EMP265,2025-07-28,2025-08-08,,In Progress,Low
TSK-265-03,EMP265,2025-06-23,2025-06-30,,In Progress,Medium
TSK-265-04,EMP265,2025-10-29,2025-11-05,2025-11-09,Completed,Medium
TSK-265-05,EMP265,2025-08-03,2025-08-08,2025-08-06,Completed,Medium
TSK-265-06,EMP265,2025-10-18,2025-10-26,2025-10-24,Completed,Low
TSK-265-07,EMP265,2025-09-13,2025-09-23,2025-09-20,Completed,Medium
TSK-265-08,EMP265,2025-07-07,2025-07-10,2025-07-07,Completed,Medium
TSK-265-09,EMP265,2025-04-19,2025-04-28,2025-05-02,Completed,Medium
TSK-265-10,EMP265,2025-05-22,2025-05-27,,Not Started,Low
TSK-266-01,EMP266,2025-08-09,2025-08-19,2025-08-24,Completed,Low
TSK-266-02,EMP266,2025-04-15,2025-04-27,,Not Started,Medium
TSK-266-03,EMP266,2025-04-28,2025-05-10,2025-05-11,Completed,High
TSK-266-04,EMP266,2025-07-22,2025-07-29,2025-07-26,Completed,High
TSK-266-05,EMP266,2025-06-14,2025-06-23,2025-06-22,Completed,High
TSK-266-06,EMP266,2025-06-20,2025-07-02,2025-07-05,Completed,Low
TSK-266-07,EMP266,2025-09-16,2025-09-25,2025-09-27,Completed,Medium
TSK-266-08,EMP266,2025-01-21,2025-02-02,2025-02-02,Completed,High
TSK-266-09,EMP266,2025-07-23,2025-07-26,,In Progress,High
TSK-266-10,EMP266,2025-06-06,2025-06-14,,In Progress,Low
TSK-267-01,EMP267,2025-07-26,2025-08-08,2025-08-07,Completed,Low
TSK-267-02,EMP267,2025-08-15,2025-08-23,2025-08-25,Completed,Medium
TSK-267-03,EMP267,2025-06-22,2025-07-05,2025-07-01,Completed,Low
TSK-267-04,EMP267,2025-02-17,2025-03-03,2025-03-04,Completed,Medium
TSK-267-05,EMP267,2025-11-28,2025-12-09,2025-12-08,Completed,High
TSK-267-06,EMP267,2025-02-03,2025-02-12,2025-02-17,Completed,High
TSK-267-07,EMP267,2025-02-22,2025-03-03,2025-03-02,Completed,Low
TSK-267-08,EMP267,2025-11-01,2025-11-13,2025-11-11,Completed,Low
TSK-267-09,EMP267,2025-08-28,2025-09-05,,Not Started,Medium
TSK-267-10,EMP267,2025-05-12,2025-05-20,2025-05-25,Completed,Low
TSK-268-01,EMP268,2025-05-04,2025-05-10,2025-05-06,Completed,Medium
TSK-268-02,EMP268,2025-01-08,2025-01-20,2025-01-24,Completed,Low
TSK-268-03,EMP268,2025-03-30,2025-04-07,2025-04-07,Completed,Medium
TSK-268-04,EMP268,2025-06-16,2025-06-29,2025-07-02,Completed,Medium
TSK-268-05,EMP268,2025-06-11,2025-06-23,2025-06-26,Completed,Medium
TSK-268-06,EMP268,2025-04-03,2025-04-13,2025-04-18,Completed,Medium
TSK-268-07,EMP268,2025-01-10,2025-01-23,2025-01-22,Completed,Medium
TSK-268-08,EMP268,2025-09-05,2025-09-17,2025-09-17,Completed,Medium
TSK-268-09,EMP268,2025-12-13,2025-12-22,2025-12-21,Completed,High
TSK-268-10,EMP268,2025-05-28,2025-06-08,,Not Started,Medium
TSK-269-01,EMP269,2025-07-07,2025-07-12,,Not Started,High
TSK-269-02,EMP269,2025-10-05,2025-10-13,2025-10-15,Completed,Medium
TSK-269-03,EMP269,2025-05-20,2025-05-28,2025-06-02,Completed,Medium
TSK-269-04,EMP269,2025-02-01,2025-02-07,,Not Started,Medium
TSK-269-05,EMP269,2025-01-18,2025-01-23,2025-01-19,Completed,Low
TSK-269-06,EMP269,2025-09-09,2025-09-16,2025-09-18,Completed,Medium
TSK-269-07,EMP269,2025-03-20,2025-03-26,2025-03-25,Completed,Medium
TSK-269-08,EMP269,2025-10-14,2025-10-20,2025-10-21,Completed,Low
TSK-269-09,EMP269,2025-06-10,2025-06-13,2025-06-10,Completed,Medium
TSK-269-10,EMP269,2025-05-21,2025-05-28,2025-06-01,Completed,Medium
TSK-270-01,EMP270,2025-04-18,2025-04-22,,In Progress,Low
TSK-270-02,EMP270,2025-04-15,2025-04-22,2025-04-26,Completed,Low
TSK-270-03,EMP270,2025-12-09,2025-12-13,2025-12-11,Completed,High
TSK-270-04,EMP270,2025-12-11,2025-12-15,2025-12-15,Completed,Low
TSK-270-05,EMP270,2025-06-09,2025-06-14,2025-06-12,Completed,High
TSK-270-06,EMP270,2025-04-15,2025-04-28,2025-05-04,Completed,Medium
TSK-270-07,EMP270,2025-04-09,2025-04-22,2025-04-24,Completed,Medium
TSK-270-08,EMP270,2025-01-21,2025-02-03,2025-02-09,Completed,Low
TSK-270-09,EMP270,2025-03-12,2025-03-20,2025-03-20,Completed,Low
TSK-270-10,EMP270,2025-08-18,2025-08-22,2025-08-21,Completed,High
TSK-271-01,EMP271,2025-04-07,2025-04-10,2025-04-12,Completed,High
TSK-271-02,EMP271,2025-12-11,2025-12-17,,In Progress,Low
TSK-271-03,EMP271,2025-09-17,2025-09-24,2025-09-26,Completed,Low
TSK-271-04,EMP271,2025-04-26,2025-05-04,2025-05-01,Completed,Medium
TSK-271-05,EMP271,2025-09-01,2025-09-12,2025-09-10,Completed,Medium
TSK-271-06,EMP271,2025-03-25,2025-04-04,2025-04-05,Completed,Medium
TSK-271-07,EMP271,2025-04-26,2025-05-09,2025-05-15,Completed,Medium
TSK-271-08,EMP271,2025-02-21,2025-02-27,2025-03-01,Completed,Low
TSK-271-09,EMP271,2025-08-14,2025-08-27,2025-08-27,Completed,High
TSK-271-10,EMP271,2025-04-09,2025-04-17,2025-04-20,Completed,High
TSK-272-01,EMP272,2025-08-29,2025-09-11,,In Progress,Medium
TSK-272-02,EMP272,2025-05-10,2025-05-18,2025-05-20,Completed,High
TSK-272-03,EMP272,2025-12-07,2025-12-21,2025-12-17,Completed,Low
TSK-272-04,EMP272,2025-09-16,2025-09-26,2025-09-27,Completed,Low
TSK-272-05,EMP272,2025-08-20,2025-08-31,2025-09-03,Completed,High
TSK-272-06,EMP272,2025-08-05,2025-08-10,2025-08-13,Completed,Low
TSK-272-07,EMP272,2025-02-19,2025-02-25,2025-02-28,Completed,High
TSK-272-08,EMP272,2025-04-30,2025-05-03,2025-05-04,Completed,Low
TSK-272-09,EMP272,2025-11-18,2025-11-23,2025-11-20,Completed,High
TSK-272-10,EMP272,2025-10-17,2025-10-27,2025-10-26,Completed,Medium
TSK-273-01,EMP273,2025-12-09,2025-12-23,2025-12-22,Completed,High
TSK-273-02,EMP273,2025-07-17,2025-07-30,2025-08-03,Completed,High
TSK-273-03,EMP273,2025-09-23,2025-09-29,2025-10-05,Completed,Low
TSK-273-04,EMP273,2025-01-10,2025-01-18,2025-01-18,Completed,Low
TSK-273-05,EMP273,2025-09-09,2025-09-16,2025-09-21,Completed,Low
TSK-273-06,EMP273,2025-03-22,2025-03-27,2025-03-30,Completed,High
TSK-273-07,EMP273,2025-05-06,2025-05-14,2025-05-15,Completed,Medium
TSK-273-08,EMP273,2025-05-20,2025-06-01,2025-05-31,Completed,Low
TSK-273-09,EMP273,2025-01-11,2025-01-21,2025-01-24,Completed,Low
TSK-273-10,EMP273,2025-02-10,2025-02-22,2025-02-20,Completed,High
TSK-274-01,EMP274,2025-03-01,2025-03-07,2025-03-06,Completed,High
TSK-274-02,EMP274,2025-03-21,2025-03-25,2025-03-27,Completed,Medium
TSK-274-03,EMP274,2025-05-17,2025-05-20,,Not Started,High
TSK-274-04,EMP274,2025-05-24,2025-05-30,2025-06-01,Completed,Low
TSK-274-05,EMP274,2025-09-06,2025-09-11,,In Progress,Low
TSK-274-06,EMP274,2025-02-15,2025-02-23,2025-02-27,Completed,High
TSK-274-07,EMP274,2025-03-14,2025-03-27,2025-03-28,Completed,Medium
TSK-274-08,EMP274,2025-08-10,2025-08-14,2025-08-10,Completed,Medium
TSK-274-09,EMP274,2025-06-08,2025-06-17,2025-06-15,Completed,High
TSK-274-10,EMP274,2025-09-22,2025-10-05,2025-10-01,Completed,Medium
TSK-275-01,EMP275,2025-09-28,2025-10-10,2025-10-09,Completed,Low
TSK-275-02,EMP275,2025-03-24,2025-03-31,2025-03-27,Completed,Low
TSK-275-03,EMP275,2025-02-07,2025-02-11,2025-02-08,Completed,Low
TSK-275-04,EMP275,2025-02-09,2025-02-14,2025-02-17,Completed,Low
TSK-275-05,EMP275,2025-07-11,2025-07-18,2025-07-24,Completed,High
TSK-275-06,EMP275,2025-06-26,2025-06-29,,In Progress,High
TSK-275-07,EMP275,2025-03-07,2025-03-13,2025-03-12,Completed,Low
TSK-275-08,EMP275,2025-11-06,2025-11-16,2025-11-13,Completed,Low
TSK-275-09,EMP275,2025-02-12,2025-02-23,,Not Started,Low
TSK-275-10,EMP275,2025-11-28,2025-12-03,2025-12-04,Completed,Medium
TSK-276-01,EMP276,2025-07-07,2025-07-15,,Not Started,Low
TSK-276-02,EMP276,2025-02-21,2025-03-04,2025-03-01,Completed,Low
TSK-276-03,EMP276,2025-08-03,2025-08-14,,In Progress,Medium
TSK-276-04,EMP276,2025-05-22,2025-05-28,2025-05-26,Completed,Medium
TSK-276-05,EMP276,2025-04-25,2025-04-28,2025-04-27,Completed,High
TSK-276-06,EMP276,2025-01-26,2025-02-03,,In Progress,Medium
TSK-276-07,EMP276,2025-07-15,2025-07-29,2025-08-04,Completed,Low
TSK-276-08,EMP276,2025-03-04,2025-03-10,,In Progress,High
TSK-276-09,EMP276,2025-11-29,2025-12-11,,In Progress,High
TSK-276-10,EMP276,2025-04-18,2025-04-26,2025-04-26,Completed,High
TSK-277-01,EMP277,2025-03-05,2025-03-15,,In Progress,Low
TSK-277-02,EMP277,2025-04-08,2025-04-11,,Not Started,Low
TSK-277-03,EMP277,2025-12-17,2025-12-26,2025-12-23,Completed,Low
TSK-277-04,EMP277,2025-11-24,2025-11-27,2025-12-03,Completed,High
TSK-277-05,EMP277,2025-11-25,2025-12-02,2025-12-08,Completed,Low
TSK-277-06,EMP277,2025-07-15,2025-07-21,2025-07-25,Completed,High
TSK-277-07,EMP277,2025-11-25,2025-12-09,2025-12-08,Completed,Medium
TSK-277-08,EMP277,2025-11-28,2025-12-02,2025-12-03,Completed,Low
TSK-277-09,EMP277,2025-07-06,2025-07-11,2025-07-07,Completed,High
TSK-277-10,EMP277,2025-02-12,2025-02-18,2025-02-22,Completed,Low
TSK-278-01,EMP278,2025-05-18,2025-05-23,2025-05-25,Completed,High
TSK-278-02,EMP278,2025-09-07,2025-09-21,2025-09-19,Completed,Low
TSK-278-03,EMP278,2025-02-27,2025-03-03,2025-03-07,Completed,High
TSK-278-04,EMP278,2025-02-20,2025-03-02,2025-02-28,Completed,Low
TSK-278-05,EMP278,2025-06-30,2025-07-11,2025-07-07,Completed,High
TSK-278-06,EMP278,2025-10-01,2025-10-07,2025-10-13,Completed,High
TSK-278-07,EMP278,2025-09-26,2025-10-03,2025-09-30,Completed,Low
TSK-278-08,EMP278,2025-10-20,2025-10-26,2025-10-22,Completed,High
TSK-278-09,EMP278,2025-11-20,2025-11-25,2025-11-26,Completed,High
TSK-278-10,EMP278,2025-01-09,2025-01-15,2025-01-16,Completed,Low
TSK-279-01,EMP279,2025-05-07,2025-05-14,2025-05-13,Completed,Low
TSK-279-02,EMP279,2025-01-16,2025-01-22,2025-01-25,Completed,Medium
TSK-279-03,EMP279,2025-11-02,2025-11-11,2025-11-17,Completed,Low
TSK-279-04,EMP279,2025-05-03,2025-05-17,2025-05-23,Completed,Low
TSK-279-05,EMP279,2025-04-21,2025-05-03,2025-05-06,Completed,High
TSK-279-06,EMP279,2025-06-28,2025-07-02,2025-06-28,Completed,High
TSK-279-07,EMP279,2025-09-29,2025-10-05,2025-10-08,Completed,High
TSK-279-08,EMP279,2025-04-29,2025-05-05,2025-05-08,Completed,Medium
TSK-279-09,EMP279,2025-02-11,2025-02-16,2025-02-19,Completed,Low
TSK-279-10,EMP279,2025-11-24,2025-12-04,2025-12-01,Completed,Low
TSK-280-01,EMP280,2025-02-07,2025-02-15,,In Progress,High
TSK-280-02,EMP280,2025-05-17,2025-05-23,,In Progress,High
TSK-280-03,EMP280,2025-04-12,2025-04-24,2025-04-29,Completed,Medium
TSK-280-04,EMP280,2025-02-10,2025-02-18,2025-02-23,Completed,Medium
TSK-280-05,EMP280,2025-08-06,2025-08-14,,In Progress,Low
TSK-280-06,EMP280,2025-07-11,2025-07-19,2025-07-16,Completed,High
TSK-280-07,EMP280,2025-07-08,2025-07-21,2025-07-24,Completed,High
TSK-280-08,EMP280,2025-12-04,2025-12-14,2025-12-19,Completed,Medium
TSK-280-09,EMP280,2025-08-17,2025-08-26,2025-08-25,Completed,Medium
TSK-280-10,EMP280,2025-03-12,2025-03-24,2025-03-21,Completed,Medium
TSK-281-01,EMP281,2025-12-04,2025-12-08,2025-12-04,Completed,High
TSK-281-02,EMP281,2025-07-10,2025-07-21,2025-07-20,Completed,High
TSK-281-03,EMP281,2025-11-25,2025-11-29,2025-12-02,Completed,Low
TSK-281-04,EMP281,2025-03-08,2025-03-17,2025-03-16,Completed,Medium
TSK-281-05,EMP281,2025-05-07,2025-05-20,2025-05-21,Completed,Medium
TSK-281-06,EMP281,2025-05-05,2025-05-17,2025-05-16,Completed,High
TSK-281-07,EMP281,2025-07-21,2025-07-26,2025-07-26,Completed,Medium
TSK-281-08,EMP281,2025-06-17,2025-07-01,2025-07-01,Completed,High
TSK-281-09,EMP281,2025-04-24,2025-05-07,2025-05-04,Completed,High
TSK-281-10,EMP281,2025-07-16,2025-07-21,2025-07-18,Completed,High
TSK-282-01,EMP282,2025-03-10,2025-03-19,2025-03-25,Completed,High
TSK-282-02,EMP282,2025-02-07,2025-02-11,2025-02-09,Completed,Low
TSK-282-03,EMP282,2025-02-07,2025-02-16,2025-02-14,Completed,Medium
TSK-282-04,EMP282,2025-03-07,2025-03-18,2025-03-19,Completed,High
TSK-282-05,EMP282,2025-04-05,2025-04-15,2025-04-18,Completed,Low
TSK-282-06,EMP282,2025-07-14,2025-07-27,2025-07-27,Completed,Low
TSK-282-07,EMP282,2025-06-28,2025-07-01,2025-07-07,Completed,Low
TSK-282-08,EMP282,2025-04-25,2025-05-07,2025-05-05,Completed,Low
TSK-282-09,EMP282,2025-10-01,2025-10-06,2025-10-07,Completed,High
TSK-282-10,EMP282,2025-04-24,2025-05-01,2025-05-03,Completed,Medium
TSK-283-01,EMP283,2025-02-23,2025-03-02,2025-03-06,Completed,High
TSK-283-02,EMP283,2025-09-10,2025-09-17,2025-09-18,Completed,Low
TSK-283-03,EMP283,2025-07-03,2025-07-15,2025-07-21,Completed,Low
TSK-283-04,EMP283,2025-09-03,2025-09-09,2025-09-05,Completed,Low
TSK-283-05,EMP283,2025-07-24,2025-08-03,2025-08-06,Completed,Medium
TSK-283-06,EMP283,2025-10-08,2025-10-19,2025-10-16,Completed,High
TSK-283-07,EMP283,2025-02-26,2025-03-08,2025-03-10,Completed,Medium
TSK-283-08,EMP283,2025-02-11,2025-02-23,2025-02-21,Completed,Medium
TSK-283-09,EMP283,2025-03-20,2025-04-01,,Not Started,Medium
TSK-283-10,EMP283,2025-11-28,2025-12-05,,In Progress,Low
TSK-284-01,EMP284,2025-11-11,2025-11-17,2025-11-23,Completed,Low
TSK-284-02,EMP284,2025-06-30,2025-07-06,2025-07-10,Completed,High
TSK-284-03,EMP284,2025-06-02,2025-06-11,2025-06-07,Completed,Low
TSK-284-04,EMP284,2025-04-13,2025-04-25,2025-04-22,Completed,Medium
TSK-284-05,EMP284,2025-03-28,2025-04-06,2025-04-12,Completed,Low
TSK-284-06,EMP284,2025-12-16,2025-12-27,2025-12-27,Completed,Medium
TSK-284-07,EMP284,2025-05-23,2025-05-29,2025-05-27,Completed,Low
TSK-284-08,EMP284,2025-05-18,2025-05-31,,In Progress,High
TSK-284-09,EMP284,2025-12-03,2025-12-11,2025-12-10,Completed,High
TSK-284-10,EMP284,2025-01-02,2025-01-11,2025-01-15,Completed,Medium
TSK-285-01,EMP285,2025-04-05,2025-04-18,2025-04-22,Completed,High
TSK-285-02,EMP285,2025-01-19,2025-01-30,2025-02-05,Completed,Low
TSK-285-03,EMP285,2025-08-12,2025-08-19,,In Progress,Low
TSK-285-04,EMP285,2025-08-20,2025-08-24,2025-08-30,Completed,Medium
TSK-285-05,EMP285,2025-01-15,2025-01-21,2025-01-26,Completed,Medium
TSK-285-06,EMP285,2025-09-30,2025-10-13,,In Progress,High
TSK-285-07,EMP285,2025-05-19,2025-06-02,2025-06-01,Completed,Medium
TSK-285-08,EMP285,2025-05-12,2025-05-16,2025-05-20,Completed,Low
TSK-285-09,EMP285,2025-10-02,2025-10-12,2025-10-09,Completed,Medium
TSK-285-10,EMP285,2025-07-23,2025-08-03,2025-08-04,Completed,Low
TSK-286-01,EMP286,2025-10-04,2025-10-10,,In Progress,High
TSK-286-02,EMP286,2025-03-12,2025-03-26,2025-03-24,Completed,High
TSK-286-03,EMP286,2025-10-14,2025-10-17,2025-10-15,Completed,High
TSK-286-04,EMP286,2025-03-25,2025-04-07,,In Progress,Low
TSK-286-05,EMP286,2025-11-08,2025-11-14,2025-11-15,Completed,Low
TSK-286-06,EMP286,2025-07-06,2025-07-15,2025-07-14,Completed,Medium
TSK-286-07,EMP286,2025-09-10,2025-09-20,2025-09-20,Completed,Low
TSK-286-08,EMP286,2025-03-01,2025-03-09,2025-03-11,Completed,Medium
TSK-286-09,EMP286,2025-01-06,2025-01-18,2025-01-15,Completed,Low
TSK-286-10,EMP286,2025-07-09,2025-07-18,2025-07-18,Completed,Medium
TSK-287-01,EMP287,2025-02-25,2025-03-10,2025-03-14,Completed,Low
TSK-287-02,EMP287,2025-06-29,2025-07-12,2025-07-16,Completed,High
TSK-287-03,EMP287,2025-06-12,2025-06-19,2025-06-25,Completed,Medium
TSK-287-04,EMP287,2025-12-04,2025-12-18,2025-12-14,Completed,Medium
TSK-287-05,EMP287,2025-11-09,2025-11-20,2025-11-26,Completed,Medium
TSK-287-06,EMP287,2025-11-20,2025-11-23,2025-11-25,Completed,Medium
TSK-287-07,EMP287,2025-09-03,2025-09-13,2025-09-12,Completed,Medium
TSK-287-08,EMP287,2025-03-13,2025-03-19,2025-03-23,Completed,High
TSK-287-09,EMP287,2025-02-27,2025-03-08,2025-03-14,Completed,High
TSK-287-10,EMP287,2025-03-18,2025-03-27,2025-03-27,Completed,Medium
TSK-288-01,EMP288,2025-02-21,2025-03-01,2025-03-07,Completed,Medium
TSK-288-02,EMP288,2025-06-06,2025-06-16,2025-06-19,Completed,High
TSK-288-03,EMP288,2025-01-03,2025-01-06,2025-01-08,Completed,High
TSK-288-04,EMP288,2025-10-06,2025-10-18,,In Progress,High
TSK-288-05,EMP288,2025-06-28,2025-07-04,2025-07-04,Completed,Low
TSK-288-06,EMP288,2025-04-30,2025-05-05,2025-05-07,Completed,Medium
TSK-288-07,EMP288,2025-01-09,2025-01-16,2025-01-21,Completed,Medium
TSK-288-08,EMP288,2025-07-24,2025-07-29,2025-07-28,Completed,Low
TSK-288-09,EMP288,2025-07-27,2025-08-09,2025-08-06,Completed,High
TSK-288-10,EMP288,2025-03-14,2025-03-21,2025-03-21,Completed,Low
TSK-289-01,EMP289,2025-12-06,2025-12-18,2025-12-24,Completed,High
TSK-289-02,EMP289,2025-08-18,2025-08-27,2025-08-27,Completed,Low
TSK-289-03,EMP289,2025-02-09,2025-02-14,2025-02-13,Completed,Medium
TSK-289-04,EMP289,2025-05-26,2025-05-30,2025-06-04,Completed,High
TSK-289-05,EMP289,2025-03-24,2025-03-29,,In Progress,High
TSK-289-06,EMP289,2025-07-31,2025-08-06,2025-08-12,Completed,Medium
TSK-289-07,EMP289,2025-05-21,2025-05-26,2025-05-23,Completed,Low
TSK-289-08,EMP289,2025-04-14,2025-04-28,,In Progress,Medium
TSK-289-09,EMP289,2025-12-12,2025-12-24,,Not Started,Low
TSK-289-10,EMP289,2025-03-28,2025-04-08,2025-04-13,Completed,High
TSK-290-01,EMP290,2025-08-03,2025-08-17,2025-08-20,Completed,Low
TSK-290-02,EMP290,2025-01-16,2025-01-29,2025-02-01,Completed,Medium
TSK-290-03,EMP290,2025-02-10,2025-02-13,2025-02-18,Completed,High
TSK-290-04,EMP290,2025-10-19,2025-10-26,2025-10-27,Completed,High
TSK-290-05,EMP290,2025-02-16,2025-03-01,2025-03-05,Completed,Low
TSK-290-06,EMP290,2025-01-11,2025-01-18,2025-01-24,Completed,Medium
TSK-290-07,EMP290,2025-11-06,2025-11-14,2025-11-16,Completed,Medium
TSK-290-08,EMP290,2025-12-12,2025-12-16,2025-12-21,Completed,Medium
TSK-290-09,EMP290,2025-03-01,2025-03-11,2025-03-08,Completed,High
TSK-290-10,EMP290,2025-02-19,2025-02-23,2025-03-01,Completed,High
TSK-291-01,EMP291,2025-08-03,2025-08-07,2025-08-07,Completed,Low
TSK-291-02,EMP291,2025-10-05,2025-10-16,2025-10-19,Completed,Medium
TSK-291-03,EMP291,2025-01-13,2025-01-26,2025-01-27,Completed,High
TSK-291-04,EMP291,2025-01-19,2025-01-22,2025-01-19,Completed,Medium
TSK-291-05,EMP291,2025-03-31,2025-04-08,2025-04-10,Completed,Medium
TSK-291-06,EMP291,2025-06-28,2025-07-04,2025-07-08,Completed,High
TSK-291-07,EMP291,2025-11-08,2025-11-17,2025-11-14,Completed,Medium
TSK-291-08,EMP291,2025-08-14,2025-08-17,2025-08-13,Completed,Medium
TSK-291-09,EMP291,2025-03-07,2025-03-19,2025-03-20,Completed,Low
TSK-291-10,EMP291,2025-08-01,2025-08-05,2025-08-02,Completed,High
TSK-292-01,EMP292,2025-05-01,2025-05-07,2025-05-08,Completed,High
TSK-292-02,EMP292,2025-01-13,2025-01-20,,Not Started,High
TSK-292-03,EMP292,2025-11-30,2025-12-09,2025-12-14,Completed,High
TSK-292-04,EMP292,2025-03-29,2025-04-09,2025-04-08,Completed,Medium
TSK-292-05,EMP292,2025-09-24,2025-10-04,2025-10-10,Completed,Low
TSK-292-06,EMP292,2025-02-18,2025-03-04,2025-03-07,Completed,High
TSK-292-07,EMP292,2025-09-01,2025-09-07,2025-09-10,Completed,Low
TSK-292-08,EMP292,2025-02-25,2025-03-08,2025-03-10,Completed,High
TSK-292-09,EMP292,2025-04-07,2025-04-16,2025-04-16,Completed,Medium
TSK-292-10,EMP292,2025-05-19,2025-06-02,2025-06-01,Completed,High
TSK-293-01,EMP293,2025-08-12,2025-08-21,,In Progress,Medium
TSK-293-02,EMP293,2025-04-16,2025-04-22,2025-04-20,Completed,High
TSK-293-03,EMP293,2025-01-01,2025-01-12,,Not Started,Low
TSK-293-04,EMP293,2025-08-04,2025-08-07,2025-08-11,Completed,Low
TSK-293-05,EMP293,2025-08-30,2025-09-12,,In Progress,High
TSK-293-06,EMP293,2025-07-24,2025-08-01,2025-07-28,Completed,Low
TSK-293-07,EMP293,2025-04-23,2025-04-26,2025-04-22,Completed,Low
TSK-293-08,EMP293,2025-03-02,2025-03-05,2025-03-06,Completed,High
TSK-293-09,EMP293,2025-01-17,2025-01-26,2025-01-24,Completed,Medium
TSK-293-10,EMP293,2025-07-30,2025-08-07,,In Progress,Low
TSK-294-01,EMP294,2025-11-12,2025-11-22,2025-11-27,Completed,High
TSK-294-02,EMP294,2025-04-08,2025-04-11,2025-04-07,Completed,High
TSK-294-03,EMP294,2025-05-03,2025-05-09,2025-05-11,Completed,High
TSK-294-04,EMP294,2025-09-16,2025-09-21,2025-09-24,Completed,Medium
TSK-294-05,EMP294,2025-10-16,2025-10-29,2025-11-04,Completed,Low
TSK-294-06,EMP294,2025-01-03,2025-01-16,2025-01-13,Completed,High
TSK-294-07,EMP294,2025-05-12,2025-05-25,,In Progress,Low
TSK-294-08,EMP294,2025-10-18,2025-10-27,2025-11-02,Completed,High
TSK-294-09,EMP294,2025-06-13,2025-06-20,2025-06-24,Completed,High
TSK-294-10,EMP294,2025-06-12,2025-06-26,2025-07-02,Completed,High
TSK-295-01,EMP295,2025-12-08,2025-12-14,,In Progress,High
TSK-295-02,EMP295,2025-12-06,2025-12-18,2025-12-23,Completed,Low
TSK-295-03,EMP295,2025-10-21,2025-10-28,2025-11-03,Completed,High
TSK-295-04,EMP295,2025-09-14,2025-09-24,,Not Started,Low
TSK-295-05,EMP295,2025-04-21,2025-04-27,,Not Started,Medium
TSK-295-06,EMP295,2025-10-25,2025-11-06,2025-11-04,Completed,High
TSK-295-07,EMP295,2025-03-07,2025-03-10,2025-03-13,Completed,Medium
TSK-295-08,EMP295,2025-01-07,2025-01-15,2025-01-20,Completed,High
TSK-295-09,EMP295,2025-01-05,2025-01-15,2025-01-20,Completed,Medium
TSK-295-10,EMP295,2025-02-18,2025-02-24,2025-03-02,Completed,Medium
TSK-296-01,EMP296,2025-12-10,2025-12-20,,In Progress,Medium
TSK-296-02,EMP296,2025-07-23,2025-08-06,2025-08-04,Completed,High
TSK-296-03,EMP296,2025-08-09,2025-08-16,2025-08-22,Completed,Low
TSK-296-04,EMP296,2025-09-04,2025-09-18,,In Progress,Medium
TSK-296-05,EMP296,2025-12-06,2025-12-10,2025-12-08,Completed,Medium
TSK-296-06,EMP296,2025-05-05,2025-05-12,2025-05-13,Completed,Medium
TSK-296-07,EMP296,2025-08-30,2025-09-10,2025-09-07,Completed,Medium
TSK-296-08,EMP296,2025-04-23,2025-05-06,2025-05-03,Completed,Low
TSK-296-09,EMP296,2025-09-22,2025-09-26,2025-10-02,Completed,Medium
TSK-296-10,EMP296,2025-05-04,2025-05-10,2025-05-08,Completed,High
TSK-297-01,EMP297,2025-08-12,2025-08-21,,In Progress,Medium
TSK-297-02,EMP297,2025-08-13,2025-08-19,2025-08-22,Completed,Medium
TSK-297-03,EMP297,2025-08-05,2025-08-11,2025-08-11,Completed,High
TSK-297-04,EMP297,2025-12-12,2025-12-16,,In Progress,High
TSK-297-05,EMP297,2025-06-09,2025-06-17,2025-06-17,Completed,Medium
TSK-297-06,EMP297,2025-02-10,2025-02-22,,Not Started,Medium
TSK-297-07,EMP297,2025-07-27,2025-08-06,,In Progress,High
TSK-297-08,EMP297,2025-02-06,2025-02-12,,In Progress,Low
TSK-297-09,EMP297,2025-02-04,2025-02-15,2025-02-18,Completed,Low
TSK-297-10,EMP297,2025-02-17,2025-03-01,,Not Started,High
TSK-298-01,EMP298,2025-08-15,2025-08-28,2025-08-26,Completed,High
TSK-298-02,EMP298,2025-03-30,2025-04-04,2025-04-07,Completed,Medium
TSK-298-03,EMP298,2025-05-30,2025-06-10,2025-06-16,Completed,Medium
TSK-298-04,EMP298,2025-10-12,2025-10-26,2025-10-27,Completed,Low
TSK-298-05,EMP298,2025-10-22,2025-11-05,2025-11-05,Completed,High
TSK-298-06,EMP298,2025-08-05,2025-08-19,2025-08-21,Completed,High
TSK-298-07,EMP298,2025-11-16,2025-11-22,2025-11-26,Completed,Medium
TSK-298-08,EMP298,2025-08-27,2025-08-30,2025-08-31,Completed,Medium
TSK-298-09,EMP298,2025-08-31,2025-09-07,2025-09-12,Completed,Low
TSK-298-10,EMP298,2025-08-19,2025-08-28,,Not Started,High
TSK-299-01,EMP299,2025-01-01,2025-01-15,2025-01-11,Completed,Low
TSK-299-02,EMP299,2025-08-16,2025-08-25,2025-08-23,Completed,Low
TSK-299-03,EMP299,2025-03-06,2025-03-13,,In Progress,Medium
TSK-299-04,EMP299,2025-07-05,2025-07-10,2025-07-13,Completed,Low
TSK-299-05,EMP299,2025-06-16,2025-06-28,2025-06-24,Completed,High
TSK-299-06,EMP299,2025-03-04,2025-03-18,2025-03-19,Completed,Low
TSK-299-07,EMP299,2025-09-27,2025-10-02,2025-09-29,Completed,Low
TSK-299-08,EMP299,2025-06-05,2025-06-13,2025-06-19,Completed,Low
TSK-299-09,EMP299,2025-09-26,2025-10-03,,Not Started,Medium
TSK-299-10,EMP299,2025-05-02,2025-05-13,2025-05-13,Completed,Low
TSK-300-01,EMP300,2025-11-04,2025-11-13,2025-11-13,Completed,Medium
TSK-300-02,EMP300,2025-05-23,2025-05-31,,In Progress,Medium
TSK-300-03,EMP300,2025-09-20,2025-10-02,2025-10-06,Completed,High
TSK-300-04,EMP300,2025-02-05,2025-02-11,,Not Started,High
TSK-300-05,EMP300,2025-04-22,2025-04-26,2025-04-26,Completed,Low
TSK-300-06,EMP300,2025-03-10,2025-03-21,,In Progress,Low
TSK-300-07,EMP300,2025-10-29,2025-11-01,2025-11-06,Completed,High
TSK-300-08,EMP300,2025-04-02,2025-04-06,2025-04-03,Completed,Low
TSK-300-09,EMP300,2025-04-07,2025-04-19,2025-04-17,Completed,Low
TSK-300-10,EMP300,2025-07-26,2025-08-05,2025-08-09,Completed,Low
